[Licensing::Module] Trying to connect to existing licensing client channel...
[Licensing::IpcConnector] Successfully connected to: "LicenseClient-ryand" at "2026-04-21T12:54:30.8315884Z"
Built from '6000.3/staging' branch; Version is '6000.3.2f1 (a9779f353c9b) revision 11106207'; Using compiler version '194234433'; Build Type 'Release'
OS: 'Windows 11  (10.0.26200) 64bit Professional' Language: 'en' Physical Memory: 32581 MB
BatchMode: 1, IsHumanControllingUs: 0, StartBugReporterOnCrash: 0, Is64bit: 1
Date: 2026-04-21T12:54:30Z

COMMAND LINE ARGUMENTS:
C:\Program Files\Unity\Hub\Editor\6000.3.2f1\Editor\Unity.exe
-batchmode
-nographics
-projectPath
D:/Projects/MindAttic/GridGame2026
-executeMethod
CliEntryPoints.CheckAllGuardrails
-quit
-logFile
D:/Projects/MindAttic/GridGame2026/guardrails.log
Successfully changed project path to: D:/Projects/MindAttic/GridGame2026
D:/Projects/MindAttic/GridGame2026
[UnityMemory] Configuration Parameters - Can be set up in boot.config
    "memorysetup-temp-allocator-size-nav-mesh-worker=65536"
    "memorysetup-temp-allocator-size-audio-worker=65536"
    "memorysetup-temp-allocator-size-gfx=262144"
    "memorysetup-allocator-temp-initial-block-size-main=262144"
    "memorysetup-allocator-temp-initial-block-size-worker=262144"
    "memorysetup-temp-allocator-size-background-worker=32768"
    "memorysetup-temp-allocator-size-job-worker=262144"
    "memorysetup-temp-allocator-size-preload-manager=33554432"
    "memorysetup-temp-allocator-size-gi-baking-worker=262144"
    "memorysetup-temp-allocator-size-gi-baking-worker=262144"
    "memorysetup-temp-allocator-size-gi-baking-worker=262144"
    "memorysetup-temp-allocator-size-gi-baking-worker=262144"
    "memorysetup-temp-allocator-size-gi-baking-worker=262144"
    "memorysetup-bucket-allocator-granularity=16"
    "memorysetup-bucket-allocator-bucket-count=8"
    "memorysetup-bucket-allocator-block-size=33554432"
    "memorysetup-bucket-allocator-block-count=8"
    "memorysetup-main-allocator-block-size=16777216"
    "memorysetup-thread-allocator-block-size=16777216"
    "memorysetup-gfx-main-allocator-block-size=16777216"
    "memorysetup-gfx-thread-allocator-block-size=16777216"
    "memorysetup-cache-allocator-block-size=4194304"
    "memorysetup-typetree-allocator-block-size=2097152"
    "memorysetup-profiler-bucket-allocator-granularity=16"
    "memorysetup-profiler-bucket-allocator-bucket-count=8"
    "memorysetup-profiler-bucket-allocator-block-size=33554432"
    "memorysetup-profiler-bucket-allocator-block-count=8"
    "memorysetup-profiler-allocator-block-size=16777216"
    "memorysetup-profiler-editor-allocator-block-size=1048576"
    "memorysetup-temp-allocator-size-main=16777216"
    "memorysetup-job-temp-allocator-block-size=2097152"
    "memorysetup-job-temp-allocator-block-size-background=1048576"
    "memorysetup-job-temp-allocator-reduction-small-platforms=262144"
    "memorysetup-temp-allocator-size-cloud-worker=32768"
Player connection [68280]  Target information:

Player connection [68280]  * "[IP] 100.72.14.170 [Port] 55504 [Flags] 2 [Guid] 2228071783 [EditorId] 2228071783 [Version] 1048832 [Id] WindowsEditor(7,SnowCrash) [Debug] 1 [PackageName] WindowsEditor [ProjectName] Editor" 

Player connection [68280]  * "[IP] 192.168.64.1 [Port] 55504 [Flags] 2 [Guid] 2228071783 [EditorId] 2228071783 [Version] 1048832 [Id] WindowsEditor(7,SnowCrash) [Debug] 1 [PackageName] WindowsEditor [ProjectName] Editor" 

Player connection [68280]  * "[IP] 192.168.163.1 [Port] 55504 [Flags] 2 [Guid] 2228071783 [EditorId] 2228071783 [Version] 1048832 [Id] WindowsEditor(7,SnowCrash) [Debug] 1 [PackageName] WindowsEditor [ProjectName] Editor" 

Player connection [68280]  * "[IP] 192.168.114.1 [Port] 55504 [Flags] 2 [Guid] 2228071783 [EditorId] 2228071783 [Version] 1048832 [Id] WindowsEditor(7,SnowCrash) [Debug] 1 [PackageName] WindowsEditor [ProjectName] Editor" 

Player connection [68280]  * "[IP] 172.29.0.1 [Port] 55504 [Flags] 2 [Guid] 2228071783 [EditorId] 2228071783 [Version] 1048832 [Id] WindowsEditor(7,SnowCrash) [Debug] 1 [PackageName] WindowsEditor [ProjectName] Editor" 

Player connection [68280] Host joined multi-casting on [225.0.0.222:54997]...
Player connection [68280] Host joined alternative multi-casting on [225.0.0.222:34997]...
Input System module state changed to: Initialized.
[Physics::Module] Initialized fallback backend.
[Physics::Module] Id: 0xdecafbad
[Package Manager] Connected to IPC stream "Upm-74216" after 0.2 seconds.
[Licensing::Module] Licensing is not yet initialized.
[Licensing::Client] Handshaking with LicensingClient:
  Version:                 1.17.4+4293ba1
  Session Id:              9999cdc6bc1d41d8bccc243d1e435361
  Correlation Id:          7d51233190bbde8d68e208b4b0cd0439
  External correlation Id: 6164366486152618957
  Machine Id:              0vm6P9ssk9l6UZYbqgZwlyDmsNg=
[Licensing::Module] Successfully connected to LicensingClient on channel: "LicenseClient-ryand" (connect: 0.00s, validation: 0.00s, handshake: 0.83s)
[Licensing::IpcConnector] Successfully connected to: "LicenseClient-ryand-notifications" at "2026-04-21T12:54:31.6676826Z"
[Licensing::Module] Error: Access token is unavailable; failed to update
[Licensing::Client] Successfully resolved entitlement details
[Licensing::Module] License group:
  Id: F4-KZKA-CU54-F7AD-HFFX-XXXX
  Product: Unity Personal
  Type: ULF
  Expiration: Unlimited
[Licensing::Module] License group:
  Id: 3314803-UnityPersXXXX
  Product: Unity Personal
  Type: Assigned
  Expiration: Unlimited
[Licensing::Client] Successfully updated license, isAsync: True, time: 0.00
[Licensing::Client] Successfully resolved entitlement details
[Licensing::Module] License group:
  Id: F4-KZKA-CU54-F7AD-HFFX-XXXX
  Product: Unity Personal
  Type: ULF
  Expiration: Unlimited
[Licensing::Module] License group:
  Id: 3314803-UnityPersXXXX
  Product: Unity Personal
  Type: Assigned
  Expiration: Unlimited
[Licensing::Module] Licensing Background thread has ended after 0.84s
[Licensing::Module] Licensing is initialized (took 0.25s).
[Licensing::Client] Successfully resolved entitlement details
[Licensing::Module] License group:
  Id: F4-KZKA-CU54-F7AD-HFFX-XXXX
  Product: Unity Personal
  Type: ULF
  Expiration: Unlimited
[Licensing::Module] License group:
  Id: 3314803-UnityPersXXXX
  Product: Unity Personal
  Type: Assigned
  Expiration: Unlimited
Library Redirect Path: Library/
[Physics::Module] Selected backend.
[Physics::Module] Name: PhysX
[Physics::Module] Id: 0xf2b8ea05
[Physics::Module] SDK Version: 4.1.2
[Physics::Module] Integration Version: 1.0.0
[Physics::Module] Threading Mode: Multi-Threaded
Refreshing native plugins compatible for Editor in 1.34 ms, found 1 plugins.
Preloading 0 native plugins for Editor in 0.00 ms.
Initialize engine version: 6000.3.2f1 (a9779f353c9b)
[Subsystems] Discovering subsystems at path C:/Program Files/Unity/Hub/Editor/6000.3.2f1/Editor/Data/Resources/UnitySubsystems
[Subsystems] Discovering subsystems at path D:/Projects/MindAttic/GridGame2026/Assets
Forcing GfxDevice: Null
GfxDevice: creating device client; kGfxThreadingModeNonThreaded
NullGfxDevice:
    Version:  NULL 1.0 [1.0]
    Renderer: Null Device
    Vendor:   Unity Technologies
Initialize mono
Mono path[0] = 'C:/Program Files/Unity/Hub/Editor/6000.3.2f1/Editor/Data/Managed'
Mono path[1] = 'C:/Program Files/Unity/Hub/Editor/6000.3.2f1/Editor/Data/MonoBleedingEdge/lib/mono/unityjit-win32'
Mono config path = 'C:/Program Files/Unity/Hub/Editor/6000.3.2f1/Editor/Data/MonoBleedingEdge/etc'
Using monoOptions --debugger-agent=transport=dt_socket,embedding=1,server=y,suspend=n,address=127.0.0.1:56216
Using cacheserver namespaces - metadata:defaultmetadata, artifacts:defaultartifacts
Using cacheserver namespaces - metadata:defaultmetadata, artifacts:defaultartifacts
ImportWorker Server TCP listen port: 0
AcceleratorClientConnectionCallback - disconnected - :0
Begin MonoManager ReloadAssembly
Registering precompiled unity dll's ...
Register platform support module: C:/Program Files/Unity/Hub/Editor/6000.3.2f1/Editor/Data/PlaybackEngines/WebGLSupport/UnityEditor.WebGL.Extensions.dll
Register platform support module: C:/Program Files/Unity/Hub/Editor/6000.3.2f1/Editor/Data/PlaybackEngines/MacStandaloneSupport/UnityEditor.OSXStandalone.Extensions.dll
[Licensing::Client] Successfully resolved entitlement details
[Licensing::Module] License group:
  Id: F4-KZKA-CU54-F7AD-HFFX-XXXX
  Product: Unity Personal
  Type: ULF
  Expiration: Unlimited
[Licensing::Module] License group:
  Id: 3314803-UnityPersXXXX
  Product: Unity Personal
  Type: Assigned
  Expiration: Unlimited
Register platform support module: C:/Program Files/Unity/Hub/Editor/6000.3.2f1/Editor/Data/PlaybackEngines/VisionOSPlayer/UnityEditor.VisionOS.Extensions.dll
Register platform support module: C:/Program Files/Unity/Hub/Editor/6000.3.2f1/Editor/Data/PlaybackEngines/WindowsStandaloneSupport/UnityEditor.WindowsStandalone.Extensions.dll
[Licensing::Client] Successfully resolved entitlement details
[Licensing::Module] License group:
  Id: F4-KZKA-CU54-F7AD-HFFX-XXXX
  Product: Unity Personal
  Type: ULF
  Expiration: Unlimited
[Licensing::Module] License group:
  Id: 3314803-UnityPersXXXX
  Product: Unity Personal
  Type: Assigned
  Expiration: Unlimited
Register platform support module: C:/Program Files/Unity/Hub/Editor/6000.3.2f1/Editor/Data/PlaybackEngines/MetroSupport/UnityEditor.UWP.Extensions.dll
[Licensing::Client] Successfully resolved entitlement details
[Licensing::Module] License group:
  Id: F4-KZKA-CU54-F7AD-HFFX-XXXX
  Product: Unity Personal
  Type: ULF
  Expiration: Unlimited
[Licensing::Module] License group:
  Id: 3314803-UnityPersXXXX
  Product: Unity Personal
  Type: Assigned
  Expiration: Unlimited
Register platform support module: C:/Program Files/Unity/Hub/Editor/6000.3.2f1/Editor/Data/PlaybackEngines/AndroidPlayer/UnityEditor.Android.Extensions.dll
Register platform support module: C:/Program Files/Unity/Hub/Editor/6000.3.2f1/Editor/Data/PlaybackEngines/iOSSupport/UnityEditor.iOS.Extensions.dll
Register platform support module: C:/Program Files/Unity/Hub/Editor/6000.3.2f1/Editor/Data/PlaybackEngines/AppleTVSupport/UnityEditor.AppleTV.Extensions.dll
Register platform support module: C:/Program Files/Unity/Hub/Editor/6000.3.2f1/Editor/Data/PlaybackEngines/LinuxStandaloneSupport/UnityEditor.LinuxStandalone.Extensions.dll
Registered in 0.010839 seconds.
- Loaded All Assemblies, in  0.323 seconds
Native extension for LinuxStandalone target not found
[usbmuxd] Start listen thread
[usbmuxd] Listen thread started
[usbmuxd] Send listen message
Native extension for AppleTV target not found
[usbmuxd] Start listen thread
[usbmuxd] Listen thread started
[usbmuxd] Send listen message
Native extension for iOS target not found
Native extension for Android target not found
Android Extension - Scanning For ADB Devices 2258 ms
Native extension for UWP target not found
Native extension for WindowsStandalone target not found
Failed to load: C:/Program Files/Unity/Hub/Editor/6000.3.2f1/Editor/Data/PlaybackEngines/VisionOSPlayer\x64\UnityEditor.VisionOS.Native.dll
Native extension for VisionOS target not found
Native extension for OSXStandalone target not found
Native extension for WebGL target not found
Package Manager log level set to [2]
[Licensing::Client] Successfully resolved entitlement details
Mono: successfully reloaded assembly
- Finished resetting the current domain, in  3.520 seconds
Domain Reload Profiling: 3841ms
	BeginReloadAssembly (102ms)
		ExecutionOrderSort (0ms)
		DisableScriptedObjects (0ms)
		BackupInstance (0ms)
		ReleaseScriptingObjects (0ms)
		CreateAndSetChildDomain (10ms)
	RebuildCommonClasses (27ms)
	RebuildNativeTypeToScriptingClass (9ms)
	initialDomainReloadingComplete (44ms)
	LoadAllAssembliesAndSetupDomain (138ms)
		LoadAssemblies (91ms)
		RebuildTransferFunctionScriptingTraits (0ms)
		AnalyzeDomain (134ms)
			TypeCache.Refresh (133ms)
				TypeCache.ScanAssembly (123ms)
			BuildScriptInfoCaches (0ms)
			ResolveRequiredComponents (0ms)
	FinalizeReload (3520ms)
		ReleaseScriptCaches (0ms)
		RebuildScriptCaches (0ms)
		SetupLoadedEditorAssemblies (3494ms)
			LogAssemblyErrors (0ms)
			InitializePlatformSupportModulesInManaged (2373ms)
			SetLoadedEditorAssemblies (4ms)
			BeforeProcessingInitializeOnLoad (61ms)
			ProcessInitializeOnLoadAttributes (100ms)
			ProcessInitializeOnLoadMethodAttributes (956ms)
			AfterProcessingInitializeOnLoad (0ms)
			EditorAssembliesLoaded (0ms)
		ExecutionOrderSort2 (0ms)
		AwakeInstancesAfterBackupRestoration (0ms)
[Licensing::Client] Successfully resolved entitlement details
[Licensing::Module] License group:
  Id: F4-KZKA-CU54-F7AD-HFFX-XXXX
  Product: Unity Personal
  Type: ULF
  Expiration: Unlimited
[Licensing::Module] License group:
  Id: 3314803-UnityPersXXXX
  Product: Unity Personal
  Type: Assigned
  Expiration: Unlimited
Application.AssetDatabase Initial Refresh Start
[Package Manager] Restoring resolved packages state from cache
[Package Manager] Registered 77 packages:
  Packages from [https://packages.unity.com]:
    com.unity.addressables@2.7.4 (location: D:\Projects\MindAttic\GridGame2026\Library\PackageCache\com.unity.addressables@38fa2290d5f2)
    com.unity.collab-proxy@2.10.2 (location: D:\Projects\MindAttic\GridGame2026\Library\PackageCache\com.unity.collab-proxy@3351acaba9c9)
    com.unity.device-simulator.devices@1.0.1 (location: D:\Projects\MindAttic\GridGame2026\Library\PackageCache\com.unity.device-simulator.devices@2af643ceec84)
    com.unity.ide.rider@3.0.38 (location: D:\Projects\MindAttic\GridGame2026\Library\PackageCache\com.unity.ide.rider@1f60b3138684)
    com.unity.ide.visualstudio@2.0.25 (location: D:\Projects\MindAttic\GridGame2026\Library\PackageCache\com.unity.ide.visualstudio@74aa435fc4bb)
    com.unity.nuget.newtonsoft-json@3.2.2 (location: D:\Projects\MindAttic\GridGame2026\Library\PackageCache\com.unity.nuget.newtonsoft-json@4dfd81071c64)
    com.unity.postprocessing@3.5.1 (location: D:\Projects\MindAttic\GridGame2026\Library\PackageCache\com.unity.postprocessing@4a41da475b74)
    com.unity.timeline@1.8.9 (location: D:\Projects\MindAttic\GridGame2026\Library\PackageCache\com.unity.timeline@6b9e48457ddb)
    com.unity.visualscripting@1.9.9 (location: D:\Projects\MindAttic\GridGame2026\Library\PackageCache\com.unity.visualscripting@191c0d7e3b69)
    com.unity.mobile.android-logcat@1.4.6 (location: D:\Projects\MindAttic\GridGame2026\Library\PackageCache\com.unity.mobile.android-logcat@1552651bf770)
    com.unity.mobile.notifications@2.4.2 (location: D:\Projects\MindAttic\GridGame2026\Library\PackageCache\com.unity.mobile.notifications@790bff01702e)
    com.unity.2d.animation@13.0.2 (location: D:\Projects\MindAttic\GridGame2026\Library\PackageCache\com.unity.2d.animation@3c53dae92956)
    com.unity.2d.pixel-perfect@5.1.1 (location: D:\Projects\MindAttic\GridGame2026\Library\PackageCache\com.unity.2d.pixel-perfect@09d99455b901)
    com.unity.2d.psdimporter@12.0.1 (location: D:\Projects\MindAttic\GridGame2026\Library\PackageCache\com.unity.2d.psdimporter@9abe0f7cac7e)
    com.unity.2d.spriteshape@13.0.0 (location: D:\Projects\MindAttic\GridGame2026\Library\PackageCache\com.unity.2d.spriteshape@0738bab11647)
    com.unity.2d.tilemap.extras@6.0.1 (location: D:\Projects\MindAttic\GridGame2026\Library\PackageCache\com.unity.2d.tilemap.extras@3dde84bf3867)
    com.unity.2d.aseprite@3.0.1 (location: D:\Projects\MindAttic\GridGame2026\Library\PackageCache\com.unity.2d.aseprite@809e3a168ff7)
    com.unity.2d.tooling@1.0.0 (location: D:\Projects\MindAttic\GridGame2026\Library\PackageCache\com.unity.2d.tooling@55ff0338cdce)
    com.unity.profiling.core@1.0.3 (location: D:\Projects\MindAttic\GridGame2026\Library\PackageCache\com.unity.profiling.core@8a49f7027d06)
    com.unity.scriptablebuildpipeline@2.4.3 (location: D:\Projects\MindAttic\GridGame2026\Library\PackageCache\com.unity.scriptablebuildpipeline@ca3e2d96aa2f)
    com.unity.burst@1.8.26 (location: D:\Projects\MindAttic\GridGame2026\Library\PackageCache\com.unity.burst@21aa83e7fd8f)
    com.unity.mathematics@1.3.3 (location: D:\Projects\MindAttic\GridGame2026\Library\PackageCache\com.unity.mathematics@19a9377c4ffa)
    com.unity.collections@2.6.2 (location: D:\Projects\MindAttic\GridGame2026\Library\PackageCache\com.unity.collections@aea9d3bd5e19)
    com.unity.searcher@4.9.4 (location: D:\Projects\MindAttic\GridGame2026\Library\PackageCache\com.unity.searcher@d45a78918735)
    com.unity.2d.common@12.0.1 (location: D:\Projects\MindAttic\GridGame2026\Library\PackageCache\com.unity.2d.common@51e9484895c4)
    com.unity.nuget.mono-cecil@1.11.6 (location: D:\Projects\MindAttic\GridGame2026\Library\PackageCache\com.unity.nuget.mono-cecil@ecb9724e46ff)
    com.unity.test-framework.performance@3.2.0 (location: D:\Projects\MindAttic\GridGame2026\Library\PackageCache\com.unity.test-framework.performance@0840f58e4562)
  Built-in packages:
    com.unity.adaptiveperformance@6.0.0 (location: D:\Projects\MindAttic\GridGame2026\Library\PackageCache\com.unity.adaptiveperformance@a1a7d681b600)
    com.unity.feature.2d@2.0.2 (location: D:\Projects\MindAttic\GridGame2026\Library\PackageCache\com.unity.feature.2d@0309d34ea7f2)
    com.unity.feature.mobile@1.0.0 (location: D:\Projects\MindAttic\GridGame2026\Library\PackageCache\com.unity.feature.mobile@00f8a2b6a6fb)
    com.unity.render-pipelines.universal@17.3.0 (location: D:\Projects\MindAttic\GridGame2026\Library\PackageCache\com.unity.render-pipelines.universal@66e99ffa09c7)
    com.unity.test-framework@1.6.0 (location: D:\Projects\MindAttic\GridGame2026\Library\PackageCache\com.unity.test-framework@0b7a23ab2e1d)
    com.unity.ugui@2.0.0 (location: D:\Projects\MindAttic\GridGame2026\Library\PackageCache\com.unity.ugui@52e65280e89e)
    com.unity.visualeffectgraph@17.3.0 (location: D:\Projects\MindAttic\GridGame2026\Library\PackageCache\com.unity.visualeffectgraph@a6483769d4fc)
    com.unity.modules.accessibility@1.0.0 (location: C:\Program Files\Unity\Hub\Editor\6000.3.2f1\Editor\Data\Resources\PackageManager\BuiltInPackages\com.unity.modules.accessibility)
    com.unity.modules.adaptiveperformance@1.0.0 (location: C:\Program Files\Unity\Hub\Editor\6000.3.2f1\Editor\Data\Resources\PackageManager\BuiltInPackages\com.unity.modules.adaptiveperformance)
    com.unity.modules.ai@1.0.0 (location: C:\Program Files\Unity\Hub\Editor\6000.3.2f1\Editor\Data\Resources\PackageManager\BuiltInPackages\com.unity.modules.ai)
    com.unity.modules.androidjni@1.0.0 (location: C:\Program Files\Unity\Hub\Editor\6000.3.2f1\Editor\Data\Resources\PackageManager\BuiltInPackages\com.unity.modules.androidjni)
    com.unity.modules.animation@1.0.0 (location: C:\Program Files\Unity\Hub\Editor\6000.3.2f1\Editor\Data\Resources\PackageManager\BuiltInPackages\com.unity.modules.animation)
    com.unity.modules.assetbundle@1.0.0 (location: C:\Program Files\Unity\Hub\Editor\6000.3.2f1\Editor\Data\Resources\PackageManager\BuiltInPackages\com.unity.modules.assetbundle)
    com.unity.modules.audio@1.0.0 (location: C:\Program Files\Unity\Hub\Editor\6000.3.2f1\Editor\Data\Resources\PackageManager\BuiltInPackages\com.unity.modules.audio)
    com.unity.modules.cloth@1.0.0 (location: C:\Program Files\Unity\Hub\Editor\6000.3.2f1\Editor\Data\Resources\PackageManager\BuiltInPackages\com.unity.modules.cloth)
    com.unity.modules.director@1.0.0 (location: C:\Program Files\Unity\Hub\Editor\6000.3.2f1\Editor\Data\Resources\PackageManager\BuiltInPackages\com.unity.modules.director)
    com.unity.modules.imageconversion@1.0.0 (location: C:\Program Files\Unity\Hub\Editor\6000.3.2f1\Editor\Data\Resources\PackageManager\BuiltInPackages\com.unity.modules.imageconversion)
    com.unity.modules.imgui@1.0.0 (location: C:\Program Files\Unity\Hub\Editor\6000.3.2f1\Editor\Data\Resources\PackageManager\BuiltInPackages\com.unity.modules.imgui)
    com.unity.modules.jsonserialize@1.0.0 (location: C:\Program Files\Unity\Hub\Editor\6000.3.2f1\Editor\Data\Resources\PackageManager\BuiltInPackages\com.unity.modules.jsonserialize)
    com.unity.modules.particlesystem@1.0.0 (location: C:\Program Files\Unity\Hub\Editor\6000.3.2f1\Editor\Data\Resources\PackageManager\BuiltInPackages\com.unity.modules.particlesystem)
    com.unity.modules.physics@1.0.0 (location: C:\Program Files\Unity\Hub\Editor\6000.3.2f1\Editor\Data\Resources\PackageManager\BuiltInPackages\com.unity.modules.physics)
    com.unity.modules.physics2d@1.0.0 (location: C:\Program Files\Unity\Hub\Editor\6000.3.2f1\Editor\Data\Resources\PackageManager\BuiltInPackages\com.unity.modules.physics2d)
    com.unity.modules.screencapture@1.0.0 (location: C:\Program Files\Unity\Hub\Editor\6000.3.2f1\Editor\Data\Resources\PackageManager\BuiltInPackages\com.unity.modules.screencapture)
    com.unity.modules.terrain@1.0.0 (location: C:\Program Files\Unity\Hub\Editor\6000.3.2f1\Editor\Data\Resources\PackageManager\BuiltInPackages\com.unity.modules.terrain)
    com.unity.modules.terrainphysics@1.0.0 (location: C:\Program Files\Unity\Hub\Editor\6000.3.2f1\Editor\Data\Resources\PackageManager\BuiltInPackages\com.unity.modules.terrainphysics)
    com.unity.modules.tilemap@1.0.0 (location: C:\Program Files\Unity\Hub\Editor\6000.3.2f1\Editor\Data\Resources\PackageManager\BuiltInPackages\com.unity.modules.tilemap)
    com.unity.modules.ui@1.0.0 (location: C:\Program Files\Unity\Hub\Editor\6000.3.2f1\Editor\Data\Resources\PackageManager\BuiltInPackages\com.unity.modules.ui)
    com.unity.modules.uielements@1.0.0 (location: C:\Program Files\Unity\Hub\Editor\6000.3.2f1\Editor\Data\Resources\PackageManager\BuiltInPackages\com.unity.modules.uielements)
    com.unity.modules.umbra@1.0.0 (location: C:\Program Files\Unity\Hub\Editor\6000.3.2f1\Editor\Data\Resources\PackageManager\BuiltInPackages\com.unity.modules.umbra)
    com.unity.modules.unityanalytics@1.0.0 (location: C:\Program Files\Unity\Hub\Editor\6000.3.2f1\Editor\Data\Resources\PackageManager\BuiltInPackages\com.unity.modules.unityanalytics)
    com.unity.modules.unitywebrequest@1.0.0 (location: C:\Program Files\Unity\Hub\Editor\6000.3.2f1\Editor\Data\Resources\PackageManager\BuiltInPackages\com.unity.modules.unitywebrequest)
    com.unity.modules.unitywebrequestassetbundle@1.0.0 (location: C:\Program Files\Unity\Hub\Editor\6000.3.2f1\Editor\Data\Resources\PackageManager\BuiltInPackages\com.unity.modules.unitywebrequestassetbundle)
    com.unity.modules.unitywebrequestaudio@1.0.0 (location: C:\Program Files\Unity\Hub\Editor\6000.3.2f1\Editor\Data\Resources\PackageManager\BuiltInPackages\com.unity.modules.unitywebrequestaudio)
    com.unity.modules.unitywebrequesttexture@1.0.0 (location: C:\Program Files\Unity\Hub\Editor\6000.3.2f1\Editor\Data\Resources\PackageManager\BuiltInPackages\com.unity.modules.unitywebrequesttexture)
    com.unity.modules.unitywebrequestwww@1.0.0 (location: C:\Program Files\Unity\Hub\Editor\6000.3.2f1\Editor\Data\Resources\PackageManager\BuiltInPackages\com.unity.modules.unitywebrequestwww)
    com.unity.modules.vectorgraphics@1.0.0 (location: C:\Program Files\Unity\Hub\Editor\6000.3.2f1\Editor\Data\Resources\PackageManager\BuiltInPackages\com.unity.modules.vectorgraphics)
    com.unity.modules.vehicles@1.0.0 (location: C:\Program Files\Unity\Hub\Editor\6000.3.2f1\Editor\Data\Resources\PackageManager\BuiltInPackages\com.unity.modules.vehicles)
    com.unity.modules.video@1.0.0 (location: C:\Program Files\Unity\Hub\Editor\6000.3.2f1\Editor\Data\Resources\PackageManager\BuiltInPackages\com.unity.modules.video)
    com.unity.modules.vr@1.0.0 (location: C:\Program Files\Unity\Hub\Editor\6000.3.2f1\Editor\Data\Resources\PackageManager\BuiltInPackages\com.unity.modules.vr)
    com.unity.modules.wind@1.0.0 (location: C:\Program Files\Unity\Hub\Editor\6000.3.2f1\Editor\Data\Resources\PackageManager\BuiltInPackages\com.unity.modules.wind)
    com.unity.modules.xr@1.0.0 (location: C:\Program Files\Unity\Hub\Editor\6000.3.2f1\Editor\Data\Resources\PackageManager\BuiltInPackages\com.unity.modules.xr)
    com.unity.modules.subsystems@1.0.0 (location: C:\Program Files\Unity\Hub\Editor\6000.3.2f1\Editor\Data\Resources\PackageManager\BuiltInPackages\com.unity.modules.subsystems)
    com.unity.modules.hierarchycore@1.0.0 (location: C:\Program Files\Unity\Hub\Editor\6000.3.2f1\Editor\Data\Resources\PackageManager\BuiltInPackages\com.unity.modules.hierarchycore)
    com.unity.shadergraph@17.3.0 (location: D:\Projects\MindAttic\GridGame2026\Library\PackageCache\com.unity.shadergraph@3cfe1d1f3f8c)
    com.unity.render-pipelines.core@17.3.0 (location: D:\Projects\MindAttic\GridGame2026\Library\PackageCache\com.unity.render-pipelines.core@ce86d16dfe9d)
    com.unity.ext.nunit@2.0.5 (location: D:\Projects\MindAttic\GridGame2026\Library\PackageCache\com.unity.ext.nunit@d8c07649098d)
    com.unity.render-pipelines.universal-config@17.0.3 (location: D:\Projects\MindAttic\GridGame2026\Library\PackageCache\com.unity.render-pipelines.universal-config@8dc1aab4af1d)
    com.unity.2d.sprite@1.0.0 (location: D:\Projects\MindAttic\GridGame2026\Library\PackageCache\com.unity.2d.sprite@82f01c8c75ca)
    com.unity.2d.tilemap@1.0.0 (location: D:\Projects\MindAttic\GridGame2026\Library\PackageCache\com.unity.2d.tilemap@28bd01071fd5)
  Embedded packages:
    com.bezi.sidekick@file:D:\Projects\MindAttic\GridGame2026\Packages\com.bezi.sidekick (location: D:\Projects\MindAttic\GridGame2026\Packages\com.bezi.sidekick)
[Subsystems] No new subsystems found in resolved package list.
[Package Manager] Done registering packages in 0.00 seconds
info: Microsoft.Hosting.Lifetime[14]
      Now listening on: http://localhost:80
info: Microsoft.Hosting.Lifetime[0]
      Application started. Press Ctrl+C to shut down.
info: Microsoft.Hosting.Lifetime[0]
      Hosting environment: Production
info: Microsoft.Hosting.Lifetime[0]
      Content root path: D:\Projects\MindAttic\GridGame2026\
info: Microsoft.AspNetCore.Hosting.Diagnostics[1]
      Request starting HTTP/2 POST http://ilpp/UnityILPP.PostProcessing/Ping application/grpc -
info: Microsoft.AspNetCore.Routing.EndpointMiddleware[0]
      Executing endpoint 'gRPC - /UnityILPP.PostProcessing/Ping'
info: Microsoft.AspNetCore.Routing.EndpointMiddleware[1]
      Executed endpoint 'gRPC - /UnityILPP.PostProcessing/Ping'
info: Microsoft.AspNetCore.Hosting.Diagnostics[2]
      Request finished HTTP/2 POST http://ilpp/UnityILPP.PostProcessing/Ping application/grpc - - 200 - application/grpc 28.4253ms
Refreshing native plugins compatible for Editor in 2.55 ms, found 5 plugins.
Starting: C:\Program Files\Unity\Hub\Editor\6000.3.2f1\Editor\Data\Tools\BuildPipeline\bee_backend.exe --ipc --defer-dag-verification --dagfile="Library/Bee/1900b0aEDbg.dag" --continue-on-failure --profile="Library/Bee/backend1.traceevents" ScriptAssemblies
WorkingDir: D:/Projects/MindAttic/GridGame2026
info: Microsoft.AspNetCore.Hosting.Diagnostics[1]
      Request starting HTTP/2 POST http://ilpp/UnityILPP.PostProcessing/ConfigurePostProcessors application/grpc -
info: Microsoft.AspNetCore.Routing.EndpointMiddleware[0]
      Executing endpoint 'gRPC - /UnityILPP.PostProcessing/ConfigurePostProcessors'
warn: Unity.ILPP.Runner.PostProcessingAssemblyLoadContext[0]
      Assembly unityeditor.apple.extensions.common has duplicate hint path. Ignoring "C:\Program Files\Unity\Hub\Editor\6000.3.2f1\Editor\Data\PlaybackEngines\iOSSupport\UnityEditor.Apple.Extensions.Common.dll" in favor of "C:\Program Files\Unity\Hub\Editor\6000.3.2f1\Editor\Data\PlaybackEngines\AppleTVSupport\UnityEditor.Apple.Extensions.Common.dll"
warn: Unity.ILPP.Runner.PostProcessingAssemblyLoadContext[0]
      Assembly unityeditor.ios.extensions.xcode has duplicate hint path. Ignoring "C:\Program Files\Unity\Hub\Editor\6000.3.2f1\Editor\Data\PlaybackEngines\iOSSupport\UnityEditor.iOS.Extensions.Xcode.dll" in favor of "C:\Program Files\Unity\Hub\Editor\6000.3.2f1\Editor\Data\PlaybackEngines\AppleTVSupport\UnityEditor.iOS.Extensions.Xcode.dll"
warn: Unity.ILPP.Runner.PostProcessingAssemblyLoadContext[0]
      Assembly unityeditor.ios.extensions.xcode has duplicate hint path. Ignoring "C:\Program Files\Unity\Hub\Editor\6000.3.2f1\Editor\Data\PlaybackEngines\MacStandaloneSupport\UnityEditor.iOS.Extensions.Xcode.dll" in favor of "C:\Program Files\Unity\Hub\Editor\6000.3.2f1\Editor\Data\PlaybackEngines\AppleTVSupport\UnityEditor.iOS.Extensions.Xcode.dll"
warn: Unity.ILPP.Runner.PostProcessingAssemblyLoadContext[0]
      Assembly unityeditor.apple.extensions.common has duplicate hint path. Ignoring "C:\Program Files\Unity\Hub\Editor\6000.3.2f1\Editor\Data\PlaybackEngines\VisionOSPlayer\UnityEditor.Apple.Extensions.Common.dll" in favor of "C:\Program Files\Unity\Hub\Editor\6000.3.2f1\Editor\Data\PlaybackEngines\AppleTVSupport\UnityEditor.Apple.Extensions.Common.dll"
warn: Unity.ILPP.Runner.PostProcessingAssemblyLoadContext[0]
      Assembly unityeditor.ios.extensions.xcode has duplicate hint path. Ignoring "C:\Program Files\Unity\Hub\Editor\6000.3.2f1\Editor\Data\PlaybackEngines\VisionOSPlayer\UnityEditor.iOS.Extensions.Xcode.dll" in favor of "C:\Program Files\Unity\Hub\Editor\6000.3.2f1\Editor\Data\PlaybackEngines\AppleTVSupport\UnityEditor.iOS.Extensions.Xcode.dll"
warn: Unity.ILPP.Runner.PostProcessingAssemblyLoadContext[0]
      Assembly system.runtime.interopservices.windowsruntime has duplicate hint path. Ignoring "C:\Program Files\Unity\Hub\Editor\6000.3.2f1\Editor\Data\UnityReferenceAssemblies\unity-4.8-api\Facades\System.Runtime.InteropServices.WindowsRuntime.dll" in favor of "C:\Program Files\Unity\Hub\Editor\6000.3.2f1\Editor\Data\NetStandard\Extensions\2.0.0\System.Runtime.InteropServices.WindowsRuntime.dll"
warn: Unity.ILPP.Runner.PostProcessingAssemblyLoadContext[0]
      Assembly system.componentmodel.composition has duplicate hint path. Ignoring "C:\Program Files\Unity\Hub\Editor\6000.3.2f1\Editor\Data\UnityReferenceAssemblies\unity-4.8-api\System.ComponentModel.Composition.dll" in favor of "C:\Program Files\Unity\Hub\Editor\6000.3.2f1\Editor\Data\NetStandard\compat\2.1.0\shims\netfx\System.ComponentModel.Composition.dll"
DisplayProgressbar: Compiling Scripts
info: Unity.ILPP.Runner.PostProcessingAssemblyLoadContext[0]
      Resolved Unity.Burst.Cecil, Version=0.11.4.0, Culture=neutral, PublicKeyToken=50cebf1cceb9d05e with Library\PackageCache\com.unity.burst@21aa83e7fd8f\Unity.Burst.CodeGen\Unity.Burst.Cecil.dll
info: Unity.ILPP.Runner.PostProcessingAssemblyLoadContext[0]
      Resolved Mono.Cecil, Version=0.11.5.0, Culture=neutral, PublicKeyToken=50cebf1cceb9d05e with Library\PackageCache\com.unity.nuget.mono-cecil@ecb9724e46ff\Mono.Cecil.dll
info: Microsoft.AspNetCore.Routing.EndpointMiddleware[1]
      Executed endpoint 'gRPC - /UnityILPP.PostProcessing/ConfigurePostProcessors'
info: Microsoft.AspNetCore.Hosting.Diagnostics[2]
      Request finished HTTP/2 POST http://ilpp/UnityILPP.PostProcessing/ConfigurePostProcessors application/grpc - - 200 - application/grpc 87.0242ms
ExitCode: 0 Duration: 0s345ms
[ 934/1205  0s] ILPP-Configuration Library/ilpp-configuration.nevergeneratedoutput
*** Tundra build success (0.29 seconds), 1 items updated, 1205 evaluated
AssetDatabase: script compilation time: 1.048351s
Begin MonoManager ReloadAssembly
Symbol file LoadedFromMemory is not a mono symbol file
- Loaded All Assemblies, in  0.975 seconds
Refreshing native plugins compatible for Editor in 2.84 ms, found 5 plugins.
Native extension for LinuxStandalone target not found
Native extension for AppleTV target not found
Native extension for iOS target not found
Native extension for Android target not found
Native extension for UWP target not found
Native extension for WindowsStandalone target not found
Failed to load: C:/Program Files/Unity/Hub/Editor/6000.3.2f1/Editor/Data/PlaybackEngines/VisionOSPlayer\x64\UnityEditor.VisionOS.Native.dll
Native extension for VisionOS target not found
Native extension for OSXStandalone target not found
Native extension for WebGL target not found
Refreshing native plugins compatible for Editor in 2.71 ms, found 5 plugins.
Mono: successfully reloaded assembly
- Finished resetting the current domain, in  4.230 seconds
Domain Reload Profiling: 5202ms
	BeginReloadAssembly (239ms)
		ExecutionOrderSort (0ms)
		DisableScriptedObjects (8ms)
		BackupInstance (0ms)
		ReleaseScriptingObjects (0ms)
		CreateAndSetChildDomain (132ms)
	RebuildCommonClasses (25ms)
	RebuildNativeTypeToScriptingClass (9ms)
	initialDomainReloadingComplete (25ms)
	LoadAllAssembliesAndSetupDomain (674ms)
		LoadAssemblies (448ms)
		RebuildTransferFunctionScriptingTraits (0ms)
		AnalyzeDomain (299ms)
			TypeCache.Refresh (234ms)
				TypeCache.ScanAssembly (220ms)
			BuildScriptInfoCaches (50ms)
			ResolveRequiredComponents (9ms)
	FinalizeReload (4230ms)
		ReleaseScriptCaches (0ms)
		RebuildScriptCaches (0ms)
		SetupLoadedEditorAssemblies (3993ms)
			LogAssemblyErrors (0ms)
			InitializePlatformSupportModulesInManaged (45ms)
			SetLoadedEditorAssemblies (5ms)
			BeforeProcessingInitializeOnLoad (199ms)
			ProcessInitializeOnLoadAttributes (3672ms)
			ProcessInitializeOnLoadMethodAttributes (68ms)
			AfterProcessingInitializeOnLoad (4ms)
			EditorAssembliesLoaded (0ms)
		ExecutionOrderSort2 (0ms)
		AwakeInstancesAfterBackupRestoration (26ms)
Asset Pipeline Refresh (id=11e580e0b67fdff4798079ed3571f171): Total: 7.875 seconds - Initiated by InitialRefreshV2(ForceSynchronousImport)
	Summary:
		Imports: total=0 (actual=0, local cache=0, cache server=0)
		Asset DB Process Time: managed=0 ms, native=5704 ms
		Asset DB Callback time: managed=34 ms, native=5 ms
		Scripting: domain reloads=1, domain reload time=975 ms, compile time=1049 ms, other=105 ms
		Project Asset Count: scripts=2049, non-scripts=9719
		Asset File Changes: new=0, changed=0, moved=0, deleted=0
		Scan Filter Count: 1
	InvokeCustomDependenciesCallbacks: 0.001ms
	InvokePackagesCallback: 7.132ms
	ApplyChangesToAssetFolders: 0.281ms
	Scan: 1044.928ms
	OnSourceAssetsModified: 0.001ms
	CategorizeAssetsWithTransientArtifact: 50.930ms
	ProcessAssetsWithTransientArtifactChanges: 76.551ms
	CategorizeAssets: 106.808ms
	ImportOutOfDateAssets: 4245.319ms (3191.349ms without children)
		CompileScripts: 1049.299ms
		ReloadNativeAssets: 0.053ms
		UnloadImportedAssets: 1.756ms
		EnsureUptoDateAssetsAreRegisteredWithGuidPM: 1.675ms
		InitializingProgressBar: 0.001ms
		PostProcessAllAssetNotificationsAddChangedAssets: 0.001ms
		OnDemandSchedulerStart: 1.185ms
	PostProcessAllAssets: 34.860ms
	GatherAllCurrentPrimaryArtifactRevisions: 0.002ms
	UnloadStreamsBegin: 3.340ms
	PersistCurrentRevisions: 0.466ms
	UnloadStreamsEnd: 0.002ms
	GenerateScriptTypeHashes: 3.320ms
	Untracked: 2303.892ms

Application.AssetDatabase Initial Refresh End
Scanning for USB devices : 35.174ms
Initializing Unity extensions:
[MODES] ModeService[none].Initialize
[MODES] ModeService[none].LoadModes
[MODES] Loading mode Default (0) for mode-current-id-GridGame
Unloading 37 Unused Serialized files (Serialized files now loaded: 0)
Unloading 8521 unused Assets / (4.3 MB). Loaded Objects now: 9503.
Memory consumption went from 260.9 MB to 256.5 MB.
Total: 15.287500 ms (FindLiveObjects: 0.879400 ms CreateObjectMapping: 1.379300 ms MarkObjects: 8.923700 ms  DeleteObjects: 4.103700 ms)

[Cli] ── SerializedFieldBan ─────────────────────────────────
0x00007ff92bc2fd3e (Unity) StackWalker::ShowCallstack
0x00007ff92d45e919 (Unity) PlatformStacktrace::GetStacktrace
0x00007ff92d45f19e (Unity) Stacktrace::GetStacktrace
0x00007ff92bbe0d4f (Unity) DebugStringToFile
0x00007ff92ba99020 (Unity) DebugLogHandler_CUSTOM_Internal_Log
0x0000021561ece76e (Mono JIT Code) (wrapper managed-to-native) UnityEngine.DebugLogHandler:Internal_Log_Injected (UnityEngine.LogType,UnityEngine.LogOption,UnityEngine.Bindings.ManagedSpanWrapper&,intptr)
0x0000021561ece573 (Mono JIT Code) UnityEngine.DebugLogHandler:Internal_Log (UnityEngine.LogType,UnityEngine.LogOption,string,UnityEngine.Object)
0x0000021561ece22b (Mono JIT Code) UnityEngine.DebugLogHandler:LogFormat (UnityEngine.LogType,UnityEngine.Object,string,object[])
0x0000021561ecd6ae (Mono JIT Code) UnityEngine.Logger:Log (UnityEngine.LogType,object)
0x0000021561ecd34d (Mono JIT Code) UnityEngine.Debug:Log (object)
0x0000021561eccccb (Mono JIT Code) CliEntryPoints:<CheckAllGuardrails>g__Run|19_0 (string,System.Func`1<int>,CliEntryPoints/<>c__DisplayClass19_0&) (at D:/Projects/MindAttic/GridGame2026/Assets/Editor/CliEntryPoints.cs:396)
0x0000021561ecbecb (Mono JIT Code) CliEntryPoints:CheckAllGuardrails () (at D:/Projects/MindAttic/GridGame2026/Assets/Editor/CliEntryPoints.cs:409)
0x00000214cc044d65 (Mono JIT Code) (wrapper runtime-invoke) object:runtime_invoke_void (object,intptr,intptr,intptr)
0x00007ff935a46bfe (mono-2.0-bdwgc) mono_jit_runtime_invoke (at C:/build/output/Unity-Technologies/mono/mono/mini/mini-runtime.c:3445)
0x00007ff935988984 (mono-2.0-bdwgc) do_runtime_invoke (at C:/build/output/Unity-Technologies/mono/mono/metadata/object.c:3068)
0x00007ff935988a70 (mono-2.0-bdwgc) mono_runtime_invoke (at C:/build/output/Unity-Technologies/mono/mono/metadata/object.c:3115)
0x00007ff92c465064 (Unity) scripting_method_invoke
0x00007ff92c46bf23 (Unity) ScriptingInvocation::Invoke
0x00007ff92cc9444a (Unity) Application::ParseARGVCommands
0x00007ff92cc8a439 (Unity) Application::FinishLoadingProject
0x00007ff92ca85a6c (Unity) UnityMain
0x00007ff7c7f72f2a (Unity) __scrt_common_main_seh
0x00007ffb19f6e8d7 (KERNEL32) BaseThreadInitThunk
0x00007ffb1b5cc3fc (ntdll) RtlUserThreadStart

[SerializedFieldBan] Scanned: 0 field(s). Allowlist: 0.
0x00007ff92bc2fd3e (Unity) StackWalker::ShowCallstack
0x00007ff92d45e919 (Unity) PlatformStacktrace::GetStacktrace
0x00007ff92d45f19e (Unity) Stacktrace::GetStacktrace
0x00007ff92bbe0d4f (Unity) DebugStringToFile
0x00007ff92ba99020 (Unity) DebugLogHandler_CUSTOM_Internal_Log
0x0000021561ece76e (Mono JIT Code) (wrapper managed-to-native) UnityEngine.DebugLogHandler:Internal_Log_Injected (UnityEngine.LogType,UnityEngine.LogOption,UnityEngine.Bindings.ManagedSpanWrapper&,intptr)
0x0000021561ece573 (Mono JIT Code) UnityEngine.DebugLogHandler:Internal_Log (UnityEngine.LogType,UnityEngine.LogOption,string,UnityEngine.Object)
0x0000021561ece22b (Mono JIT Code) UnityEngine.DebugLogHandler:LogFormat (UnityEngine.LogType,UnityEngine.Object,string,object[])
0x0000021561ecd6ae (Mono JIT Code) UnityEngine.Logger:Log (UnityEngine.LogType,object)
0x0000021561ecd34d (Mono JIT Code) UnityEngine.Debug:Log (object)
0x0000021561ecf043 (Mono JIT Code) SerializedFieldBan:Check () (at D:/Projects/MindAttic/GridGame2026/Assets/Editor/SerializedFieldBan.cs:114)
0x0000021561ece90b (Mono JIT Code) CliEntryPoints/<>c:<CheckAllGuardrails>b__19_1 () (at D:/Projects/MindAttic/GridGame2026/Assets/Editor/CliEntryPoints.cs:409)
0x0000021561eccd05 (Mono JIT Code) CliEntryPoints:<CheckAllGuardrails>g__Run|19_0 (string,System.Func`1<int>,CliEntryPoints/<>c__DisplayClass19_0&) (at D:/Projects/MindAttic/GridGame2026/Assets/Editor/CliEntryPoints.cs:397)
0x0000021561ecbecb (Mono JIT Code) CliEntryPoints:CheckAllGuardrails () (at D:/Projects/MindAttic/GridGame2026/Assets/Editor/CliEntryPoints.cs:409)
0x00000214cc044d65 (Mono JIT Code) (wrapper runtime-invoke) object:runtime_invoke_void (object,intptr,intptr,intptr)
0x00007ff935a46bfe (mono-2.0-bdwgc) mono_jit_runtime_invoke (at C:/build/output/Unity-Technologies/mono/mono/mini/mini-runtime.c:3445)
0x00007ff935988984 (mono-2.0-bdwgc) do_runtime_invoke (at C:/build/output/Unity-Technologies/mono/mono/metadata/object.c:3068)
0x00007ff935988a70 (mono-2.0-bdwgc) mono_runtime_invoke (at C:/build/output/Unity-Technologies/mono/mono/metadata/object.c:3115)
0x00007ff92c465064 (Unity) scripting_method_invoke
0x00007ff92c46bf23 (Unity) ScriptingInvocation::Invoke
0x00007ff92cc9444a (Unity) Application::ParseARGVCommands
0x00007ff92cc8a439 (Unity) Application::FinishLoadingProject
0x00007ff92ca85a6c (Unity) UnityMain
0x00007ff7c7f72f2a (Unity) __scrt_common_main_seh
0x00007ffb19f6e8d7 (KERNEL32) BaseThreadInitThunk
0x00007ffb1b5cc3fc (ntdll) RtlUserThreadStart

[SerializedFieldBan] OK — no new [SerializeField] fields detected.
0x00007ff92bc2fd3e (Unity) StackWalker::ShowCallstack
0x00007ff92d45e919 (Unity) PlatformStacktrace::GetStacktrace
0x00007ff92d45f19e (Unity) Stacktrace::GetStacktrace
0x00007ff92bbe0d4f (Unity) DebugStringToFile
0x00007ff92ba99020 (Unity) DebugLogHandler_CUSTOM_Internal_Log
0x0000021561ece76e (Mono JIT Code) (wrapper managed-to-native) UnityEngine.DebugLogHandler:Internal_Log_Injected (UnityEngine.LogType,UnityEngine.LogOption,UnityEngine.Bindings.ManagedSpanWrapper&,intptr)
0x0000021561ece573 (Mono JIT Code) UnityEngine.DebugLogHandler:Internal_Log (UnityEngine.LogType,UnityEngine.LogOption,string,UnityEngine.Object)
0x0000021561ece22b (Mono JIT Code) UnityEngine.DebugLogHandler:LogFormat (UnityEngine.LogType,UnityEngine.Object,string,object[])
0x0000021561ecd6ae (Mono JIT Code) UnityEngine.Logger:Log (UnityEngine.LogType,object)
0x0000021561ecd34d (Mono JIT Code) UnityEngine.Debug:Log (object)
0x0000021561ecf6d3 (Mono JIT Code) SerializedFieldBan:Check () (at D:/Projects/MindAttic/GridGame2026/Assets/Editor/SerializedFieldBan.cs:125)
0x0000021561ece90b (Mono JIT Code) CliEntryPoints/<>c:<CheckAllGuardrails>b__19_1 () (at D:/Projects/MindAttic/GridGame2026/Assets/Editor/CliEntryPoints.cs:409)
0x0000021561eccd05 (Mono JIT Code) CliEntryPoints:<CheckAllGuardrails>g__Run|19_0 (string,System.Func`1<int>,CliEntryPoints/<>c__DisplayClass19_0&) (at D:/Projects/MindAttic/GridGame2026/Assets/Editor/CliEntryPoints.cs:397)
0x0000021561ecbecb (Mono JIT Code) CliEntryPoints:CheckAllGuardrails () (at D:/Projects/MindAttic/GridGame2026/Assets/Editor/CliEntryPoints.cs:409)
0x00000214cc044d65 (Mono JIT Code) (wrapper runtime-invoke) object:runtime_invoke_void (object,intptr,intptr,intptr)
0x00007ff935a46bfe (mono-2.0-bdwgc) mono_jit_runtime_invoke (at C:/build/output/Unity-Technologies/mono/mono/mini/mini-runtime.c:3445)
0x00007ff935988984 (mono-2.0-bdwgc) do_runtime_invoke (at C:/build/output/Unity-Technologies/mono/mono/metadata/object.c:3068)
0x00007ff935988a70 (mono-2.0-bdwgc) mono_runtime_invoke (at C:/build/output/Unity-Technologies/mono/mono/metadata/object.c:3115)
0x00007ff92c465064 (Unity) scripting_method_invoke
0x00007ff92c46bf23 (Unity) ScriptingInvocation::Invoke
0x00007ff92cc9444a (Unity) Application::ParseARGVCommands
0x00007ff92cc8a439 (Unity) Application::FinishLoadingProject
0x00007ff92ca85a6c (Unity) UnityMain
0x00007ff7c7f72f2a (Unity) __scrt_common_main_seh
0x00007ffb19f6e8d7 (KERNEL32) BaseThreadInitThunk
0x00007ffb1b5cc3fc (ntdll) RtlUserThreadStart

[Cli] ── ResourcesLoadBan ─────────────────────────────────
0x00007ff92bc2fd3e (Unity) StackWalker::ShowCallstack
0x00007ff92d45e919 (Unity) PlatformStacktrace::GetStacktrace
0x00007ff92d45f19e (Unity) Stacktrace::GetStacktrace
0x00007ff92bbe0d4f (Unity) DebugStringToFile
0x00007ff92ba99020 (Unity) DebugLogHandler_CUSTOM_Internal_Log
0x0000021561ece76e (Mono JIT Code) (wrapper managed-to-native) UnityEngine.DebugLogHandler:Internal_Log_Injected (UnityEngine.LogType,UnityEngine.LogOption,UnityEngine.Bindings.ManagedSpanWrapper&,intptr)
0x0000021561ece573 (Mono JIT Code) UnityEngine.DebugLogHandler:Internal_Log (UnityEngine.LogType,UnityEngine.LogOption,string,UnityEngine.Object)
0x0000021561ece22b (Mono JIT Code) UnityEngine.DebugLogHandler:LogFormat (UnityEngine.LogType,UnityEngine.Object,string,object[])
0x0000021561ecd6ae (Mono JIT Code) UnityEngine.Logger:Log (UnityEngine.LogType,object)
0x0000021561ecd34d (Mono JIT Code) UnityEngine.Debug:Log (object)
0x0000021561eccccb (Mono JIT Code) CliEntryPoints:<CheckAllGuardrails>g__Run|19_0 (string,System.Func`1<int>,CliEntryPoints/<>c__DisplayClass19_0&) (at D:/Projects/MindAttic/GridGame2026/Assets/Editor/CliEntryPoints.cs:396)
0x0000021561ecc06b (Mono JIT Code) CliEntryPoints:CheckAllGuardrails () (at D:/Projects/MindAttic/GridGame2026/Assets/Editor/CliEntryPoints.cs:410)
0x00000214cc044d65 (Mono JIT Code) (wrapper runtime-invoke) object:runtime_invoke_void (object,intptr,intptr,intptr)
0x00007ff935a46bfe (mono-2.0-bdwgc) mono_jit_runtime_invoke (at C:/build/output/Unity-Technologies/mono/mono/mini/mini-runtime.c:3445)
0x00007ff935988984 (mono-2.0-bdwgc) do_runtime_invoke (at C:/build/output/Unity-Technologies/mono/mono/metadata/object.c:3068)
0x00007ff935988a70 (mono-2.0-bdwgc) mono_runtime_invoke (at C:/build/output/Unity-Technologies/mono/mono/metadata/object.c:3115)
0x00007ff92c465064 (Unity) scripting_method_invoke
0x00007ff92c46bf23 (Unity) ScriptingInvocation::Invoke
0x00007ff92cc9444a (Unity) Application::ParseARGVCommands
0x00007ff92cc8a439 (Unity) Application::FinishLoadingProject
0x00007ff92ca85a6c (Unity) UnityMain
0x00007ff7c7f72f2a (Unity) __scrt_common_main_seh
0x00007ffb19f6e8d7 (KERNEL32) BaseThreadInitThunk
0x00007ffb1b5cc3fc (ntdll) RtlUserThreadStart

[ResourcesLoadBan] Scanned: 1 file(s) with Resources.Load. Allowlist: 1.
0x00007ff92bc2fd3e (Unity) StackWalker::ShowCallstack
0x00007ff92d45e919 (Unity) PlatformStacktrace::GetStacktrace
0x00007ff92d45f19e (Unity) Stacktrace::GetStacktrace
0x00007ff92bbe0d4f (Unity) DebugStringToFile
0x00007ff92ba99020 (Unity) DebugLogHandler_CUSTOM_Internal_Log
0x0000021561ece76e (Mono JIT Code) (wrapper managed-to-native) UnityEngine.DebugLogHandler:Internal_Log_Injected (UnityEngine.LogType,UnityEngine.LogOption,UnityEngine.Bindings.ManagedSpanWrapper&,intptr)
0x0000021561ece573 (Mono JIT Code) UnityEngine.DebugLogHandler:Internal_Log (UnityEngine.LogType,UnityEngine.LogOption,string,UnityEngine.Object)
0x0000021561ece22b (Mono JIT Code) UnityEngine.DebugLogHandler:LogFormat (UnityEngine.LogType,UnityEngine.Object,string,object[])
0x0000021561ecd6ae (Mono JIT Code) UnityEngine.Logger:Log (UnityEngine.LogType,object)
0x0000021561ecd34d (Mono JIT Code) UnityEngine.Debug:Log (object)
0x000002156273c6c3 (Mono JIT Code) ResourcesLoadBan:Check () (at D:/Projects/MindAttic/GridGame2026/Assets/Editor/ResourcesLoadBan.cs:117)
0x000002156273bf9b (Mono JIT Code) CliEntryPoints/<>c:<CheckAllGuardrails>b__19_2 () (at D:/Projects/MindAttic/GridGame2026/Assets/Editor/CliEntryPoints.cs:410)
0x0000021561eccd05 (Mono JIT Code) CliEntryPoints:<CheckAllGuardrails>g__Run|19_0 (string,System.Func`1<int>,CliEntryPoints/<>c__DisplayClass19_0&) (at D:/Projects/MindAttic/GridGame2026/Assets/Editor/CliEntryPoints.cs:397)
0x0000021561ecc06b (Mono JIT Code) CliEntryPoints:CheckAllGuardrails () (at D:/Projects/MindAttic/GridGame2026/Assets/Editor/CliEntryPoints.cs:410)
0x00000214cc044d65 (Mono JIT Code) (wrapper runtime-invoke) object:runtime_invoke_void (object,intptr,intptr,intptr)
0x00007ff935a46bfe (mono-2.0-bdwgc) mono_jit_runtime_invoke (at C:/build/output/Unity-Technologies/mono/mono/mini/mini-runtime.c:3445)
0x00007ff935988984 (mono-2.0-bdwgc) do_runtime_invoke (at C:/build/output/Unity-Technologies/mono/mono/metadata/object.c:3068)
0x00007ff935988a70 (mono-2.0-bdwgc) mono_runtime_invoke (at C:/build/output/Unity-Technologies/mono/mono/metadata/object.c:3115)
0x00007ff92c465064 (Unity) scripting_method_invoke
0x00007ff92c46bf23 (Unity) ScriptingInvocation::Invoke
0x00007ff92cc9444a (Unity) Application::ParseARGVCommands
0x00007ff92cc8a439 (Unity) Application::FinishLoadingProject
0x00007ff92ca85a6c (Unity) UnityMain
0x00007ff7c7f72f2a (Unity) __scrt_common_main_seh
0x00007ffb19f6e8d7 (KERNEL32) BaseThreadInitThunk
0x00007ffb1b5cc3fc (ntdll) RtlUserThreadStart

[ResourcesLoadBan] OK — no new Resources.Load call-sites detected. Route runtime asset loads through AssetHelper.LoadAsset<T>(address).
0x00007ff92bc2fd3e (Unity) StackWalker::ShowCallstack
0x00007ff92d45e919 (Unity) PlatformStacktrace::GetStacktrace
0x00007ff92d45f19e (Unity) Stacktrace::GetStacktrace
0x00007ff92bbe0d4f (Unity) DebugStringToFile
0x00007ff92ba99020 (Unity) DebugLogHandler_CUSTOM_Internal_Log
0x0000021561ece76e (Mono JIT Code) (wrapper managed-to-native) UnityEngine.DebugLogHandler:Internal_Log_Injected (UnityEngine.LogType,UnityEngine.LogOption,UnityEngine.Bindings.ManagedSpanWrapper&,intptr)
0x0000021561ece573 (Mono JIT Code) UnityEngine.DebugLogHandler:Internal_Log (UnityEngine.LogType,UnityEngine.LogOption,string,UnityEngine.Object)
0x0000021561ece22b (Mono JIT Code) UnityEngine.DebugLogHandler:LogFormat (UnityEngine.LogType,UnityEngine.Object,string,object[])
0x0000021561ecd6ae (Mono JIT Code) UnityEngine.Logger:Log (UnityEngine.LogType,object)
0x0000021561ecd34d (Mono JIT Code) UnityEngine.Debug:Log (object)
0x000002156273ccf3 (Mono JIT Code) ResourcesLoadBan:Check () (at D:/Projects/MindAttic/GridGame2026/Assets/Editor/ResourcesLoadBan.cs:128)
0x000002156273bf9b (Mono JIT Code) CliEntryPoints/<>c:<CheckAllGuardrails>b__19_2 () (at D:/Projects/MindAttic/GridGame2026/Assets/Editor/CliEntryPoints.cs:410)
0x0000021561eccd05 (Mono JIT Code) CliEntryPoints:<CheckAllGuardrails>g__Run|19_0 (string,System.Func`1<int>,CliEntryPoints/<>c__DisplayClass19_0&) (at D:/Projects/MindAttic/GridGame2026/Assets/Editor/CliEntryPoints.cs:397)
0x0000021561ecc06b (Mono JIT Code) CliEntryPoints:CheckAllGuardrails () (at D:/Projects/MindAttic/GridGame2026/Assets/Editor/CliEntryPoints.cs:410)
0x00000214cc044d65 (Mono JIT Code) (wrapper runtime-invoke) object:runtime_invoke_void (object,intptr,intptr,intptr)
0x00007ff935a46bfe (mono-2.0-bdwgc) mono_jit_runtime_invoke (at C:/build/output/Unity-Technologies/mono/mono/mini/mini-runtime.c:3445)
0x00007ff935988984 (mono-2.0-bdwgc) do_runtime_invoke (at C:/build/output/Unity-Technologies/mono/mono/metadata/object.c:3068)
0x00007ff935988a70 (mono-2.0-bdwgc) mono_runtime_invoke (at C:/build/output/Unity-Technologies/mono/mono/metadata/object.c:3115)
0x00007ff92c465064 (Unity) scripting_method_invoke
0x00007ff92c46bf23 (Unity) ScriptingInvocation::Invoke
0x00007ff92cc9444a (Unity) Application::ParseARGVCommands
0x00007ff92cc8a439 (Unity) Application::FinishLoadingProject
0x00007ff92ca85a6c (Unity) UnityMain
0x00007ff7c7f72f2a (Unity) __scrt_common_main_seh
0x00007ffb19f6e8d7 (KERNEL32) BaseThreadInitThunk
0x00007ffb1b5cc3fc (ntdll) RtlUserThreadStart

[Cli] ── InstantiateBan ─────────────────────────────────
0x00007ff92bc2fd3e (Unity) StackWalker::ShowCallstack
0x00007ff92d45e919 (Unity) PlatformStacktrace::GetStacktrace
0x00007ff92d45f19e (Unity) Stacktrace::GetStacktrace
0x00007ff92bbe0d4f (Unity) DebugStringToFile
0x00007ff92ba99020 (Unity) DebugLogHandler_CUSTOM_Internal_Log
0x0000021561ece76e (Mono JIT Code) (wrapper managed-to-native) UnityEngine.DebugLogHandler:Internal_Log_Injected (UnityEngine.LogType,UnityEngine.LogOption,UnityEngine.Bindings.ManagedSpanWrapper&,intptr)
0x0000021561ece573 (Mono JIT Code) UnityEngine.DebugLogHandler:Internal_Log (UnityEngine.LogType,UnityEngine.LogOption,string,UnityEngine.Object)
0x0000021561ece22b (Mono JIT Code) UnityEngine.DebugLogHandler:LogFormat (UnityEngine.LogType,UnityEngine.Object,string,object[])
0x0000021561ecd6ae (Mono JIT Code) UnityEngine.Logger:Log (UnityEngine.LogType,object)
0x0000021561ecd34d (Mono JIT Code) UnityEngine.Debug:Log (object)
0x0000021561eccccb (Mono JIT Code) CliEntryPoints:<CheckAllGuardrails>g__Run|19_0 (string,System.Func`1<int>,CliEntryPoints/<>c__DisplayClass19_0&) (at D:/Projects/MindAttic/GridGame2026/Assets/Editor/CliEntryPoints.cs:396)
0x0000021561ecc20b (Mono JIT Code) CliEntryPoints:CheckAllGuardrails () (at D:/Projects/MindAttic/GridGame2026/Assets/Editor/CliEntryPoints.cs:411)
0x00000214cc044d65 (Mono JIT Code) (wrapper runtime-invoke) object:runtime_invoke_void (object,intptr,intptr,intptr)
0x00007ff935a46bfe (mono-2.0-bdwgc) mono_jit_runtime_invoke (at C:/build/output/Unity-Technologies/mono/mono/mini/mini-runtime.c:3445)
0x00007ff935988984 (mono-2.0-bdwgc) do_runtime_invoke (at C:/build/output/Unity-Technologies/mono/mono/metadata/object.c:3068)
0x00007ff935988a70 (mono-2.0-bdwgc) mono_runtime_invoke (at C:/build/output/Unity-Technologies/mono/mono/metadata/object.c:3115)
0x00007ff92c465064 (Unity) scripting_method_invoke
0x00007ff92c46bf23 (Unity) ScriptingInvocation::Invoke
0x00007ff92cc9444a (Unity) Application::ParseARGVCommands
0x00007ff92cc8a439 (Unity) Application::FinishLoadingProject
0x00007ff92ca85a6c (Unity) UnityMain
0x00007ff7c7f72f2a (Unity) __scrt_common_main_seh
0x00007ffb19f6e8d7 (KERNEL32) BaseThreadInitThunk
0x00007ffb1b5cc3fc (ntdll) RtlUserThreadStart

[InstantiateBan] Scanned: 2 non-Factory file(s) with Instantiate. Allowlist: 2.
0x00007ff92bc2fd3e (Unity) StackWalker::ShowCallstack
0x00007ff92d45e919 (Unity) PlatformStacktrace::GetStacktrace
0x00007ff92d45f19e (Unity) Stacktrace::GetStacktrace
0x00007ff92bbe0d4f (Unity) DebugStringToFile
0x00007ff92ba99020 (Unity) DebugLogHandler_CUSTOM_Internal_Log
0x0000021561ece76e (Mono JIT Code) (wrapper managed-to-native) UnityEngine.DebugLogHandler:Internal_Log_Injected (UnityEngine.LogType,UnityEngine.LogOption,UnityEngine.Bindings.ManagedSpanWrapper&,intptr)
0x0000021561ece573 (Mono JIT Code) UnityEngine.DebugLogHandler:Internal_Log (UnityEngine.LogType,UnityEngine.LogOption,string,UnityEngine.Object)
0x0000021561ece22b (Mono JIT Code) UnityEngine.DebugLogHandler:LogFormat (UnityEngine.LogType,UnityEngine.Object,string,object[])
0x0000021561ecd6ae (Mono JIT Code) UnityEngine.Logger:Log (UnityEngine.LogType,object)
0x0000021561ecd34d (Mono JIT Code) UnityEngine.Debug:Log (object)
0x000002156c0597f3 (Mono JIT Code) InstantiateBan:Check () (at D:/Projects/MindAttic/GridGame2026/Assets/Editor/InstantiateBan.cs:122)
0x000002156c0590cb (Mono JIT Code) CliEntryPoints/<>c:<CheckAllGuardrails>b__19_3 () (at D:/Projects/MindAttic/GridGame2026/Assets/Editor/CliEntryPoints.cs:411)
0x0000021561eccd05 (Mono JIT Code) CliEntryPoints:<CheckAllGuardrails>g__Run|19_0 (string,System.Func`1<int>,CliEntryPoints/<>c__DisplayClass19_0&) (at D:/Projects/MindAttic/GridGame2026/Assets/Editor/CliEntryPoints.cs:397)
0x0000021561ecc20b (Mono JIT Code) CliEntryPoints:CheckAllGuardrails () (at D:/Projects/MindAttic/GridGame2026/Assets/Editor/CliEntryPoints.cs:411)
0x00000214cc044d65 (Mono JIT Code) (wrapper runtime-invoke) object:runtime_invoke_void (object,intptr,intptr,intptr)
0x00007ff935a46bfe (mono-2.0-bdwgc) mono_jit_runtime_invoke (at C:/build/output/Unity-Technologies/mono/mono/mini/mini-runtime.c:3445)
0x00007ff935988984 (mono-2.0-bdwgc) do_runtime_invoke (at C:/build/output/Unity-Technologies/mono/mono/metadata/object.c:3068)
0x00007ff935988a70 (mono-2.0-bdwgc) mono_runtime_invoke (at C:/build/output/Unity-Technologies/mono/mono/metadata/object.c:3115)
0x00007ff92c465064 (Unity) scripting_method_invoke
0x00007ff92c46bf23 (Unity) ScriptingInvocation::Invoke
0x00007ff92cc9444a (Unity) Application::ParseARGVCommands
0x00007ff92cc8a439 (Unity) Application::FinishLoadingProject
0x00007ff92ca85a6c (Unity) UnityMain
0x00007ff7c7f72f2a (Unity) __scrt_common_main_seh
0x00007ffb19f6e8d7 (KERNEL32) BaseThreadInitThunk
0x00007ffb1b5cc3fc (ntdll) RtlUserThreadStart

[InstantiateBan] OK — no new Instantiate call-sites outside Factory classes. Route runtime GameObject construction through a *Factory.cs.
0x00007ff92bc2fd3e (Unity) StackWalker::ShowCallstack
0x00007ff92d45e919 (Unity) PlatformStacktrace::GetStacktrace
0x00007ff92d45f19e (Unity) Stacktrace::GetStacktrace
0x00007ff92bbe0d4f (Unity) DebugStringToFile
0x00007ff92ba99020 (Unity) DebugLogHandler_CUSTOM_Internal_Log
0x0000021561ece76e (Mono JIT Code) (wrapper managed-to-native) UnityEngine.DebugLogHandler:Internal_Log_Injected (UnityEngine.LogType,UnityEngine.LogOption,UnityEngine.Bindings.ManagedSpanWrapper&,intptr)
0x0000021561ece573 (Mono JIT Code) UnityEngine.DebugLogHandler:Internal_Log (UnityEngine.LogType,UnityEngine.LogOption,string,UnityEngine.Object)
0x0000021561ece22b (Mono JIT Code) UnityEngine.DebugLogHandler:LogFormat (UnityEngine.LogType,UnityEngine.Object,string,object[])
0x0000021561ecd6ae (Mono JIT Code) UnityEngine.Logger:Log (UnityEngine.LogType,object)
0x0000021561ecd34d (Mono JIT Code) UnityEngine.Debug:Log (object)
0x000002156c059e23 (Mono JIT Code) InstantiateBan:Check () (at D:/Projects/MindAttic/GridGame2026/Assets/Editor/InstantiateBan.cs:133)
0x000002156c0590cb (Mono JIT Code) CliEntryPoints/<>c:<CheckAllGuardrails>b__19_3 () (at D:/Projects/MindAttic/GridGame2026/Assets/Editor/CliEntryPoints.cs:411)
0x0000021561eccd05 (Mono JIT Code) CliEntryPoints:<CheckAllGuardrails>g__Run|19_0 (string,System.Func`1<int>,CliEntryPoints/<>c__DisplayClass19_0&) (at D:/Projects/MindAttic/GridGame2026/Assets/Editor/CliEntryPoints.cs:397)
0x0000021561ecc20b (Mono JIT Code) CliEntryPoints:CheckAllGuardrails () (at D:/Projects/MindAttic/GridGame2026/Assets/Editor/CliEntryPoints.cs:411)
0x00000214cc044d65 (Mono JIT Code) (wrapper runtime-invoke) object:runtime_invoke_void (object,intptr,intptr,intptr)
0x00007ff935a46bfe (mono-2.0-bdwgc) mono_jit_runtime_invoke (at C:/build/output/Unity-Technologies/mono/mono/mini/mini-runtime.c:3445)
0x00007ff935988984 (mono-2.0-bdwgc) do_runtime_invoke (at C:/build/output/Unity-Technologies/mono/mono/metadata/object.c:3068)
0x00007ff935988a70 (mono-2.0-bdwgc) mono_runtime_invoke (at C:/build/output/Unity-Technologies/mono/mono/metadata/object.c:3115)
0x00007ff92c465064 (Unity) scripting_method_invoke
0x00007ff92c46bf23 (Unity) ScriptingInvocation::Invoke
0x00007ff92cc9444a (Unity) Application::ParseARGVCommands
0x00007ff92cc8a439 (Unity) Application::FinishLoadingProject
0x00007ff92ca85a6c (Unity) UnityMain
0x00007ff7c7f72f2a (Unity) __scrt_common_main_seh
0x00007ffb19f6e8d7 (KERNEL32) BaseThreadInitThunk
0x00007ffb1b5cc3fc (ntdll) RtlUserThreadStart

[Cli] ── ScaffoldDriftChecker ─────────────────────────────────
0x00007ff92bc2fd3e (Unity) StackWalker::ShowCallstack
0x00007ff92d45e919 (Unity) PlatformStacktrace::GetStacktrace
0x00007ff92d45f19e (Unity) Stacktrace::GetStacktrace
0x00007ff92bbe0d4f (Unity) DebugStringToFile
0x00007ff92ba99020 (Unity) DebugLogHandler_CUSTOM_Internal_Log
0x0000021561ece76e (Mono JIT Code) (wrapper managed-to-native) UnityEngine.DebugLogHandler:Internal_Log_Injected (UnityEngine.LogType,UnityEngine.LogOption,UnityEngine.Bindings.ManagedSpanWrapper&,intptr)
0x0000021561ece573 (Mono JIT Code) UnityEngine.DebugLogHandler:Internal_Log (UnityEngine.LogType,UnityEngine.LogOption,string,UnityEngine.Object)
0x0000021561ece22b (Mono JIT Code) UnityEngine.DebugLogHandler:LogFormat (UnityEngine.LogType,UnityEngine.Object,string,object[])
0x0000021561ecd6ae (Mono JIT Code) UnityEngine.Logger:Log (UnityEngine.LogType,object)
0x0000021561ecd34d (Mono JIT Code) UnityEngine.Debug:Log (object)
0x0000021561eccccb (Mono JIT Code) CliEntryPoints:<CheckAllGuardrails>g__Run|19_0 (string,System.Func`1<int>,CliEntryPoints/<>c__DisplayClass19_0&) (at D:/Projects/MindAttic/GridGame2026/Assets/Editor/CliEntryPoints.cs:396)
0x0000021561ecc3ab (Mono JIT Code) CliEntryPoints:CheckAllGuardrails () (at D:/Projects/MindAttic/GridGame2026/Assets/Editor/CliEntryPoints.cs:412)
0x00000214cc044d65 (Mono JIT Code) (wrapper runtime-invoke) object:runtime_invoke_void (object,intptr,intptr,intptr)
0x00007ff935a46bfe (mono-2.0-bdwgc) mono_jit_runtime_invoke (at C:/build/output/Unity-Technologies/mono/mono/mini/mini-runtime.c:3445)
0x00007ff935988984 (mono-2.0-bdwgc) do_runtime_invoke (at C:/build/output/Unity-Technologies/mono/mono/metadata/object.c:3068)
0x00007ff935988a70 (mono-2.0-bdwgc) mono_runtime_invoke (at C:/build/output/Unity-Technologies/mono/mono/metadata/object.c:3115)
0x00007ff92c465064 (Unity) scripting_method_invoke
0x00007ff92c46bf23 (Unity) ScriptingInvocation::Invoke
0x00007ff92cc9444a (Unity) Application::ParseARGVCommands
0x00007ff92cc8a439 (Unity) Application::FinishLoadingProject
0x00007ff92ca85a6c (Unity) UnityMain
0x00007ff7c7f72f2a (Unity) __scrt_common_main_seh
0x00007ffb19f6e8d7 (KERNEL32) BaseThreadInitThunk
0x00007ffb1b5cc3fc (ntdll) RtlUserThreadStart

Opening scene 'Assets/Scenes/Credits.unity'
Unloading 8 Unused Serialized files (Serialized files now loaded: 0)
Loaded scene 'Assets/Scenes/Credits.unity'
	Deserialize:            18.976 ms
	Integration:            219.281 ms
	Integration of assets:  1.477 ms
	Thread Wait Time:       0.014 ms
	Total Operation Time:   239.747 ms
Unloading 2 unused Assets / (1.0 KB). Loaded Objects now: 9651.
Memory consumption went from 250.6 MB to 250.6 MB.
Total: 6.653300 ms (FindLiveObjects: 0.311600 ms CreateObjectMapping: 0.210000 ms MarkObjects: 6.106600 ms  DeleteObjects: 0.024500 ms)

[ScaffoldDrift] Credits: OK.
0x00007ff92bc2fd3e (Unity) StackWalker::ShowCallstack
0x00007ff92d45e919 (Unity) PlatformStacktrace::GetStacktrace
0x00007ff92d45f19e (Unity) Stacktrace::GetStacktrace
0x00007ff92bbe0d4f (Unity) DebugStringToFile
0x00007ff92ba99020 (Unity) DebugLogHandler_CUSTOM_Internal_Log
0x0000021561ece76e (Mono JIT Code) (wrapper managed-to-native) UnityEngine.DebugLogHandler:Internal_Log_Injected (UnityEngine.LogType,UnityEngine.LogOption,UnityEngine.Bindings.ManagedSpanWrapper&,intptr)
0x0000021561ece573 (Mono JIT Code) UnityEngine.DebugLogHandler:Internal_Log (UnityEngine.LogType,UnityEngine.LogOption,string,UnityEngine.Object)
0x0000021561ece22b (Mono JIT Code) UnityEngine.DebugLogHandler:LogFormat (UnityEngine.LogType,UnityEngine.Object,string,object[])
0x0000021561ecd6ae (Mono JIT Code) UnityEngine.Logger:Log (UnityEngine.LogType,object)
0x0000021561ecd34d (Mono JIT Code) UnityEngine.Debug:Log (object)
0x00000215715d7e3b (Mono JIT Code) ScaffoldDriftChecker:Verify (System.Collections.Generic.IEnumerable`1<string>) (at D:/Projects/MindAttic/GridGame2026/Assets/Editor/ScaffoldDriftChecker.cs:83)
0x00000215715d7253 (Mono JIT Code) CliEntryPoints/<>c:<CheckAllGuardrails>b__19_4 () (at D:/Projects/MindAttic/GridGame2026/Assets/Editor/CliEntryPoints.cs:412)
0x0000021561eccd05 (Mono JIT Code) CliEntryPoints:<CheckAllGuardrails>g__Run|19_0 (string,System.Func`1<int>,CliEntryPoints/<>c__DisplayClass19_0&) (at D:/Projects/MindAttic/GridGame2026/Assets/Editor/CliEntryPoints.cs:397)
0x0000021561ecc3ab (Mono JIT Code) CliEntryPoints:CheckAllGuardrails () (at D:/Projects/MindAttic/GridGame2026/Assets/Editor/CliEntryPoints.cs:412)
0x00000214cc044d65 (Mono JIT Code) (wrapper runtime-invoke) object:runtime_invoke_void (object,intptr,intptr,intptr)
0x00007ff935a46bfe (mono-2.0-bdwgc) mono_jit_runtime_invoke (at C:/build/output/Unity-Technologies/mono/mono/mini/mini-runtime.c:3445)
0x00007ff935988984 (mono-2.0-bdwgc) do_runtime_invoke (at C:/build/output/Unity-Technologies/mono/mono/metadata/object.c:3068)
0x00007ff935988a70 (mono-2.0-bdwgc) mono_runtime_invoke (at C:/build/output/Unity-Technologies/mono/mono/metadata/object.c:3115)
0x00007ff92c465064 (Unity) scripting_method_invoke
0x00007ff92c46bf23 (Unity) ScriptingInvocation::Invoke
0x00007ff92cc9444a (Unity) Application::ParseARGVCommands
0x00007ff92cc8a439 (Unity) Application::FinishLoadingProject
0x00007ff92ca85a6c (Unity) UnityMain
0x00007ff7c7f72f2a (Unity) __scrt_common_main_seh
0x00007ffb19f6e8d7 (KERNEL32) BaseThreadInitThunk
0x00007ffb1b5cc3fc (ntdll) RtlUserThreadStart

Opening scene 'Assets/Scenes/Hub.unity'
Unloading 14 Unused Serialized files (Serialized files now loaded: 0)
Loaded scene 'Assets/Scenes/Hub.unity'
	Deserialize:            13.115 ms
	Integration:            154.303 ms
	Integration of assets:  0.006 ms
	Thread Wait Time:       0.014 ms
	Total Operation Time:   167.437 ms
Unloading 7 unused Assets / (3.3 KB). Loaded Objects now: 10454.
Memory consumption went from 249.7 MB to 249.7 MB.
Total: 7.339300 ms (FindLiveObjects: 0.366600 ms CreateObjectMapping: 0.229700 ms MarkObjects: 6.688300 ms  DeleteObjects: 0.053700 ms)

[ScaffoldDrift] Hub: OK.
0x00007ff92bc2fd3e (Unity) StackWalker::ShowCallstack
0x00007ff92d45e919 (Unity) PlatformStacktrace::GetStacktrace
0x00007ff92d45f19e (Unity) Stacktrace::GetStacktrace
0x00007ff92bbe0d4f (Unity) DebugStringToFile
0x00007ff92ba99020 (Unity) DebugLogHandler_CUSTOM_Internal_Log
0x0000021561ece76e (Mono JIT Code) (wrapper managed-to-native) UnityEngine.DebugLogHandler:Internal_Log_Injected (UnityEngine.LogType,UnityEngine.LogOption,UnityEngine.Bindings.ManagedSpanWrapper&,intptr)
0x0000021561ece573 (Mono JIT Code) UnityEngine.DebugLogHandler:Internal_Log (UnityEngine.LogType,UnityEngine.LogOption,string,UnityEngine.Object)
0x0000021561ece22b (Mono JIT Code) UnityEngine.DebugLogHandler:LogFormat (UnityEngine.LogType,UnityEngine.Object,string,object[])
0x0000021561ecd6ae (Mono JIT Code) UnityEngine.Logger:Log (UnityEngine.LogType,object)
0x0000021561ecd34d (Mono JIT Code) UnityEngine.Debug:Log (object)
0x00000215715d7e3b (Mono JIT Code) ScaffoldDriftChecker:Verify (System.Collections.Generic.IEnumerable`1<string>) (at D:/Projects/MindAttic/GridGame2026/Assets/Editor/ScaffoldDriftChecker.cs:83)
0x00000215715d7253 (Mono JIT Code) CliEntryPoints/<>c:<CheckAllGuardrails>b__19_4 () (at D:/Projects/MindAttic/GridGame2026/Assets/Editor/CliEntryPoints.cs:412)
0x0000021561eccd05 (Mono JIT Code) CliEntryPoints:<CheckAllGuardrails>g__Run|19_0 (string,System.Func`1<int>,CliEntryPoints/<>c__DisplayClass19_0&) (at D:/Projects/MindAttic/GridGame2026/Assets/Editor/CliEntryPoints.cs:397)
0x0000021561ecc3ab (Mono JIT Code) CliEntryPoints:CheckAllGuardrails () (at D:/Projects/MindAttic/GridGame2026/Assets/Editor/CliEntryPoints.cs:412)
0x00000214cc044d65 (Mono JIT Code) (wrapper runtime-invoke) object:runtime_invoke_void (object,intptr,intptr,intptr)
0x00007ff935a46bfe (mono-2.0-bdwgc) mono_jit_runtime_invoke (at C:/build/output/Unity-Technologies/mono/mono/mini/mini-runtime.c:3445)
0x00007ff935988984 (mono-2.0-bdwgc) do_runtime_invoke (at C:/build/output/Unity-Technologies/mono/mono/metadata/object.c:3068)
0x00007ff935988a70 (mono-2.0-bdwgc) mono_runtime_invoke (at C:/build/output/Unity-Technologies/mono/mono/metadata/object.c:3115)
0x00007ff92c465064 (Unity) scripting_method_invoke
0x00007ff92c46bf23 (Unity) ScriptingInvocation::Invoke
0x00007ff92cc9444a (Unity) Application::ParseARGVCommands
0x00007ff92cc8a439 (Unity) Application::FinishLoadingProject
0x00007ff92ca85a6c (Unity) UnityMain
0x00007ff7c7f72f2a (Unity) __scrt_common_main_seh
0x00007ffb19f6e8d7 (KERNEL32) BaseThreadInitThunk
0x00007ffb1b5cc3fc (ntdll) RtlUserThreadStart

Opening scene 'Assets/Scenes/LoadingScreen.unity'
Unloading 1 Unused Serialized files (Serialized files now loaded: 0)
Loaded scene 'Assets/Scenes/LoadingScreen.unity'
	Deserialize:            1.247 ms
	Integration:            148.770 ms
	Integration of assets:  0.002 ms
	Thread Wait Time:       0.013 ms
	Total Operation Time:   150.031 ms
Unloading 3 unused Assets / (135.6 KB). Loaded Objects now: 9604.
Memory consumption went from 249.3 MB to 249.1 MB.
Total: 6.885300 ms (FindLiveObjects: 0.282500 ms CreateObjectMapping: 0.199800 ms MarkObjects: 6.358200 ms  DeleteObjects: 0.044100 ms)

[ScaffoldDrift] LoadingScreen: OK.
0x00007ff92bc2fd3e (Unity) StackWalker::ShowCallstack
0x00007ff92d45e919 (Unity) PlatformStacktrace::GetStacktrace
0x00007ff92d45f19e (Unity) Stacktrace::GetStacktrace
0x00007ff92bbe0d4f (Unity) DebugStringToFile
0x00007ff92ba99020 (Unity) DebugLogHandler_CUSTOM_Internal_Log
0x0000021561ece76e (Mono JIT Code) (wrapper managed-to-native) UnityEngine.DebugLogHandler:Internal_Log_Injected (UnityEngine.LogType,UnityEngine.LogOption,UnityEngine.Bindings.ManagedSpanWrapper&,intptr)
0x0000021561ece573 (Mono JIT Code) UnityEngine.DebugLogHandler:Internal_Log (UnityEngine.LogType,UnityEngine.LogOption,string,UnityEngine.Object)
0x0000021561ece22b (Mono JIT Code) UnityEngine.DebugLogHandler:LogFormat (UnityEngine.LogType,UnityEngine.Object,string,object[])
0x0000021561ecd6ae (Mono JIT Code) UnityEngine.Logger:Log (UnityEngine.LogType,object)
0x0000021561ecd34d (Mono JIT Code) UnityEngine.Debug:Log (object)
0x00000215715d7e3b (Mono JIT Code) ScaffoldDriftChecker:Verify (System.Collections.Generic.IEnumerable`1<string>) (at D:/Projects/MindAttic/GridGame2026/Assets/Editor/ScaffoldDriftChecker.cs:83)
0x00000215715d7253 (Mono JIT Code) CliEntryPoints/<>c:<CheckAllGuardrails>b__19_4 () (at D:/Projects/MindAttic/GridGame2026/Assets/Editor/CliEntryPoints.cs:412)
0x0000021561eccd05 (Mono JIT Code) CliEntryPoints:<CheckAllGuardrails>g__Run|19_0 (string,System.Func`1<int>,CliEntryPoints/<>c__DisplayClass19_0&) (at D:/Projects/MindAttic/GridGame2026/Assets/Editor/CliEntryPoints.cs:397)
0x0000021561ecc3ab (Mono JIT Code) CliEntryPoints:CheckAllGuardrails () (at D:/Projects/MindAttic/GridGame2026/Assets/Editor/CliEntryPoints.cs:412)
0x00000214cc044d65 (Mono JIT Code) (wrapper runtime-invoke) object:runtime_invoke_void (object,intptr,intptr,intptr)
0x00007ff935a46bfe (mono-2.0-bdwgc) mono_jit_runtime_invoke (at C:/build/output/Unity-Technologies/mono/mono/mini/mini-runtime.c:3445)
0x00007ff935988984 (mono-2.0-bdwgc) do_runtime_invoke (at C:/build/output/Unity-Technologies/mono/mono/metadata/object.c:3068)
0x00007ff935988a70 (mono-2.0-bdwgc) mono_runtime_invoke (at C:/build/output/Unity-Technologies/mono/mono/metadata/object.c:3115)
0x00007ff92c465064 (Unity) scripting_method_invoke
0x00007ff92c46bf23 (Unity) ScriptingInvocation::Invoke
0x00007ff92cc9444a (Unity) Application::ParseARGVCommands
0x00007ff92cc8a439 (Unity) Application::FinishLoadingProject
0x00007ff92ca85a6c (Unity) UnityMain
0x00007ff7c7f72f2a (Unity) __scrt_common_main_seh
0x00007ffb19f6e8d7 (KERNEL32) BaseThreadInitThunk
0x00007ffb1b5cc3fc (ntdll) RtlUserThreadStart

Opening scene 'Assets/Scenes/PartyManager.unity'
Unloading 2 Unused Serialized files (Serialized files now loaded: 0)
Loaded scene 'Assets/Scenes/PartyManager.unity'
	Deserialize:            7.484 ms
	Integration:            149.085 ms
	Integration of assets:  0.166 ms
	Thread Wait Time:       0.016 ms
	Total Operation Time:   156.751 ms
Unloading 1 unused Assets / (0.5 KB). Loaded Objects now: 10057.
Memory consumption went from 249.5 MB to 249.5 MB.
Total: 7.112900 ms (FindLiveObjects: 0.318200 ms CreateObjectMapping: 0.214900 ms MarkObjects: 6.557300 ms  DeleteObjects: 0.021700 ms)

[ScaffoldDrift] PartyManager: OK.
0x00007ff92bc2fd3e (Unity) StackWalker::ShowCallstack
0x00007ff92d45e919 (Unity) PlatformStacktrace::GetStacktrace
0x00007ff92d45f19e (Unity) Stacktrace::GetStacktrace
0x00007ff92bbe0d4f (Unity) DebugStringToFile
0x00007ff92ba99020 (Unity) DebugLogHandler_CUSTOM_Internal_Log
0x0000021561ece76e (Mono JIT Code) (wrapper managed-to-native) UnityEngine.DebugLogHandler:Internal_Log_Injected (UnityEngine.LogType,UnityEngine.LogOption,UnityEngine.Bindings.ManagedSpanWrapper&,intptr)
0x0000021561ece573 (Mono JIT Code) UnityEngine.DebugLogHandler:Internal_Log (UnityEngine.LogType,UnityEngine.LogOption,string,UnityEngine.Object)
0x0000021561ece22b (Mono JIT Code) UnityEngine.DebugLogHandler:LogFormat (UnityEngine.LogType,UnityEngine.Object,string,object[])
0x0000021561ecd6ae (Mono JIT Code) UnityEngine.Logger:Log (UnityEngine.LogType,object)
0x0000021561ecd34d (Mono JIT Code) UnityEngine.Debug:Log (object)
0x00000215715d7e3b (Mono JIT Code) ScaffoldDriftChecker:Verify (System.Collections.Generic.IEnumerable`1<string>) (at D:/Projects/MindAttic/GridGame2026/Assets/Editor/ScaffoldDriftChecker.cs:83)
0x00000215715d7253 (Mono JIT Code) CliEntryPoints/<>c:<CheckAllGuardrails>b__19_4 () (at D:/Projects/MindAttic/GridGame2026/Assets/Editor/CliEntryPoints.cs:412)
0x0000021561eccd05 (Mono JIT Code) CliEntryPoints:<CheckAllGuardrails>g__Run|19_0 (string,System.Func`1<int>,CliEntryPoints/<>c__DisplayClass19_0&) (at D:/Projects/MindAttic/GridGame2026/Assets/Editor/CliEntryPoints.cs:397)
0x0000021561ecc3ab (Mono JIT Code) CliEntryPoints:CheckAllGuardrails () (at D:/Projects/MindAttic/GridGame2026/Assets/Editor/CliEntryPoints.cs:412)
0x00000214cc044d65 (Mono JIT Code) (wrapper runtime-invoke) object:runtime_invoke_void (object,intptr,intptr,intptr)
0x00007ff935a46bfe (mono-2.0-bdwgc) mono_jit_runtime_invoke (at C:/build/output/Unity-Technologies/mono/mono/mini/mini-runtime.c:3445)
0x00007ff935988984 (mono-2.0-bdwgc) do_runtime_invoke (at C:/build/output/Unity-Technologies/mono/mono/metadata/object.c:3068)
0x00007ff935988a70 (mono-2.0-bdwgc) mono_runtime_invoke (at C:/build/output/Unity-Technologies/mono/mono/metadata/object.c:3115)
0x00007ff92c465064 (Unity) scripting_method_invoke
0x00007ff92c46bf23 (Unity) ScriptingInvocation::Invoke
0x00007ff92cc9444a (Unity) Application::ParseARGVCommands
0x00007ff92cc8a439 (Unity) Application::FinishLoadingProject
0x00007ff92ca85a6c (Unity) UnityMain
0x00007ff7c7f72f2a (Unity) __scrt_common_main_seh
0x00007ffb19f6e8d7 (KERNEL32) BaseThreadInitThunk
0x00007ffb1b5cc3fc (ntdll) RtlUserThreadStart

Opening scene 'Assets/Scenes/PostBattleScreen.unity'
Unloading 3 Unused Serialized files (Serialized files now loaded: 0)
Loaded scene 'Assets/Scenes/PostBattleScreen.unity'
	Deserialize:            2.166 ms
	Integration:            151.310 ms
	Integration of assets:  0.131 ms
	Thread Wait Time:       0.053 ms
	Total Operation Time:   153.661 ms
Unloading 3 unused Assets / (1.7 KB). Loaded Objects now: 9652.
Memory consumption went from 249.5 MB to 249.5 MB.
Total: 7.049600 ms (FindLiveObjects: 0.294300 ms CreateObjectMapping: 0.223900 ms MarkObjects: 6.483400 ms  DeleteObjects: 0.047200 ms)

[ScaffoldDrift] PostBattleScreen: OK.
0x00007ff92bc2fd3e (Unity) StackWalker::ShowCallstack
0x00007ff92d45e919 (Unity) PlatformStacktrace::GetStacktrace
0x00007ff92d45f19e (Unity) Stacktrace::GetStacktrace
0x00007ff92bbe0d4f (Unity) DebugStringToFile
0x00007ff92ba99020 (Unity) DebugLogHandler_CUSTOM_Internal_Log
0x0000021561ece76e (Mono JIT Code) (wrapper managed-to-native) UnityEngine.DebugLogHandler:Internal_Log_Injected (UnityEngine.LogType,UnityEngine.LogOption,UnityEngine.Bindings.ManagedSpanWrapper&,intptr)
0x0000021561ece573 (Mono JIT Code) UnityEngine.DebugLogHandler:Internal_Log (UnityEngine.LogType,UnityEngine.LogOption,string,UnityEngine.Object)
0x0000021561ece22b (Mono JIT Code) UnityEngine.DebugLogHandler:LogFormat (UnityEngine.LogType,UnityEngine.Object,string,object[])
0x0000021561ecd6ae (Mono JIT Code) UnityEngine.Logger:Log (UnityEngine.LogType,object)
0x0000021561ecd34d (Mono JIT Code) UnityEngine.Debug:Log (object)
0x00000215715d7e3b (Mono JIT Code) ScaffoldDriftChecker:Verify (System.Collections.Generic.IEnumerable`1<string>) (at D:/Projects/MindAttic/GridGame2026/Assets/Editor/ScaffoldDriftChecker.cs:83)
0x00000215715d7253 (Mono JIT Code) CliEntryPoints/<>c:<CheckAllGuardrails>b__19_4 () (at D:/Projects/MindAttic/GridGame2026/Assets/Editor/CliEntryPoints.cs:412)
0x0000021561eccd05 (Mono JIT Code) CliEntryPoints:<CheckAllGuardrails>g__Run|19_0 (string,System.Func`1<int>,CliEntryPoints/<>c__DisplayClass19_0&) (at D:/Projects/MindAttic/GridGame2026/Assets/Editor/CliEntryPoints.cs:397)
0x0000021561ecc3ab (Mono JIT Code) CliEntryPoints:CheckAllGuardrails () (at D:/Projects/MindAttic/GridGame2026/Assets/Editor/CliEntryPoints.cs:412)
0x00000214cc044d65 (Mono JIT Code) (wrapper runtime-invoke) object:runtime_invoke_void (object,intptr,intptr,intptr)
0x00007ff935a46bfe (mono-2.0-bdwgc) mono_jit_runtime_invoke (at C:/build/output/Unity-Technologies/mono/mono/mini/mini-runtime.c:3445)
0x00007ff935988984 (mono-2.0-bdwgc) do_runtime_invoke (at C:/build/output/Unity-Technologies/mono/mono/metadata/object.c:3068)
0x00007ff935988a70 (mono-2.0-bdwgc) mono_runtime_invoke (at C:/build/output/Unity-Technologies/mono/mono/metadata/object.c:3115)
0x00007ff92c465064 (Unity) scripting_method_invoke
0x00007ff92c46bf23 (Unity) ScriptingInvocation::Invoke
0x00007ff92cc9444a (Unity) Application::ParseARGVCommands
0x00007ff92cc8a439 (Unity) Application::FinishLoadingProject
0x00007ff92ca85a6c (Unity) UnityMain
0x00007ff7c7f72f2a (Unity) __scrt_common_main_seh
0x00007ffb19f6e8d7 (KERNEL32) BaseThreadInitThunk
0x00007ffb1b5cc3fc (ntdll) RtlUserThreadStart

Opening scene 'Assets/Scenes/ProfileCreate.unity'
Unloading 3 Unused Serialized files (Serialized files now loaded: 0)
Loaded scene 'Assets/Scenes/ProfileCreate.unity'
	Deserialize:            1.291 ms
	Integration:            145.979 ms
	Integration of assets:  0.152 ms
	Thread Wait Time:       0.011 ms
	Total Operation Time:   147.433 ms
Unloading 5 unused Assets / (2.1 KB). Loaded Objects now: 9598.
Memory consumption went from 249.3 MB to 249.3 MB.
Total: 6.874800 ms (FindLiveObjects: 0.291600 ms CreateObjectMapping: 0.206500 ms MarkObjects: 6.335300 ms  DeleteObjects: 0.040700 ms)

[ScaffoldDrift] ProfileCreate: OK.
0x00007ff92bc2fd3e (Unity) StackWalker::ShowCallstack
0x00007ff92d45e919 (Unity) PlatformStacktrace::GetStacktrace
0x00007ff92d45f19e (Unity) Stacktrace::GetStacktrace
0x00007ff92bbe0d4f (Unity) DebugStringToFile
0x00007ff92ba99020 (Unity) DebugLogHandler_CUSTOM_Internal_Log
0x0000021561ece76e (Mono JIT Code) (wrapper managed-to-native) UnityEngine.DebugLogHandler:Internal_Log_Injected (UnityEngine.LogType,UnityEngine.LogOption,UnityEngine.Bindings.ManagedSpanWrapper&,intptr)
0x0000021561ece573 (Mono JIT Code) UnityEngine.DebugLogHandler:Internal_Log (UnityEngine.LogType,UnityEngine.LogOption,string,UnityEngine.Object)
0x0000021561ece22b (Mono JIT Code) UnityEngine.DebugLogHandler:LogFormat (UnityEngine.LogType,UnityEngine.Object,string,object[])
0x0000021561ecd6ae (Mono JIT Code) UnityEngine.Logger:Log (UnityEngine.LogType,object)
0x0000021561ecd34d (Mono JIT Code) UnityEngine.Debug:Log (object)
0x00000215715d7e3b (Mono JIT Code) ScaffoldDriftChecker:Verify (System.Collections.Generic.IEnumerable`1<string>) (at D:/Projects/MindAttic/GridGame2026/Assets/Editor/ScaffoldDriftChecker.cs:83)
0x00000215715d7253 (Mono JIT Code) CliEntryPoints/<>c:<CheckAllGuardrails>b__19_4 () (at D:/Projects/MindAttic/GridGame2026/Assets/Editor/CliEntryPoints.cs:412)
0x0000021561eccd05 (Mono JIT Code) CliEntryPoints:<CheckAllGuardrails>g__Run|19_0 (string,System.Func`1<int>,CliEntryPoints/<>c__DisplayClass19_0&) (at D:/Projects/MindAttic/GridGame2026/Assets/Editor/CliEntryPoints.cs:397)
0x0000021561ecc3ab (Mono JIT Code) CliEntryPoints:CheckAllGuardrails () (at D:/Projects/MindAttic/GridGame2026/Assets/Editor/CliEntryPoints.cs:412)
0x00000214cc044d65 (Mono JIT Code) (wrapper runtime-invoke) object:runtime_invoke_void (object,intptr,intptr,intptr)
0x00007ff935a46bfe (mono-2.0-bdwgc) mono_jit_runtime_invoke (at C:/build/output/Unity-Technologies/mono/mono/mini/mini-runtime.c:3445)
0x00007ff935988984 (mono-2.0-bdwgc) do_runtime_invoke (at C:/build/output/Unity-Technologies/mono/mono/metadata/object.c:3068)
0x00007ff935988a70 (mono-2.0-bdwgc) mono_runtime_invoke (at C:/build/output/Unity-Technologies/mono/mono/metadata/object.c:3115)
0x00007ff92c465064 (Unity) scripting_method_invoke
0x00007ff92c46bf23 (Unity) ScriptingInvocation::Invoke
0x00007ff92cc9444a (Unity) Application::ParseARGVCommands
0x00007ff92cc8a439 (Unity) Application::FinishLoadingProject
0x00007ff92ca85a6c (Unity) UnityMain
0x00007ff7c7f72f2a (Unity) __scrt_common_main_seh
0x00007ffb19f6e8d7 (KERNEL32) BaseThreadInitThunk
0x00007ffb1b5cc3fc (ntdll) RtlUserThreadStart

Opening scene 'Assets/Scenes/ProfileSelect.unity'
Unloading 4 Unused Serialized files (Serialized files now loaded: 0)
Loaded scene 'Assets/Scenes/ProfileSelect.unity'
	Deserialize:            2.228 ms
	Integration:            149.656 ms
	Integration of assets:  0.203 ms
	Thread Wait Time:       0.012 ms
	Total Operation Time:   152.099 ms
Unloading 1 unused Assets / (0.5 KB). Loaded Objects now: 9646.
Memory consumption went from 249.8 MB to 249.8 MB.
Total: 7.762100 ms (FindLiveObjects: 0.328200 ms CreateObjectMapping: 0.215200 ms MarkObjects: 7.194500 ms  DeleteObjects: 0.023400 ms)

[ScaffoldDrift] ProfileSelect: OK.
0x00007ff92bc2fd3e (Unity) StackWalker::ShowCallstack
0x00007ff92d45e919 (Unity) PlatformStacktrace::GetStacktrace
0x00007ff92d45f19e (Unity) Stacktrace::GetStacktrace
0x00007ff92bbe0d4f (Unity) DebugStringToFile
0x00007ff92ba99020 (Unity) DebugLogHandler_CUSTOM_Internal_Log
0x0000021561ece76e (Mono JIT Code) (wrapper managed-to-native) UnityEngine.DebugLogHandler:Internal_Log_Injected (UnityEngine.LogType,UnityEngine.LogOption,UnityEngine.Bindings.ManagedSpanWrapper&,intptr)
0x0000021561ece573 (Mono JIT Code) UnityEngine.DebugLogHandler:Internal_Log (UnityEngine.LogType,UnityEngine.LogOption,string,UnityEngine.Object)
0x0000021561ece22b (Mono JIT Code) UnityEngine.DebugLogHandler:LogFormat (UnityEngine.LogType,UnityEngine.Object,string,object[])
0x0000021561ecd6ae (Mono JIT Code) UnityEngine.Logger:Log (UnityEngine.LogType,object)
0x0000021561ecd34d (Mono JIT Code) UnityEngine.Debug:Log (object)
0x00000215715d7e3b (Mono JIT Code) ScaffoldDriftChecker:Verify (System.Collections.Generic.IEnumerable`1<string>) (at D:/Projects/MindAttic/GridGame2026/Assets/Editor/ScaffoldDriftChecker.cs:83)
0x00000215715d7253 (Mono JIT Code) CliEntryPoints/<>c:<CheckAllGuardrails>b__19_4 () (at D:/Projects/MindAttic/GridGame2026/Assets/Editor/CliEntryPoints.cs:412)
0x0000021561eccd05 (Mono JIT Code) CliEntryPoints:<CheckAllGuardrails>g__Run|19_0 (string,System.Func`1<int>,CliEntryPoints/<>c__DisplayClass19_0&) (at D:/Projects/MindAttic/GridGame2026/Assets/Editor/CliEntryPoints.cs:397)
0x0000021561ecc3ab (Mono JIT Code) CliEntryPoints:CheckAllGuardrails () (at D:/Projects/MindAttic/GridGame2026/Assets/Editor/CliEntryPoints.cs:412)
0x00000214cc044d65 (Mono JIT Code) (wrapper runtime-invoke) object:runtime_invoke_void (object,intptr,intptr,intptr)
0x00007ff935a46bfe (mono-2.0-bdwgc) mono_jit_runtime_invoke (at C:/build/output/Unity-Technologies/mono/mono/mini/mini-runtime.c:3445)
0x00007ff935988984 (mono-2.0-bdwgc) do_runtime_invoke (at C:/build/output/Unity-Technologies/mono/mono/metadata/object.c:3068)
0x00007ff935988a70 (mono-2.0-bdwgc) mono_runtime_invoke (at C:/build/output/Unity-Technologies/mono/mono/metadata/object.c:3115)
0x00007ff92c465064 (Unity) scripting_method_invoke
0x00007ff92c46bf23 (Unity) ScriptingInvocation::Invoke
0x00007ff92cc9444a (Unity) Application::ParseARGVCommands
0x00007ff92cc8a439 (Unity) Application::FinishLoadingProject
0x00007ff92ca85a6c (Unity) UnityMain
0x00007ff7c7f72f2a (Unity) __scrt_common_main_seh
0x00007ffb19f6e8d7 (KERNEL32) BaseThreadInitThunk
0x00007ffb1b5cc3fc (ntdll) RtlUserThreadStart

Opening scene 'Assets/Scenes/SaveFileSelect.unity'
Unloading 3 Unused Serialized files (Serialized files now loaded: 0)
Loaded scene 'Assets/Scenes/SaveFileSelect.unity'
	Deserialize:            1.584 ms
	Integration:            152.058 ms
	Integration of assets:  0.002 ms
	Thread Wait Time:       0.012 ms
	Total Operation Time:   153.656 ms
Unloading 1 unused Assets / (0.5 KB). Loaded Objects now: 9646.
Memory consumption went from 249.3 MB to 249.3 MB.
Total: 7.129400 ms (FindLiveObjects: 0.307500 ms CreateObjectMapping: 0.209400 ms MarkObjects: 6.583900 ms  DeleteObjects: 0.027800 ms)

[ScaffoldDrift] SaveFileSelect: OK.
0x00007ff92bc2fd3e (Unity) StackWalker::ShowCallstack
0x00007ff92d45e919 (Unity) PlatformStacktrace::GetStacktrace
0x00007ff92d45f19e (Unity) Stacktrace::GetStacktrace
0x00007ff92bbe0d4f (Unity) DebugStringToFile
0x00007ff92ba99020 (Unity) DebugLogHandler_CUSTOM_Internal_Log
0x0000021561ece76e (Mono JIT Code) (wrapper managed-to-native) UnityEngine.DebugLogHandler:Internal_Log_Injected (UnityEngine.LogType,UnityEngine.LogOption,UnityEngine.Bindings.ManagedSpanWrapper&,intptr)
0x0000021561ece573 (Mono JIT Code) UnityEngine.DebugLogHandler:Internal_Log (UnityEngine.LogType,UnityEngine.LogOption,string,UnityEngine.Object)
0x0000021561ece22b (Mono JIT Code) UnityEngine.DebugLogHandler:LogFormat (UnityEngine.LogType,UnityEngine.Object,string,object[])
0x0000021561ecd6ae (Mono JIT Code) UnityEngine.Logger:Log (UnityEngine.LogType,object)
0x0000021561ecd34d (Mono JIT Code) UnityEngine.Debug:Log (object)
0x00000215715d7e3b (Mono JIT Code) ScaffoldDriftChecker:Verify (System.Collections.Generic.IEnumerable`1<string>) (at D:/Projects/MindAttic/GridGame2026/Assets/Editor/ScaffoldDriftChecker.cs:83)
0x00000215715d7253 (Mono JIT Code) CliEntryPoints/<>c:<CheckAllGuardrails>b__19_4 () (at D:/Projects/MindAttic/GridGame2026/Assets/Editor/CliEntryPoints.cs:412)
0x0000021561eccd05 (Mono JIT Code) CliEntryPoints:<CheckAllGuardrails>g__Run|19_0 (string,System.Func`1<int>,CliEntryPoints/<>c__DisplayClass19_0&) (at D:/Projects/MindAttic/GridGame2026/Assets/Editor/CliEntryPoints.cs:397)
0x0000021561ecc3ab (Mono JIT Code) CliEntryPoints:CheckAllGuardrails () (at D:/Projects/MindAttic/GridGame2026/Assets/Editor/CliEntryPoints.cs:412)
0x00000214cc044d65 (Mono JIT Code) (wrapper runtime-invoke) object:runtime_invoke_void (object,intptr,intptr,intptr)
0x00007ff935a46bfe (mono-2.0-bdwgc) mono_jit_runtime_invoke (at C:/build/output/Unity-Technologies/mono/mono/mini/mini-runtime.c:3445)
0x00007ff935988984 (mono-2.0-bdwgc) do_runtime_invoke (at C:/build/output/Unity-Technologies/mono/mono/metadata/object.c:3068)
0x00007ff935988a70 (mono-2.0-bdwgc) mono_runtime_invoke (at C:/build/output/Unity-Technologies/mono/mono/metadata/object.c:3115)
0x00007ff92c465064 (Unity) scripting_method_invoke
0x00007ff92c46bf23 (Unity) ScriptingInvocation::Invoke
0x00007ff92cc9444a (Unity) Application::ParseARGVCommands
0x00007ff92cc8a439 (Unity) Application::FinishLoadingProject
0x00007ff92ca85a6c (Unity) UnityMain
0x00007ff7c7f72f2a (Unity) __scrt_common_main_seh
0x00007ffb19f6e8d7 (KERNEL32) BaseThreadInitThunk
0x00007ffb1b5cc3fc (ntdll) RtlUserThreadStart

Opening scene 'Assets/Scenes/Settings.unity'
Unloading 2 Unused Serialized files (Serialized files now loaded: 0)
Loaded scene 'Assets/Scenes/Settings.unity'
	Deserialize:            2.941 ms
	Integration:            150.195 ms
	Integration of assets:  0.137 ms
	Thread Wait Time:       0.015 ms
	Total Operation Time:   153.287 ms
Unloading 1 unused Assets / (0.5 KB). Loaded Objects now: 9668.
Memory consumption went from 249.5 MB to 249.5 MB.
Total: 7.279400 ms (FindLiveObjects: 0.365300 ms CreateObjectMapping: 0.241100 ms MarkObjects: 6.643500 ms  DeleteObjects: 0.028400 ms)

[ScaffoldDrift] Settings: OK.
0x00007ff92bc2fd3e (Unity) StackWalker::ShowCallstack
0x00007ff92d45e919 (Unity) PlatformStacktrace::GetStacktrace
0x00007ff92d45f19e (Unity) Stacktrace::GetStacktrace
0x00007ff92bbe0d4f (Unity) DebugStringToFile
0x00007ff92ba99020 (Unity) DebugLogHandler_CUSTOM_Internal_Log
0x0000021561ece76e (Mono JIT Code) (wrapper managed-to-native) UnityEngine.DebugLogHandler:Internal_Log_Injected (UnityEngine.LogType,UnityEngine.LogOption,UnityEngine.Bindings.ManagedSpanWrapper&,intptr)
0x0000021561ece573 (Mono JIT Code) UnityEngine.DebugLogHandler:Internal_Log (UnityEngine.LogType,UnityEngine.LogOption,string,UnityEngine.Object)
0x0000021561ece22b (Mono JIT Code) UnityEngine.DebugLogHandler:LogFormat (UnityEngine.LogType,UnityEngine.Object,string,object[])
0x0000021561ecd6ae (Mono JIT Code) UnityEngine.Logger:Log (UnityEngine.LogType,object)
0x0000021561ecd34d (Mono JIT Code) UnityEngine.Debug:Log (object)
0x00000215715d7e3b (Mono JIT Code) ScaffoldDriftChecker:Verify (System.Collections.Generic.IEnumerable`1<string>) (at D:/Projects/MindAttic/GridGame2026/Assets/Editor/ScaffoldDriftChecker.cs:83)
0x00000215715d7253 (Mono JIT Code) CliEntryPoints/<>c:<CheckAllGuardrails>b__19_4 () (at D:/Projects/MindAttic/GridGame2026/Assets/Editor/CliEntryPoints.cs:412)
0x0000021561eccd05 (Mono JIT Code) CliEntryPoints:<CheckAllGuardrails>g__Run|19_0 (string,System.Func`1<int>,CliEntryPoints/<>c__DisplayClass19_0&) (at D:/Projects/MindAttic/GridGame2026/Assets/Editor/CliEntryPoints.cs:397)
0x0000021561ecc3ab (Mono JIT Code) CliEntryPoints:CheckAllGuardrails () (at D:/Projects/MindAttic/GridGame2026/Assets/Editor/CliEntryPoints.cs:412)
0x00000214cc044d65 (Mono JIT Code) (wrapper runtime-invoke) object:runtime_invoke_void (object,intptr,intptr,intptr)
0x00007ff935a46bfe (mono-2.0-bdwgc) mono_jit_runtime_invoke (at C:/build/output/Unity-Technologies/mono/mono/mini/mini-runtime.c:3445)
0x00007ff935988984 (mono-2.0-bdwgc) do_runtime_invoke (at C:/build/output/Unity-Technologies/mono/mono/metadata/object.c:3068)
0x00007ff935988a70 (mono-2.0-bdwgc) mono_runtime_invoke (at C:/build/output/Unity-Technologies/mono/mono/metadata/object.c:3115)
0x00007ff92c465064 (Unity) scripting_method_invoke
0x00007ff92c46bf23 (Unity) ScriptingInvocation::Invoke
0x00007ff92cc9444a (Unity) Application::ParseARGVCommands
0x00007ff92cc8a439 (Unity) Application::FinishLoadingProject
0x00007ff92ca85a6c (Unity) UnityMain
0x00007ff7c7f72f2a (Unity) __scrt_common_main_seh
0x00007ffb19f6e8d7 (KERNEL32) BaseThreadInitThunk
0x00007ffb1b5cc3fc (ntdll) RtlUserThreadStart

Opening scene 'Assets/Scenes/SplashScreen.unity'
Unloading 2 Unused Serialized files (Serialized files now loaded: 0)
Loaded scene 'Assets/Scenes/SplashScreen.unity'
	Deserialize:            1.209 ms
	Integration:            145.640 ms
	Integration of assets:  0.002 ms
	Thread Wait Time:       0.015 ms
	Total Operation Time:   146.865 ms
Unloading 11 unused Assets / (9.1 KB). Loaded Objects now: 9582.
Memory consumption went from 249.4 MB to 249.4 MB.
Total: 7.237800 ms (FindLiveObjects: 0.290600 ms CreateObjectMapping: 0.293000 ms MarkObjects: 6.595600 ms  DeleteObjects: 0.057900 ms)

[ScaffoldDrift] SplashScreen: OK.
0x00007ff92bc2fd3e (Unity) StackWalker::ShowCallstack
0x00007ff92d45e919 (Unity) PlatformStacktrace::GetStacktrace
0x00007ff92d45f19e (Unity) Stacktrace::GetStacktrace
0x00007ff92bbe0d4f (Unity) DebugStringToFile
0x00007ff92ba99020 (Unity) DebugLogHandler_CUSTOM_Internal_Log
0x0000021561ece76e (Mono JIT Code) (wrapper managed-to-native) UnityEngine.DebugLogHandler:Internal_Log_Injected (UnityEngine.LogType,UnityEngine.LogOption,UnityEngine.Bindings.ManagedSpanWrapper&,intptr)
0x0000021561ece573 (Mono JIT Code) UnityEngine.DebugLogHandler:Internal_Log (UnityEngine.LogType,UnityEngine.LogOption,string,UnityEngine.Object)
0x0000021561ece22b (Mono JIT Code) UnityEngine.DebugLogHandler:LogFormat (UnityEngine.LogType,UnityEngine.Object,string,object[])
0x0000021561ecd6ae (Mono JIT Code) UnityEngine.Logger:Log (UnityEngine.LogType,object)
0x0000021561ecd34d (Mono JIT Code) UnityEngine.Debug:Log (object)
0x00000215715d7e3b (Mono JIT Code) ScaffoldDriftChecker:Verify (System.Collections.Generic.IEnumerable`1<string>) (at D:/Projects/MindAttic/GridGame2026/Assets/Editor/ScaffoldDriftChecker.cs:83)
0x00000215715d7253 (Mono JIT Code) CliEntryPoints/<>c:<CheckAllGuardrails>b__19_4 () (at D:/Projects/MindAttic/GridGame2026/Assets/Editor/CliEntryPoints.cs:412)
0x0000021561eccd05 (Mono JIT Code) CliEntryPoints:<CheckAllGuardrails>g__Run|19_0 (string,System.Func`1<int>,CliEntryPoints/<>c__DisplayClass19_0&) (at D:/Projects/MindAttic/GridGame2026/Assets/Editor/CliEntryPoints.cs:397)
0x0000021561ecc3ab (Mono JIT Code) CliEntryPoints:CheckAllGuardrails () (at D:/Projects/MindAttic/GridGame2026/Assets/Editor/CliEntryPoints.cs:412)
0x00000214cc044d65 (Mono JIT Code) (wrapper runtime-invoke) object:runtime_invoke_void (object,intptr,intptr,intptr)
0x00007ff935a46bfe (mono-2.0-bdwgc) mono_jit_runtime_invoke (at C:/build/output/Unity-Technologies/mono/mono/mini/mini-runtime.c:3445)
0x00007ff935988984 (mono-2.0-bdwgc) do_runtime_invoke (at C:/build/output/Unity-Technologies/mono/mono/metadata/object.c:3068)
0x00007ff935988a70 (mono-2.0-bdwgc) mono_runtime_invoke (at C:/build/output/Unity-Technologies/mono/mono/metadata/object.c:3115)
0x00007ff92c465064 (Unity) scripting_method_invoke
0x00007ff92c46bf23 (Unity) ScriptingInvocation::Invoke
0x00007ff92cc9444a (Unity) Application::ParseARGVCommands
0x00007ff92cc8a439 (Unity) Application::FinishLoadingProject
0x00007ff92ca85a6c (Unity) UnityMain
0x00007ff7c7f72f2a (Unity) __scrt_common_main_seh
0x00007ffb19f6e8d7 (KERNEL32) BaseThreadInitThunk
0x00007ffb1b5cc3fc (ntdll) RtlUserThreadStart

Opening scene 'Assets/Scenes/StageSelect.unity'
Unloading 3 Unused Serialized files (Serialized files now loaded: 0)
Loaded scene 'Assets/Scenes/StageSelect.unity'
	Deserialize:            2.371 ms
	Integration:            147.246 ms
	Integration of assets:  0.169 ms
	Thread Wait Time:       0.009 ms
	Total Operation Time:   149.795 ms
Unloading 1 unused Assets / (0.5 KB). Loaded Objects now: 9646.
Memory consumption went from 249.8 MB to 249.8 MB.
Total: 6.974400 ms (FindLiveObjects: 0.285000 ms CreateObjectMapping: 0.232100 ms MarkObjects: 6.431900 ms  DeleteObjects: 0.024400 ms)

[ScaffoldDrift] StageSelect: OK.
0x00007ff92bc2fd3e (Unity) StackWalker::ShowCallstack
0x00007ff92d45e919 (Unity) PlatformStacktrace::GetStacktrace
0x00007ff92d45f19e (Unity) Stacktrace::GetStacktrace
0x00007ff92bbe0d4f (Unity) DebugStringToFile
0x00007ff92ba99020 (Unity) DebugLogHandler_CUSTOM_Internal_Log
0x0000021561ece76e (Mono JIT Code) (wrapper managed-to-native) UnityEngine.DebugLogHandler:Internal_Log_Injected (UnityEngine.LogType,UnityEngine.LogOption,UnityEngine.Bindings.ManagedSpanWrapper&,intptr)
0x0000021561ece573 (Mono JIT Code) UnityEngine.DebugLogHandler:Internal_Log (UnityEngine.LogType,UnityEngine.LogOption,string,UnityEngine.Object)
0x0000021561ece22b (Mono JIT Code) UnityEngine.DebugLogHandler:LogFormat (UnityEngine.LogType,UnityEngine.Object,string,object[])
0x0000021561ecd6ae (Mono JIT Code) UnityEngine.Logger:Log (UnityEngine.LogType,object)
0x0000021561ecd34d (Mono JIT Code) UnityEngine.Debug:Log (object)
0x00000215715d7e3b (Mono JIT Code) ScaffoldDriftChecker:Verify (System.Collections.Generic.IEnumerable`1<string>) (at D:/Projects/MindAttic/GridGame2026/Assets/Editor/ScaffoldDriftChecker.cs:83)
0x00000215715d7253 (Mono JIT Code) CliEntryPoints/<>c:<CheckAllGuardrails>b__19_4 () (at D:/Projects/MindAttic/GridGame2026/Assets/Editor/CliEntryPoints.cs:412)
0x0000021561eccd05 (Mono JIT Code) CliEntryPoints:<CheckAllGuardrails>g__Run|19_0 (string,System.Func`1<int>,CliEntryPoints/<>c__DisplayClass19_0&) (at D:/Projects/MindAttic/GridGame2026/Assets/Editor/CliEntryPoints.cs:397)
0x0000021561ecc3ab (Mono JIT Code) CliEntryPoints:CheckAllGuardrails () (at D:/Projects/MindAttic/GridGame2026/Assets/Editor/CliEntryPoints.cs:412)
0x00000214cc044d65 (Mono JIT Code) (wrapper runtime-invoke) object:runtime_invoke_void (object,intptr,intptr,intptr)
0x00007ff935a46bfe (mono-2.0-bdwgc) mono_jit_runtime_invoke (at C:/build/output/Unity-Technologies/mono/mono/mini/mini-runtime.c:3445)
0x00007ff935988984 (mono-2.0-bdwgc) do_runtime_invoke (at C:/build/output/Unity-Technologies/mono/mono/metadata/object.c:3068)
0x00007ff935988a70 (mono-2.0-bdwgc) mono_runtime_invoke (at C:/build/output/Unity-Technologies/mono/mono/metadata/object.c:3115)
0x00007ff92c465064 (Unity) scripting_method_invoke
0x00007ff92c46bf23 (Unity) ScriptingInvocation::Invoke
0x00007ff92cc9444a (Unity) Application::ParseARGVCommands
0x00007ff92cc8a439 (Unity) Application::FinishLoadingProject
0x00007ff92ca85a6c (Unity) UnityMain
0x00007ff7c7f72f2a (Unity) __scrt_common_main_seh
0x00007ffb19f6e8d7 (KERNEL32) BaseThreadInitThunk
0x00007ffb1b5cc3fc (ntdll) RtlUserThreadStart

Opening scene 'Assets/Scenes/TitleScreen.unity'
Unloading 5 Unused Serialized files (Serialized files now loaded: 0)
Loaded scene 'Assets/Scenes/TitleScreen.unity'
	Deserialize:            3.283 ms
	Integration:            152.261 ms
	Integration of assets:  0.270 ms
	Thread Wait Time:       0.015 ms
	Total Operation Time:   155.829 ms
Unloading 9 unused Assets / (7.8 KB). Loaded Objects now: 9668.
Memory consumption went from 249.7 MB to 249.7 MB.
Total: 6.872500 ms (FindLiveObjects: 0.305900 ms CreateObjectMapping: 0.213000 ms MarkObjects: 6.293600 ms  DeleteObjects: 0.059100 ms)

[ScaffoldDrift] TitleScreen: OK.
0x00007ff92bc2fd3e (Unity) StackWalker::ShowCallstack
0x00007ff92d45e919 (Unity) PlatformStacktrace::GetStacktrace
0x00007ff92d45f19e (Unity) Stacktrace::GetStacktrace
0x00007ff92bbe0d4f (Unity) DebugStringToFile
0x00007ff92ba99020 (Unity) DebugLogHandler_CUSTOM_Internal_Log
0x0000021561ece76e (Mono JIT Code) (wrapper managed-to-native) UnityEngine.DebugLogHandler:Internal_Log_Injected (UnityEngine.LogType,UnityEngine.LogOption,UnityEngine.Bindings.ManagedSpanWrapper&,intptr)
0x0000021561ece573 (Mono JIT Code) UnityEngine.DebugLogHandler:Internal_Log (UnityEngine.LogType,UnityEngine.LogOption,string,UnityEngine.Object)
0x0000021561ece22b (Mono JIT Code) UnityEngine.DebugLogHandler:LogFormat (UnityEngine.LogType,UnityEngine.Object,string,object[])
0x0000021561ecd6ae (Mono JIT Code) UnityEngine.Logger:Log (UnityEngine.LogType,object)
0x0000021561ecd34d (Mono JIT Code) UnityEngine.Debug:Log (object)
0x00000215715d7e3b (Mono JIT Code) ScaffoldDriftChecker:Verify (System.Collections.Generic.IEnumerable`1<string>) (at D:/Projects/MindAttic/GridGame2026/Assets/Editor/ScaffoldDriftChecker.cs:83)
0x00000215715d7253 (Mono JIT Code) CliEntryPoints/<>c:<CheckAllGuardrails>b__19_4 () (at D:/Projects/MindAttic/GridGame2026/Assets/Editor/CliEntryPoints.cs:412)
0x0000021561eccd05 (Mono JIT Code) CliEntryPoints:<CheckAllGuardrails>g__Run|19_0 (string,System.Func`1<int>,CliEntryPoints/<>c__DisplayClass19_0&) (at D:/Projects/MindAttic/GridGame2026/Assets/Editor/CliEntryPoints.cs:397)
0x0000021561ecc3ab (Mono JIT Code) CliEntryPoints:CheckAllGuardrails () (at D:/Projects/MindAttic/GridGame2026/Assets/Editor/CliEntryPoints.cs:412)
0x00000214cc044d65 (Mono JIT Code) (wrapper runtime-invoke) object:runtime_invoke_void (object,intptr,intptr,intptr)
0x00007ff935a46bfe (mono-2.0-bdwgc) mono_jit_runtime_invoke (at C:/build/output/Unity-Technologies/mono/mono/mini/mini-runtime.c:3445)
0x00007ff935988984 (mono-2.0-bdwgc) do_runtime_invoke (at C:/build/output/Unity-Technologies/mono/mono/metadata/object.c:3068)
0x00007ff935988a70 (mono-2.0-bdwgc) mono_runtime_invoke (at C:/build/output/Unity-Technologies/mono/mono/metadata/object.c:3115)
0x00007ff92c465064 (Unity) scripting_method_invoke
0x00007ff92c46bf23 (Unity) ScriptingInvocation::Invoke
0x00007ff92cc9444a (Unity) Application::ParseARGVCommands
0x00007ff92cc8a439 (Unity) Application::FinishLoadingProject
0x00007ff92ca85a6c (Unity) UnityMain
0x00007ff7c7f72f2a (Unity) __scrt_common_main_seh
0x00007ffb19f6e8d7 (KERNEL32) BaseThreadInitThunk
0x00007ffb1b5cc3fc (ntdll) RtlUserThreadStart

Opening scene 'Assets/Scenes/Game.unity'
Unloading 18 Unused Serialized files (Serialized files now loaded: 0)
Loaded scene 'Assets/Scenes/Game.unity'
	Deserialize:            23.324 ms
	Integration:            165.170 ms
	Integration of assets:  0.356 ms
	Thread Wait Time:       0.015 ms
	Total Operation Time:   188.865 ms
Unloading 5 unused Assets / (2.9 KB). Loaded Objects now: 10066.
Memory consumption went from 254.7 MB to 254.7 MB.
Total: 6.745500 ms (FindLiveObjects: 0.390300 ms CreateObjectMapping: 0.224900 ms MarkObjects: 6.090000 ms  DeleteObjects: 0.039800 ms)

[ScaffoldDrift] Game: OK.
0x00007ff92bc2fd3e (Unity) StackWalker::ShowCallstack
0x00007ff92d45e919 (Unity) PlatformStacktrace::GetStacktrace
0x00007ff92d45f19e (Unity) Stacktrace::GetStacktrace
0x00007ff92bbe0d4f (Unity) DebugStringToFile
0x00007ff92ba99020 (Unity) DebugLogHandler_CUSTOM_Internal_Log
0x0000021561ece76e (Mono JIT Code) (wrapper managed-to-native) UnityEngine.DebugLogHandler:Internal_Log_Injected (UnityEngine.LogType,UnityEngine.LogOption,UnityEngine.Bindings.ManagedSpanWrapper&,intptr)
0x0000021561ece573 (Mono JIT Code) UnityEngine.DebugLogHandler:Internal_Log (UnityEngine.LogType,UnityEngine.LogOption,string,UnityEngine.Object)
0x0000021561ece22b (Mono JIT Code) UnityEngine.DebugLogHandler:LogFormat (UnityEngine.LogType,UnityEngine.Object,string,object[])
0x0000021561ecd6ae (Mono JIT Code) UnityEngine.Logger:Log (UnityEngine.LogType,object)
0x0000021561ecd34d (Mono JIT Code) UnityEngine.Debug:Log (object)
0x00000215715d7e3b (Mono JIT Code) ScaffoldDriftChecker:Verify (System.Collections.Generic.IEnumerable`1<string>) (at D:/Projects/MindAttic/GridGame2026/Assets/Editor/ScaffoldDriftChecker.cs:83)
0x00000215715d7253 (Mono JIT Code) CliEntryPoints/<>c:<CheckAllGuardrails>b__19_4 () (at D:/Projects/MindAttic/GridGame2026/Assets/Editor/CliEntryPoints.cs:412)
0x0000021561eccd05 (Mono JIT Code) CliEntryPoints:<CheckAllGuardrails>g__Run|19_0 (string,System.Func`1<int>,CliEntryPoints/<>c__DisplayClass19_0&) (at D:/Projects/MindAttic/GridGame2026/Assets/Editor/CliEntryPoints.cs:397)
0x0000021561ecc3ab (Mono JIT Code) CliEntryPoints:CheckAllGuardrails () (at D:/Projects/MindAttic/GridGame2026/Assets/Editor/CliEntryPoints.cs:412)
0x00000214cc044d65 (Mono JIT Code) (wrapper runtime-invoke) object:runtime_invoke_void (object,intptr,intptr,intptr)
0x00007ff935a46bfe (mono-2.0-bdwgc) mono_jit_runtime_invoke (at C:/build/output/Unity-Technologies/mono/mono/mini/mini-runtime.c:3445)
0x00007ff935988984 (mono-2.0-bdwgc) do_runtime_invoke (at C:/build/output/Unity-Technologies/mono/mono/metadata/object.c:3068)
0x00007ff935988a70 (mono-2.0-bdwgc) mono_runtime_invoke (at C:/build/output/Unity-Technologies/mono/mono/metadata/object.c:3115)
0x00007ff92c465064 (Unity) scripting_method_invoke
0x00007ff92c46bf23 (Unity) ScriptingInvocation::Invoke
0x00007ff92cc9444a (Unity) Application::ParseARGVCommands
0x00007ff92cc8a439 (Unity) Application::FinishLoadingProject
0x00007ff92ca85a6c (Unity) UnityMain
0x00007ff7c7f72f2a (Unity) __scrt_common_main_seh
0x00007ffb19f6e8d7 (KERNEL32) BaseThreadInitThunk
0x00007ffb1b5cc3fc (ntdll) RtlUserThreadStart

Opening scene 'Assets/Scenes/Overworld.unity'
Unloading 18 Unused Serialized files (Serialized files now loaded: 0)
Creating missing Rigidbody2D component for TreeInstance in Tree.
0x00007ff92bc2fd3e (Unity) StackWalker::ShowCallstack
0x00007ff92d45e919 (Unity) PlatformStacktrace::GetStacktrace
0x00007ff92d45f19e (Unity) Stacktrace::GetStacktrace
0x00007ff92bbe0d4f (Unity) DebugStringToFile
0x00007ff92c2e6ef1 (Unity) AddComponentByPtr
0x00007ff92c2e7f3a (Unity) AddMissingRequiredComponentsDuringLoad
0x00007ff92d11617e (Unity) CheckGameObjectsAndAddMissingRequiredComponents
0x00007ff92c40846d (Unity) LoadSceneOperation::CompleteAwakeSequence
0x00007ff92c408ecd (Unity) LoadSceneOperation::CompletePreloadManagerLoadSceneEditor
0x00007ff92c409c31 (Unity) LoadSceneOperation::IntegrateMainThread
0x00007ff92c40cb6f (Unity) PreloadManager::UpdatePreloadingSingleStep
0x00007ff92c40d358 (Unity) PreloadManager::WaitForAllAsyncOperationsToComplete
0x00007ff92d077a41 (Unity) EditorSceneManager::RestoreSceneBackups
0x00007ff92d0753fa (Unity) EditorSceneManager::OpenSceneLoaded
0x00007ff92d074113 (Unity) EditorSceneManager::OpenScene
0x00007ff92ca660c5 (Unity) EditorSceneManagerBindings::OpenScene
0x00007ff92c92430e (Unity) EditorSceneManager_CUSTOM_OpenScene
0x00000215715d8c26 (Mono JIT Code) (wrapper managed-to-native) UnityEditor.SceneManagement.EditorSceneManager:OpenScene_Injected (UnityEngine.Bindings.ManagedSpanWrapper&,UnityEditor.SceneManagement.OpenSceneMode,UnityEngine.SceneManagement.Scene&)
0x00000215715d899b (Mono JIT Code) UnityEditor.SceneManagement.EditorSceneManager:OpenScene (string,UnityEditor.SceneManagement.OpenSceneMode)
0x00000215715d85c3 (Mono JIT Code) UnityEditor.SceneManagement.EditorSceneManager:OpenScene (string)
0x00000215715d8453 (Mono JIT Code) ScaffoldDriftChecker:OpenSceneSafe (string) (at D:/Projects/MindAttic/GridGame2026/Assets/Editor/ScaffoldDriftChecker.cs:104)
0x00000215715d74cb (Mono JIT Code) ScaffoldDriftChecker:Verify (System.Collections.Generic.IEnumerable`1<string>) (at D:/Projects/MindAttic/GridGame2026/Assets/Editor/ScaffoldDriftChecker.cs:59)
0x00000215715d7253 (Mono JIT Code) CliEntryPoints/<>c:<CheckAllGuardrails>b__19_4 () (at D:/Projects/MindAttic/GridGame2026/Assets/Editor/CliEntryPoints.cs:412)
0x0000021561eccd05 (Mono JIT Code) CliEntryPoints:<CheckAllGuardrails>g__Run|19_0 (string,System.Func`1<int>,CliEntryPoints/<>c__DisplayClass19_0&) (at D:/Projects/MindAttic/GridGame2026/Assets/Editor/CliEntryPoints.cs:397)
0x0000021561ecc3ab (Mono JIT Code) CliEntryPoints:CheckAllGuardrails () (at D:/Projects/MindAttic/GridGame2026/Assets/Editor/CliEntryPoints.cs:412)
0x00000214cc044d65 (Mono JIT Code) (wrapper runtime-invoke) object:runtime_invoke_void (object,intptr,intptr,intptr)
0x00007ff935a46bfe (mono-2.0-bdwgc) mono_jit_runtime_invoke (at C:/build/output/Unity-Technologies/mono/mono/mini/mini-runtime.c:3445)
0x00007ff935988984 (mono-2.0-bdwgc) do_runtime_invoke (at C:/build/output/Unity-Technologies/mono/mono/metadata/object.c:3068)
0x00007ff935988a70 (mono-2.0-bdwgc) mono_runtime_invoke (at C:/build/output/Unity-Technologies/mono/mono/metadata/object.c:3115)
0x00007ff92c465064 (Unity) scripting_method_invoke
0x00007ff92c46bf23 (Unity) ScriptingInvocation::Invoke
0x00007ff92cc9444a (Unity) Application::ParseARGVCommands
0x00007ff92cc8a439 (Unity) Application::FinishLoadingProject
0x00007ff92ca85a6c (Unity) UnityMain
0x00007ff7c7f72f2a (Unity) __scrt_common_main_seh
0x00007ffb19f6e8d7 (KERNEL32) BaseThreadInitThunk
0x00007ffb1b5cc3fc (ntdll) RtlUserThreadStart

Creating missing CircleCollider2D component for TreeInstance in Tree.
0x00007ff92bc2fd3e (Unity) StackWalker::ShowCallstack
0x00007ff92d45e919 (Unity) PlatformStacktrace::GetStacktrace
0x00007ff92d45f19e (Unity) Stacktrace::GetStacktrace
0x00007ff92bbe0d4f (Unity) DebugStringToFile
0x00007ff92c2e6ef1 (Unity) AddComponentByPtr
0x00007ff92c2e7f3a (Unity) AddMissingRequiredComponentsDuringLoad
0x00007ff92d11617e (Unity) CheckGameObjectsAndAddMissingRequiredComponents
0x00007ff92c40846d (Unity) LoadSceneOperation::CompleteAwakeSequence
0x00007ff92c408ecd (Unity) LoadSceneOperation::CompletePreloadManagerLoadSceneEditor
0x00007ff92c409c31 (Unity) LoadSceneOperation::IntegrateMainThread
0x00007ff92c40cb6f (Unity) PreloadManager::UpdatePreloadingSingleStep
0x00007ff92c40d358 (Unity) PreloadManager::WaitForAllAsyncOperationsToComplete
0x00007ff92d077a41 (Unity) EditorSceneManager::RestoreSceneBackups
0x00007ff92d0753fa (Unity) EditorSceneManager::OpenSceneLoaded
0x00007ff92d074113 (Unity) EditorSceneManager::OpenScene
0x00007ff92ca660c5 (Unity) EditorSceneManagerBindings::OpenScene
0x00007ff92c92430e (Unity) EditorSceneManager_CUSTOM_OpenScene
0x00000215715d8c26 (Mono JIT Code) (wrapper managed-to-native) UnityEditor.SceneManagement.EditorSceneManager:OpenScene_Injected (UnityEngine.Bindings.ManagedSpanWrapper&,UnityEditor.SceneManagement.OpenSceneMode,UnityEngine.SceneManagement.Scene&)
0x00000215715d899b (Mono JIT Code) UnityEditor.SceneManagement.EditorSceneManager:OpenScene (string,UnityEditor.SceneManagement.OpenSceneMode)
0x00000215715d85c3 (Mono JIT Code) UnityEditor.SceneManagement.EditorSceneManager:OpenScene (string)
0x00000215715d8453 (Mono JIT Code) ScaffoldDriftChecker:OpenSceneSafe (string) (at D:/Projects/MindAttic/GridGame2026/Assets/Editor/ScaffoldDriftChecker.cs:104)
0x00000215715d74cb (Mono JIT Code) ScaffoldDriftChecker:Verify (System.Collections.Generic.IEnumerable`1<string>) (at D:/Projects/MindAttic/GridGame2026/Assets/Editor/ScaffoldDriftChecker.cs:59)
0x00000215715d7253 (Mono JIT Code) CliEntryPoints/<>c:<CheckAllGuardrails>b__19_4 () (at D:/Projects/MindAttic/GridGame2026/Assets/Editor/CliEntryPoints.cs:412)
0x0000021561eccd05 (Mono JIT Code) CliEntryPoints:<CheckAllGuardrails>g__Run|19_0 (string,System.Func`1<int>,CliEntryPoints/<>c__DisplayClass19_0&) (at D:/Projects/MindAttic/GridGame2026/Assets/Editor/CliEntryPoints.cs:397)
0x0000021561ecc3ab (Mono JIT Code) CliEntryPoints:CheckAllGuardrails () (at D:/Projects/MindAttic/GridGame2026/Assets/Editor/CliEntryPoints.cs:412)
0x00000214cc044d65 (Mono JIT Code) (wrapper runtime-invoke) object:runtime_invoke_void (object,intptr,intptr,intptr)
0x00007ff935a46bfe (mono-2.0-bdwgc) mono_jit_runtime_invoke (at C:/build/output/Unity-Technologies/mono/mono/mini/mini-runtime.c:3445)
0x00007ff935988984 (mono-2.0-bdwgc) do_runtime_invoke (at C:/build/output/Unity-Technologies/mono/mono/metadata/object.c:3068)
0x00007ff935988a70 (mono-2.0-bdwgc) mono_runtime_invoke (at C:/build/output/Unity-Technologies/mono/mono/metadata/object.c:3115)
0x00007ff92c465064 (Unity) scripting_method_invoke
0x00007ff92c46bf23 (Unity) ScriptingInvocation::Invoke
0x00007ff92cc9444a (Unity) Application::ParseARGVCommands
0x00007ff92cc8a439 (Unity) Application::FinishLoadingProject
0x00007ff92ca85a6c (Unity) UnityMain
0x00007ff7c7f72f2a (Unity) __scrt_common_main_seh
0x00007ffb19f6e8d7 (KERNEL32) BaseThreadInitThunk
0x00007ffb1b5cc3fc (ntdll) RtlUserThreadStart

Creating missing Rigidbody2D component for TreeInstance in Tree.
0x00007ff92bc2fd3e (Unity) StackWalker::ShowCallstack
0x00007ff92d45e919 (Unity) PlatformStacktrace::GetStacktrace
0x00007ff92d45f19e (Unity) Stacktrace::GetStacktrace
0x00007ff92bbe0d4f (Unity) DebugStringToFile
0x00007ff92c2e6ef1 (Unity) AddComponentByPtr
0x00007ff92c2e7f3a (Unity) AddMissingRequiredComponentsDuringLoad
0x00007ff92d11617e (Unity) CheckGameObjectsAndAddMissingRequiredComponents
0x00007ff92c40846d (Unity) LoadSceneOperation::CompleteAwakeSequence
0x00007ff92c408ecd (Unity) LoadSceneOperation::CompletePreloadManagerLoadSceneEditor
0x00007ff92c409c31 (Unity) LoadSceneOperation::IntegrateMainThread
0x00007ff92c40cb6f (Unity) PreloadManager::UpdatePreloadingSingleStep
0x00007ff92c40d358 (Unity) PreloadManager::WaitForAllAsyncOperationsToComplete
0x00007ff92d077a41 (Unity) EditorSceneManager::RestoreSceneBackups
0x00007ff92d0753fa (Unity) EditorSceneManager::OpenSceneLoaded
0x00007ff92d074113 (Unity) EditorSceneManager::OpenScene
0x00007ff92ca660c5 (Unity) EditorSceneManagerBindings::OpenScene
0x00007ff92c92430e (Unity) EditorSceneManager_CUSTOM_OpenScene
0x00000215715d8c26 (Mono JIT Code) (wrapper managed-to-native) UnityEditor.SceneManagement.EditorSceneManager:OpenScene_Injected (UnityEngine.Bindings.ManagedSpanWrapper&,UnityEditor.SceneManagement.OpenSceneMode,UnityEngine.SceneManagement.Scene&)
0x00000215715d899b (Mono JIT Code) UnityEditor.SceneManagement.EditorSceneManager:OpenScene (string,UnityEditor.SceneManagement.OpenSceneMode)
0x00000215715d85c3 (Mono JIT Code) UnityEditor.SceneManagement.EditorSceneManager:OpenScene (string)
0x00000215715d8453 (Mono JIT Code) ScaffoldDriftChecker:OpenSceneSafe (string) (at D:/Projects/MindAttic/GridGame2026/Assets/Editor/ScaffoldDriftChecker.cs:104)
0x00000215715d74cb (Mono JIT Code) ScaffoldDriftChecker:Verify (System.Collections.Generic.IEnumerable`1<string>) (at D:/Projects/MindAttic/GridGame2026/Assets/Editor/ScaffoldDriftChecker.cs:59)
0x00000215715d7253 (Mono JIT Code) CliEntryPoints/<>c:<CheckAllGuardrails>b__19_4 () (at D:/Projects/MindAttic/GridGame2026/Assets/Editor/CliEntryPoints.cs:412)
0x0000021561eccd05 (Mono JIT Code) CliEntryPoints:<CheckAllGuardrails>g__Run|19_0 (string,System.Func`1<int>,CliEntryPoints/<>c__DisplayClass19_0&) (at D:/Projects/MindAttic/GridGame2026/Assets/Editor/CliEntryPoints.cs:397)
0x0000021561ecc3ab (Mono JIT Code) CliEntryPoints:CheckAllGuardrails () (at D:/Projects/MindAttic/GridGame2026/Assets/Editor/CliEntryPoints.cs:412)
0x00000214cc044d65 (Mono JIT Code) (wrapper runtime-invoke) object:runtime_invoke_void (object,intptr,intptr,intptr)
0x00007ff935a46bfe (mono-2.0-bdwgc) mono_jit_runtime_invoke (at C:/build/output/Unity-Technologies/mono/mono/mini/mini-runtime.c:3445)
0x00007ff935988984 (mono-2.0-bdwgc) do_runtime_invoke (at C:/build/output/Unity-Technologies/mono/mono/metadata/object.c:3068)
0x00007ff935988a70 (mono-2.0-bdwgc) mono_runtime_invoke (at C:/build/output/Unity-Technologies/mono/mono/metadata/object.c:3115)
0x00007ff92c465064 (Unity) scripting_method_invoke
0x00007ff92c46bf23 (Unity) ScriptingInvocation::Invoke
0x00007ff92cc9444a (Unity) Application::ParseARGVCommands
0x00007ff92cc8a439 (Unity) Application::FinishLoadingProject
0x00007ff92ca85a6c (Unity) UnityMain
0x00007ff7c7f72f2a (Unity) __scrt_common_main_seh
0x00007ffb19f6e8d7 (KERNEL32) BaseThreadInitThunk
0x00007ffb1b5cc3fc (ntdll) RtlUserThreadStart

Creating missing CircleCollider2D component for TreeInstance in Tree.
0x00007ff92bc2fd3e (Unity) StackWalker::ShowCallstack
0x00007ff92d45e919 (Unity) PlatformStacktrace::GetStacktrace
0x00007ff92d45f19e (Unity) Stacktrace::GetStacktrace
0x00007ff92bbe0d4f (Unity) DebugStringToFile
0x00007ff92c2e6ef1 (Unity) AddComponentByPtr
0x00007ff92c2e7f3a (Unity) AddMissingRequiredComponentsDuringLoad
0x00007ff92d11617e (Unity) CheckGameObjectsAndAddMissingRequiredComponents
0x00007ff92c40846d (Unity) LoadSceneOperation::CompleteAwakeSequence
0x00007ff92c408ecd (Unity) LoadSceneOperation::CompletePreloadManagerLoadSceneEditor
0x00007ff92c409c31 (Unity) LoadSceneOperation::IntegrateMainThread
0x00007ff92c40cb6f (Unity) PreloadManager::UpdatePreloadingSingleStep
0x00007ff92c40d358 (Unity) PreloadManager::WaitForAllAsyncOperationsToComplete
0x00007ff92d077a41 (Unity) EditorSceneManager::RestoreSceneBackups
0x00007ff92d0753fa (Unity) EditorSceneManager::OpenSceneLoaded
0x00007ff92d074113 (Unity) EditorSceneManager::OpenScene
0x00007ff92ca660c5 (Unity) EditorSceneManagerBindings::OpenScene
0x00007ff92c92430e (Unity) EditorSceneManager_CUSTOM_OpenScene
0x00000215715d8c26 (Mono JIT Code) (wrapper managed-to-native) UnityEditor.SceneManagement.EditorSceneManager:OpenScene_Injected (UnityEngine.Bindings.ManagedSpanWrapper&,UnityEditor.SceneManagement.OpenSceneMode,UnityEngine.SceneManagement.Scene&)
0x00000215715d899b (Mono JIT Code) UnityEditor.SceneManagement.EditorSceneManager:OpenScene (string,UnityEditor.SceneManagement.OpenSceneMode)
0x00000215715d85c3 (Mono JIT Code) UnityEditor.SceneManagement.EditorSceneManager:OpenScene (string)
0x00000215715d8453 (Mono JIT Code) ScaffoldDriftChecker:OpenSceneSafe (string) (at D:/Projects/MindAttic/GridGame2026/Assets/Editor/ScaffoldDriftChecker.cs:104)
0x00000215715d74cb (Mono JIT Code) ScaffoldDriftChecker:Verify (System.Collections.Generic.IEnumerable`1<string>) (at D:/Projects/MindAttic/GridGame2026/Assets/Editor/ScaffoldDriftChecker.cs:59)
0x00000215715d7253 (Mono JIT Code) CliEntryPoints/<>c:<CheckAllGuardrails>b__19_4 () (at D:/Projects/MindAttic/GridGame2026/Assets/Editor/CliEntryPoints.cs:412)
0x0000021561eccd05 (Mono JIT Code) CliEntryPoints:<CheckAllGuardrails>g__Run|19_0 (string,System.Func`1<int>,CliEntryPoints/<>c__DisplayClass19_0&) (at D:/Projects/MindAttic/GridGame2026/Assets/Editor/CliEntryPoints.cs:397)
0x0000021561ecc3ab (Mono JIT Code) CliEntryPoints:CheckAllGuardrails () (at D:/Projects/MindAttic/GridGame2026/Assets/Editor/CliEntryPoints.cs:412)
0x00000214cc044d65 (Mono JIT Code) (wrapper runtime-invoke) object:runtime_invoke_void (object,intptr,intptr,intptr)
0x00007ff935a46bfe (mono-2.0-bdwgc) mono_jit_runtime_invoke (at C:/build/output/Unity-Technologies/mono/mono/mini/mini-runtime.c:3445)
0x00007ff935988984 (mono-2.0-bdwgc) do_runtime_invoke (at C:/build/output/Unity-Technologies/mono/mono/metadata/object.c:3068)
0x00007ff935988a70 (mono-2.0-bdwgc) mono_runtime_invoke (at C:/build/output/Unity-Technologies/mono/mono/metadata/object.c:3115)
0x00007ff92c465064 (Unity) scripting_method_invoke
0x00007ff92c46bf23 (Unity) ScriptingInvocation::Invoke
0x00007ff92cc9444a (Unity) Application::ParseARGVCommands
0x00007ff92cc8a439 (Unity) Application::FinishLoadingProject
0x00007ff92ca85a6c (Unity) UnityMain
0x00007ff7c7f72f2a (Unity) __scrt_common_main_seh
0x00007ffb19f6e8d7 (KERNEL32) BaseThreadInitThunk
0x00007ffb1b5cc3fc (ntdll) RtlUserThreadStart

Creating missing Rigidbody2D component for TreeInstance in Tree.
0x00007ff92bc2fd3e (Unity) StackWalker::ShowCallstack
0x00007ff92d45e919 (Unity) PlatformStacktrace::GetStacktrace
0x00007ff92d45f19e (Unity) Stacktrace::GetStacktrace
0x00007ff92bbe0d4f (Unity) DebugStringToFile
0x00007ff92c2e6ef1 (Unity) AddComponentByPtr
0x00007ff92c2e7f3a (Unity) AddMissingRequiredComponentsDuringLoad
0x00007ff92d11617e (Unity) CheckGameObjectsAndAddMissingRequiredComponents
0x00007ff92c40846d (Unity) LoadSceneOperation::CompleteAwakeSequence
0x00007ff92c408ecd (Unity) LoadSceneOperation::CompletePreloadManagerLoadSceneEditor
0x00007ff92c409c31 (Unity) LoadSceneOperation::IntegrateMainThread
0x00007ff92c40cb6f (Unity) PreloadManager::UpdatePreloadingSingleStep
0x00007ff92c40d358 (Unity) PreloadManager::WaitForAllAsyncOperationsToComplete
0x00007ff92d077a41 (Unity) EditorSceneManager::RestoreSceneBackups
0x00007ff92d0753fa (Unity) EditorSceneManager::OpenSceneLoaded
0x00007ff92d074113 (Unity) EditorSceneManager::OpenScene
0x00007ff92ca660c5 (Unity) EditorSceneManagerBindings::OpenScene
0x00007ff92c92430e (Unity) EditorSceneManager_CUSTOM_OpenScene
0x00000215715d8c26 (Mono JIT Code) (wrapper managed-to-native) UnityEditor.SceneManagement.EditorSceneManager:OpenScene_Injected (UnityEngine.Bindings.ManagedSpanWrapper&,UnityEditor.SceneManagement.OpenSceneMode,UnityEngine.SceneManagement.Scene&)
0x00000215715d899b (Mono JIT Code) UnityEditor.SceneManagement.EditorSceneManager:OpenScene (string,UnityEditor.SceneManagement.OpenSceneMode)
0x00000215715d85c3 (Mono JIT Code) UnityEditor.SceneManagement.EditorSceneManager:OpenScene (string)
0x00000215715d8453 (Mono JIT Code) ScaffoldDriftChecker:OpenSceneSafe (string) (at D:/Projects/MindAttic/GridGame2026/Assets/Editor/ScaffoldDriftChecker.cs:104)
0x00000215715d74cb (Mono JIT Code) ScaffoldDriftChecker:Verify (System.Collections.Generic.IEnumerable`1<string>) (at D:/Projects/MindAttic/GridGame2026/Assets/Editor/ScaffoldDriftChecker.cs:59)
0x00000215715d7253 (Mono JIT Code) CliEntryPoints/<>c:<CheckAllGuardrails>b__19_4 () (at D:/Projects/MindAttic/GridGame2026/Assets/Editor/CliEntryPoints.cs:412)
0x0000021561eccd05 (Mono JIT Code) CliEntryPoints:<CheckAllGuardrails>g__Run|19_0 (string,System.Func`1<int>,CliEntryPoints/<>c__DisplayClass19_0&) (at D:/Projects/MindAttic/GridGame2026/Assets/Editor/CliEntryPoints.cs:397)
0x0000021561ecc3ab (Mono JIT Code) CliEntryPoints:CheckAllGuardrails () (at D:/Projects/MindAttic/GridGame2026/Assets/Editor/CliEntryPoints.cs:412)
0x00000214cc044d65 (Mono JIT Code) (wrapper runtime-invoke) object:runtime_invoke_void (object,intptr,intptr,intptr)
0x00007ff935a46bfe (mono-2.0-bdwgc) mono_jit_runtime_invoke (at C:/build/output/Unity-Technologies/mono/mono/mini/mini-runtime.c:3445)
0x00007ff935988984 (mono-2.0-bdwgc) do_runtime_invoke (at C:/build/output/Unity-Technologies/mono/mono/metadata/object.c:3068)
0x00007ff935988a70 (mono-2.0-bdwgc) mono_runtime_invoke (at C:/build/output/Unity-Technologies/mono/mono/metadata/object.c:3115)
0x00007ff92c465064 (Unity) scripting_method_invoke
0x00007ff92c46bf23 (Unity) ScriptingInvocation::Invoke
0x00007ff92cc9444a (Unity) Application::ParseARGVCommands
0x00007ff92cc8a439 (Unity) Application::FinishLoadingProject
0x00007ff92ca85a6c (Unity) UnityMain
0x00007ff7c7f72f2a (Unity) __scrt_common_main_seh
0x00007ffb19f6e8d7 (KERNEL32) BaseThreadInitThunk
0x00007ffb1b5cc3fc (ntdll) RtlUserThreadStart

Creating missing CircleCollider2D component for TreeInstance in Tree.
0x00007ff92bc2fd3e (Unity) StackWalker::ShowCallstack
0x00007ff92d45e919 (Unity) PlatformStacktrace::GetStacktrace
0x00007ff92d45f19e (Unity) Stacktrace::GetStacktrace
0x00007ff92bbe0d4f (Unity) DebugStringToFile
0x00007ff92c2e6ef1 (Unity) AddComponentByPtr
0x00007ff92c2e7f3a (Unity) AddMissingRequiredComponentsDuringLoad
0x00007ff92d11617e (Unity) CheckGameObjectsAndAddMissingRequiredComponents
0x00007ff92c40846d (Unity) LoadSceneOperation::CompleteAwakeSequence
0x00007ff92c408ecd (Unity) LoadSceneOperation::CompletePreloadManagerLoadSceneEditor
0x00007ff92c409c31 (Unity) LoadSceneOperation::IntegrateMainThread
0x00007ff92c40cb6f (Unity) PreloadManager::UpdatePreloadingSingleStep
0x00007ff92c40d358 (Unity) PreloadManager::WaitForAllAsyncOperationsToComplete
0x00007ff92d077a41 (Unity) EditorSceneManager::RestoreSceneBackups
0x00007ff92d0753fa (Unity) EditorSceneManager::OpenSceneLoaded
0x00007ff92d074113 (Unity) EditorSceneManager::OpenScene
0x00007ff92ca660c5 (Unity) EditorSceneManagerBindings::OpenScene
0x00007ff92c92430e (Unity) EditorSceneManager_CUSTOM_OpenScene
0x00000215715d8c26 (Mono JIT Code) (wrapper managed-to-native) UnityEditor.SceneManagement.EditorSceneManager:OpenScene_Injected (UnityEngine.Bindings.ManagedSpanWrapper&,UnityEditor.SceneManagement.OpenSceneMode,UnityEngine.SceneManagement.Scene&)
0x00000215715d899b (Mono JIT Code) UnityEditor.SceneManagement.EditorSceneManager:OpenScene (string,UnityEditor.SceneManagement.OpenSceneMode)
0x00000215715d85c3 (Mono JIT Code) UnityEditor.SceneManagement.EditorSceneManager:OpenScene (string)
0x00000215715d8453 (Mono JIT Code) ScaffoldDriftChecker:OpenSceneSafe (string) (at D:/Projects/MindAttic/GridGame2026/Assets/Editor/ScaffoldDriftChecker.cs:104)
0x00000215715d74cb (Mono JIT Code) ScaffoldDriftChecker:Verify (System.Collections.Generic.IEnumerable`1<string>) (at D:/Projects/MindAttic/GridGame2026/Assets/Editor/ScaffoldDriftChecker.cs:59)
0x00000215715d7253 (Mono JIT Code) CliEntryPoints/<>c:<CheckAllGuardrails>b__19_4 () (at D:/Projects/MindAttic/GridGame2026/Assets/Editor/CliEntryPoints.cs:412)
0x0000021561eccd05 (Mono JIT Code) CliEntryPoints:<CheckAllGuardrails>g__Run|19_0 (string,System.Func`1<int>,CliEntryPoints/<>c__DisplayClass19_0&) (at D:/Projects/MindAttic/GridGame2026/Assets/Editor/CliEntryPoints.cs:397)
0x0000021561ecc3ab (Mono JIT Code) CliEntryPoints:CheckAllGuardrails () (at D:/Projects/MindAttic/GridGame2026/Assets/Editor/CliEntryPoints.cs:412)
0x00000214cc044d65 (Mono JIT Code) (wrapper runtime-invoke) object:runtime_invoke_void (object,intptr,intptr,intptr)
0x00007ff935a46bfe (mono-2.0-bdwgc) mono_jit_runtime_invoke (at C:/build/output/Unity-Technologies/mono/mono/mini/mini-runtime.c:3445)
0x00007ff935988984 (mono-2.0-bdwgc) do_runtime_invoke (at C:/build/output/Unity-Technologies/mono/mono/metadata/object.c:3068)
0x00007ff935988a70 (mono-2.0-bdwgc) mono_runtime_invoke (at C:/build/output/Unity-Technologies/mono/mono/metadata/object.c:3115)
0x00007ff92c465064 (Unity) scripting_method_invoke
0x00007ff92c46bf23 (Unity) ScriptingInvocation::Invoke
0x00007ff92cc9444a (Unity) Application::ParseARGVCommands
0x00007ff92cc8a439 (Unity) Application::FinishLoadingProject
0x00007ff92ca85a6c (Unity) UnityMain
0x00007ff7c7f72f2a (Unity) __scrt_common_main_seh
0x00007ffb19f6e8d7 (KERNEL32) BaseThreadInitThunk
0x00007ffb1b5cc3fc (ntdll) RtlUserThreadStart

Creating missing Rigidbody2D component for TreeInstance in Tree.
0x00007ff92bc2fd3e (Unity) StackWalker::ShowCallstack
0x00007ff92d45e919 (Unity) PlatformStacktrace::GetStacktrace
0x00007ff92d45f19e (Unity) Stacktrace::GetStacktrace
0x00007ff92bbe0d4f (Unity) DebugStringToFile
0x00007ff92c2e6ef1 (Unity) AddComponentByPtr
0x00007ff92c2e7f3a (Unity) AddMissingRequiredComponentsDuringLoad
0x00007ff92d11617e (Unity) CheckGameObjectsAndAddMissingRequiredComponents
0x00007ff92c40846d (Unity) LoadSceneOperation::CompleteAwakeSequence
0x00007ff92c408ecd (Unity) LoadSceneOperation::CompletePreloadManagerLoadSceneEditor
0x00007ff92c409c31 (Unity) LoadSceneOperation::IntegrateMainThread
0x00007ff92c40cb6f (Unity) PreloadManager::UpdatePreloadingSingleStep
0x00007ff92c40d358 (Unity) PreloadManager::WaitForAllAsyncOperationsToComplete
0x00007ff92d077a41 (Unity) EditorSceneManager::RestoreSceneBackups
0x00007ff92d0753fa (Unity) EditorSceneManager::OpenSceneLoaded
0x00007ff92d074113 (Unity) EditorSceneManager::OpenScene
0x00007ff92ca660c5 (Unity) EditorSceneManagerBindings::OpenScene
0x00007ff92c92430e (Unity) EditorSceneManager_CUSTOM_OpenScene
0x00000215715d8c26 (Mono JIT Code) (wrapper managed-to-native) UnityEditor.SceneManagement.EditorSceneManager:OpenScene_Injected (UnityEngine.Bindings.ManagedSpanWrapper&,UnityEditor.SceneManagement.OpenSceneMode,UnityEngine.SceneManagement.Scene&)
0x00000215715d899b (Mono JIT Code) UnityEditor.SceneManagement.EditorSceneManager:OpenScene (string,UnityEditor.SceneManagement.OpenSceneMode)
0x00000215715d85c3 (Mono JIT Code) UnityEditor.SceneManagement.EditorSceneManager:OpenScene (string)
0x00000215715d8453 (Mono JIT Code) ScaffoldDriftChecker:OpenSceneSafe (string) (at D:/Projects/MindAttic/GridGame2026/Assets/Editor/ScaffoldDriftChecker.cs:104)
0x00000215715d74cb (Mono JIT Code) ScaffoldDriftChecker:Verify (System.Collections.Generic.IEnumerable`1<string>) (at D:/Projects/MindAttic/GridGame2026/Assets/Editor/ScaffoldDriftChecker.cs:59)
0x00000215715d7253 (Mono JIT Code) CliEntryPoints/<>c:<CheckAllGuardrails>b__19_4 () (at D:/Projects/MindAttic/GridGame2026/Assets/Editor/CliEntryPoints.cs:412)
0x0000021561eccd05 (Mono JIT Code) CliEntryPoints:<CheckAllGuardrails>g__Run|19_0 (string,System.Func`1<int>,CliEntryPoints/<>c__DisplayClass19_0&) (at D:/Projects/MindAttic/GridGame2026/Assets/Editor/CliEntryPoints.cs:397)
0x0000021561ecc3ab (Mono JIT Code) CliEntryPoints:CheckAllGuardrails () (at D:/Projects/MindAttic/GridGame2026/Assets/Editor/CliEntryPoints.cs:412)
0x00000214cc044d65 (Mono JIT Code) (wrapper runtime-invoke) object:runtime_invoke_void (object,intptr,intptr,intptr)
0x00007ff935a46bfe (mono-2.0-bdwgc) mono_jit_runtime_invoke (at C:/build/output/Unity-Technologies/mono/mono/mini/mini-runtime.c:3445)
0x00007ff935988984 (mono-2.0-bdwgc) do_runtime_invoke (at C:/build/output/Unity-Technologies/mono/mono/metadata/object.c:3068)
0x00007ff935988a70 (mono-2.0-bdwgc) mono_runtime_invoke (at C:/build/output/Unity-Technologies/mono/mono/metadata/object.c:3115)
0x00007ff92c465064 (Unity) scripting_method_invoke
0x00007ff92c46bf23 (Unity) ScriptingInvocation::Invoke
0x00007ff92cc9444a (Unity) Application::ParseARGVCommands
0x00007ff92cc8a439 (Unity) Application::FinishLoadingProject
0x00007ff92ca85a6c (Unity) UnityMain
0x00007ff7c7f72f2a (Unity) __scrt_common_main_seh
0x00007ffb19f6e8d7 (KERNEL32) BaseThreadInitThunk
0x00007ffb1b5cc3fc (ntdll) RtlUserThreadStart

Creating missing CircleCollider2D component for TreeInstance in Tree.
0x00007ff92bc2fd3e (Unity) StackWalker::ShowCallstack
0x00007ff92d45e919 (Unity) PlatformStacktrace::GetStacktrace
0x00007ff92d45f19e (Unity) Stacktrace::GetStacktrace
0x00007ff92bbe0d4f (Unity) DebugStringToFile
0x00007ff92c2e6ef1 (Unity) AddComponentByPtr
0x00007ff92c2e7f3a (Unity) AddMissingRequiredComponentsDuringLoad
0x00007ff92d11617e (Unity) CheckGameObjectsAndAddMissingRequiredComponents
0x00007ff92c40846d (Unity) LoadSceneOperation::CompleteAwakeSequence
0x00007ff92c408ecd (Unity) LoadSceneOperation::CompletePreloadManagerLoadSceneEditor
0x00007ff92c409c31 (Unity) LoadSceneOperation::IntegrateMainThread
0x00007ff92c40cb6f (Unity) PreloadManager::UpdatePreloadingSingleStep
0x00007ff92c40d358 (Unity) PreloadManager::WaitForAllAsyncOperationsToComplete
0x00007ff92d077a41 (Unity) EditorSceneManager::RestoreSceneBackups
0x00007ff92d0753fa (Unity) EditorSceneManager::OpenSceneLoaded
0x00007ff92d074113 (Unity) EditorSceneManager::OpenScene
0x00007ff92ca660c5 (Unity) EditorSceneManagerBindings::OpenScene
0x00007ff92c92430e (Unity) EditorSceneManager_CUSTOM_OpenScene
0x00000215715d8c26 (Mono JIT Code) (wrapper managed-to-native) UnityEditor.SceneManagement.EditorSceneManager:OpenScene_Injected (UnityEngine.Bindings.ManagedSpanWrapper&,UnityEditor.SceneManagement.OpenSceneMode,UnityEngine.SceneManagement.Scene&)
0x00000215715d899b (Mono JIT Code) UnityEditor.SceneManagement.EditorSceneManager:OpenScene (string,UnityEditor.SceneManagement.OpenSceneMode)
0x00000215715d85c3 (Mono JIT Code) UnityEditor.SceneManagement.EditorSceneManager:OpenScene (string)
0x00000215715d8453 (Mono JIT Code) ScaffoldDriftChecker:OpenSceneSafe (string) (at D:/Projects/MindAttic/GridGame2026/Assets/Editor/ScaffoldDriftChecker.cs:104)
0x00000215715d74cb (Mono JIT Code) ScaffoldDriftChecker:Verify (System.Collections.Generic.IEnumerable`1<string>) (at D:/Projects/MindAttic/GridGame2026/Assets/Editor/ScaffoldDriftChecker.cs:59)
0x00000215715d7253 (Mono JIT Code) CliEntryPoints/<>c:<CheckAllGuardrails>b__19_4 () (at D:/Projects/MindAttic/GridGame2026/Assets/Editor/CliEntryPoints.cs:412)
0x0000021561eccd05 (Mono JIT Code) CliEntryPoints:<CheckAllGuardrails>g__Run|19_0 (string,System.Func`1<int>,CliEntryPoints/<>c__DisplayClass19_0&) (at D:/Projects/MindAttic/GridGame2026/Assets/Editor/CliEntryPoints.cs:397)
0x0000021561ecc3ab (Mono JIT Code) CliEntryPoints:CheckAllGuardrails () (at D:/Projects/MindAttic/GridGame2026/Assets/Editor/CliEntryPoints.cs:412)
0x00000214cc044d65 (Mono JIT Code) (wrapper runtime-invoke) object:runtime_invoke_void (object,intptr,intptr,intptr)
0x00007ff935a46bfe (mono-2.0-bdwgc) mono_jit_runtime_invoke (at C:/build/output/Unity-Technologies/mono/mono/mini/mini-runtime.c:3445)
0x00007ff935988984 (mono-2.0-bdwgc) do_runtime_invoke (at C:/build/output/Unity-Technologies/mono/mono/metadata/object.c:3068)
0x00007ff935988a70 (mono-2.0-bdwgc) mono_runtime_invoke (at C:/build/output/Unity-Technologies/mono/mono/metadata/object.c:3115)
0x00007ff92c465064 (Unity) scripting_method_invoke
0x00007ff92c46bf23 (Unity) ScriptingInvocation::Invoke
0x00007ff92cc9444a (Unity) Application::ParseARGVCommands
0x00007ff92cc8a439 (Unity) Application::FinishLoadingProject
0x00007ff92ca85a6c (Unity) UnityMain
0x00007ff7c7f72f2a (Unity) __scrt_common_main_seh
0x00007ffb19f6e8d7 (KERNEL32) BaseThreadInitThunk
0x00007ffb1b5cc3fc (ntdll) RtlUserThreadStart

Creating missing Rigidbody2D component for TreeInstance in Tree.
0x00007ff92bc2fd3e (Unity) StackWalker::ShowCallstack
0x00007ff92d45e919 (Unity) PlatformStacktrace::GetStacktrace
0x00007ff92d45f19e (Unity) Stacktrace::GetStacktrace
0x00007ff92bbe0d4f (Unity) DebugStringToFile
0x00007ff92c2e6ef1 (Unity) AddComponentByPtr
0x00007ff92c2e7f3a (Unity) AddMissingRequiredComponentsDuringLoad
0x00007ff92d11617e (Unity) CheckGameObjectsAndAddMissingRequiredComponents
0x00007ff92c40846d (Unity) LoadSceneOperation::CompleteAwakeSequence
0x00007ff92c408ecd (Unity) LoadSceneOperation::CompletePreloadManagerLoadSceneEditor
0x00007ff92c409c31 (Unity) LoadSceneOperation::IntegrateMainThread
0x00007ff92c40cb6f (Unity) PreloadManager::UpdatePreloadingSingleStep
0x00007ff92c40d358 (Unity) PreloadManager::WaitForAllAsyncOperationsToComplete
0x00007ff92d077a41 (Unity) EditorSceneManager::RestoreSceneBackups
0x00007ff92d0753fa (Unity) EditorSceneManager::OpenSceneLoaded
0x00007ff92d074113 (Unity) EditorSceneManager::OpenScene
0x00007ff92ca660c5 (Unity) EditorSceneManagerBindings::OpenScene
0x00007ff92c92430e (Unity) EditorSceneManager_CUSTOM_OpenScene
0x00000215715d8c26 (Mono JIT Code) (wrapper managed-to-native) UnityEditor.SceneManagement.EditorSceneManager:OpenScene_Injected (UnityEngine.Bindings.ManagedSpanWrapper&,UnityEditor.SceneManagement.OpenSceneMode,UnityEngine.SceneManagement.Scene&)
0x00000215715d899b (Mono JIT Code) UnityEditor.SceneManagement.EditorSceneManager:OpenScene (string,UnityEditor.SceneManagement.OpenSceneMode)
0x00000215715d85c3 (Mono JIT Code) UnityEditor.SceneManagement.EditorSceneManager:OpenScene (string)
0x00000215715d8453 (Mono JIT Code) ScaffoldDriftChecker:OpenSceneSafe (string) (at D:/Projects/MindAttic/GridGame2026/Assets/Editor/ScaffoldDriftChecker.cs:104)
0x00000215715d74cb (Mono JIT Code) ScaffoldDriftChecker:Verify (System.Collections.Generic.IEnumerable`1<string>) (at D:/Projects/MindAttic/GridGame2026/Assets/Editor/ScaffoldDriftChecker.cs:59)
0x00000215715d7253 (Mono JIT Code) CliEntryPoints/<>c:<CheckAllGuardrails>b__19_4 () (at D:/Projects/MindAttic/GridGame2026/Assets/Editor/CliEntryPoints.cs:412)
0x0000021561eccd05 (Mono JIT Code) CliEntryPoints:<CheckAllGuardrails>g__Run|19_0 (string,System.Func`1<int>,CliEntryPoints/<>c__DisplayClass19_0&) (at D:/Projects/MindAttic/GridGame2026/Assets/Editor/CliEntryPoints.cs:397)
0x0000021561ecc3ab (Mono JIT Code) CliEntryPoints:CheckAllGuardrails () (at D:/Projects/MindAttic/GridGame2026/Assets/Editor/CliEntryPoints.cs:412)
0x00000214cc044d65 (Mono JIT Code) (wrapper runtime-invoke) object:runtime_invoke_void (object,intptr,intptr,intptr)
0x00007ff935a46bfe (mono-2.0-bdwgc) mono_jit_runtime_invoke (at C:/build/output/Unity-Technologies/mono/mono/mini/mini-runtime.c:3445)
0x00007ff935988984 (mono-2.0-bdwgc) do_runtime_invoke (at C:/build/output/Unity-Technologies/mono/mono/metadata/object.c:3068)
0x00007ff935988a70 (mono-2.0-bdwgc) mono_runtime_invoke (at C:/build/output/Unity-Technologies/mono/mono/metadata/object.c:3115)
0x00007ff92c465064 (Unity) scripting_method_invoke
0x00007ff92c46bf23 (Unity) ScriptingInvocation::Invoke
0x00007ff92cc9444a (Unity) Application::ParseARGVCommands
0x00007ff92cc8a439 (Unity) Application::FinishLoadingProject
0x00007ff92ca85a6c (Unity) UnityMain
0x00007ff7c7f72f2a (Unity) __scrt_common_main_seh
0x00007ffb19f6e8d7 (KERNEL32) BaseThreadInitThunk
0x00007ffb1b5cc3fc (ntdll) RtlUserThreadStart

Creating missing CircleCollider2D component for TreeInstance in Tree.
0x00007ff92bc2fd3e (Unity) StackWalker::ShowCallstack
0x00007ff92d45e919 (Unity) PlatformStacktrace::GetStacktrace
0x00007ff92d45f19e (Unity) Stacktrace::GetStacktrace
0x00007ff92bbe0d4f (Unity) DebugStringToFile
0x00007ff92c2e6ef1 (Unity) AddComponentByPtr
0x00007ff92c2e7f3a (Unity) AddMissingRequiredComponentsDuringLoad
0x00007ff92d11617e (Unity) CheckGameObjectsAndAddMissingRequiredComponents
0x00007ff92c40846d (Unity) LoadSceneOperation::CompleteAwakeSequence
0x00007ff92c408ecd (Unity) LoadSceneOperation::CompletePreloadManagerLoadSceneEditor
0x00007ff92c409c31 (Unity) LoadSceneOperation::IntegrateMainThread
0x00007ff92c40cb6f (Unity) PreloadManager::UpdatePreloadingSingleStep
0x00007ff92c40d358 (Unity) PreloadManager::WaitForAllAsyncOperationsToComplete
0x00007ff92d077a41 (Unity) EditorSceneManager::RestoreSceneBackups
0x00007ff92d0753fa (Unity) EditorSceneManager::OpenSceneLoaded
0x00007ff92d074113 (Unity) EditorSceneManager::OpenScene
0x00007ff92ca660c5 (Unity) EditorSceneManagerBindings::OpenScene
0x00007ff92c92430e (Unity) EditorSceneManager_CUSTOM_OpenScene
0x00000215715d8c26 (Mono JIT Code) (wrapper managed-to-native) UnityEditor.SceneManagement.EditorSceneManager:OpenScene_Injected (UnityEngine.Bindings.ManagedSpanWrapper&,UnityEditor.SceneManagement.OpenSceneMode,UnityEngine.SceneManagement.Scene&)
0x00000215715d899b (Mono JIT Code) UnityEditor.SceneManagement.EditorSceneManager:OpenScene (string,UnityEditor.SceneManagement.OpenSceneMode)
0x00000215715d85c3 (Mono JIT Code) UnityEditor.SceneManagement.EditorSceneManager:OpenScene (string)
0x00000215715d8453 (Mono JIT Code) ScaffoldDriftChecker:OpenSceneSafe (string) (at D:/Projects/MindAttic/GridGame2026/Assets/Editor/ScaffoldDriftChecker.cs:104)
0x00000215715d74cb (Mono JIT Code) ScaffoldDriftChecker:Verify (System.Collections.Generic.IEnumerable`1<string>) (at D:/Projects/MindAttic/GridGame2026/Assets/Editor/ScaffoldDriftChecker.cs:59)
0x00000215715d7253 (Mono JIT Code) CliEntryPoints/<>c:<CheckAllGuardrails>b__19_4 () (at D:/Projects/MindAttic/GridGame2026/Assets/Editor/CliEntryPoints.cs:412)
0x0000021561eccd05 (Mono JIT Code) CliEntryPoints:<CheckAllGuardrails>g__Run|19_0 (string,System.Func`1<int>,CliEntryPoints/<>c__DisplayClass19_0&) (at D:/Projects/MindAttic/GridGame2026/Assets/Editor/CliEntryPoints.cs:397)
0x0000021561ecc3ab (Mono JIT Code) CliEntryPoints:CheckAllGuardrails () (at D:/Projects/MindAttic/GridGame2026/Assets/Editor/CliEntryPoints.cs:412)
0x00000214cc044d65 (Mono JIT Code) (wrapper runtime-invoke) object:runtime_invoke_void (object,intptr,intptr,intptr)
0x00007ff935a46bfe (mono-2.0-bdwgc) mono_jit_runtime_invoke (at C:/build/output/Unity-Technologies/mono/mono/mini/mini-runtime.c:3445)
0x00007ff935988984 (mono-2.0-bdwgc) do_runtime_invoke (at C:/build/output/Unity-Technologies/mono/mono/metadata/object.c:3068)
0x00007ff935988a70 (mono-2.0-bdwgc) mono_runtime_invoke (at C:/build/output/Unity-Technologies/mono/mono/metadata/object.c:3115)
0x00007ff92c465064 (Unity) scripting_method_invoke
0x00007ff92c46bf23 (Unity) ScriptingInvocation::Invoke
0x00007ff92cc9444a (Unity) Application::ParseARGVCommands
0x00007ff92cc8a439 (Unity) Application::FinishLoadingProject
0x00007ff92ca85a6c (Unity) UnityMain
0x00007ff7c7f72f2a (Unity) __scrt_common_main_seh
0x00007ffb19f6e8d7 (KERNEL32) BaseThreadInitThunk
0x00007ffb1b5cc3fc (ntdll) RtlUserThreadStart

Creating missing Rigidbody2D component for TreeInstance in Tree.
0x00007ff92bc2fd3e (Unity) StackWalker::ShowCallstack
0x00007ff92d45e919 (Unity) PlatformStacktrace::GetStacktrace
0x00007ff92d45f19e (Unity) Stacktrace::GetStacktrace
0x00007ff92bbe0d4f (Unity) DebugStringToFile
0x00007ff92c2e6ef1 (Unity) AddComponentByPtr
0x00007ff92c2e7f3a (Unity) AddMissingRequiredComponentsDuringLoad
0x00007ff92d11617e (Unity) CheckGameObjectsAndAddMissingRequiredComponents
0x00007ff92c40846d (Unity) LoadSceneOperation::CompleteAwakeSequence
0x00007ff92c408ecd (Unity) LoadSceneOperation::CompletePreloadManagerLoadSceneEditor
0x00007ff92c409c31 (Unity) LoadSceneOperation::IntegrateMainThread
0x00007ff92c40cb6f (Unity) PreloadManager::UpdatePreloadingSingleStep
0x00007ff92c40d358 (Unity) PreloadManager::WaitForAllAsyncOperationsToComplete
0x00007ff92d077a41 (Unity) EditorSceneManager::RestoreSceneBackups
0x00007ff92d0753fa (Unity) EditorSceneManager::OpenSceneLoaded
0x00007ff92d074113 (Unity) EditorSceneManager::OpenScene
0x00007ff92ca660c5 (Unity) EditorSceneManagerBindings::OpenScene
0x00007ff92c92430e (Unity) EditorSceneManager_CUSTOM_OpenScene
0x00000215715d8c26 (Mono JIT Code) (wrapper managed-to-native) UnityEditor.SceneManagement.EditorSceneManager:OpenScene_Injected (UnityEngine.Bindings.ManagedSpanWrapper&,UnityEditor.SceneManagement.OpenSceneMode,UnityEngine.SceneManagement.Scene&)
0x00000215715d899b (Mono JIT Code) UnityEditor.SceneManagement.EditorSceneManager:OpenScene (string,UnityEditor.SceneManagement.OpenSceneMode)
0x00000215715d85c3 (Mono JIT Code) UnityEditor.SceneManagement.EditorSceneManager:OpenScene (string)
0x00000215715d8453 (Mono JIT Code) ScaffoldDriftChecker:OpenSceneSafe (string) (at D:/Projects/MindAttic/GridGame2026/Assets/Editor/ScaffoldDriftChecker.cs:104)
0x00000215715d74cb (Mono JIT Code) ScaffoldDriftChecker:Verify (System.Collections.Generic.IEnumerable`1<string>) (at D:/Projects/MindAttic/GridGame2026/Assets/Editor/ScaffoldDriftChecker.cs:59)
0x00000215715d7253 (Mono JIT Code) CliEntryPoints/<>c:<CheckAllGuardrails>b__19_4 () (at D:/Projects/MindAttic/GridGame2026/Assets/Editor/CliEntryPoints.cs:412)
0x0000021561eccd05 (Mono JIT Code) CliEntryPoints:<CheckAllGuardrails>g__Run|19_0 (string,System.Func`1<int>,CliEntryPoints/<>c__DisplayClass19_0&) (at D:/Projects/MindAttic/GridGame2026/Assets/Editor/CliEntryPoints.cs:397)
0x0000021561ecc3ab (Mono JIT Code) CliEntryPoints:CheckAllGuardrails () (at D:/Projects/MindAttic/GridGame2026/Assets/Editor/CliEntryPoints.cs:412)
0x00000214cc044d65 (Mono JIT Code) (wrapper runtime-invoke) object:runtime_invoke_void (object,intptr,intptr,intptr)
0x00007ff935a46bfe (mono-2.0-bdwgc) mono_jit_runtime_invoke (at C:/build/output/Unity-Technologies/mono/mono/mini/mini-runtime.c:3445)
0x00007ff935988984 (mono-2.0-bdwgc) do_runtime_invoke (at C:/build/output/Unity-Technologies/mono/mono/metadata/object.c:3068)
0x00007ff935988a70 (mono-2.0-bdwgc) mono_runtime_invoke (at C:/build/output/Unity-Technologies/mono/mono/metadata/object.c:3115)
0x00007ff92c465064 (Unity) scripting_method_invoke
0x00007ff92c46bf23 (Unity) ScriptingInvocation::Invoke
0x00007ff92cc9444a (Unity) Application::ParseARGVCommands
0x00007ff92cc8a439 (Unity) Application::FinishLoadingProject
0x00007ff92ca85a6c (Unity) UnityMain
0x00007ff7c7f72f2a (Unity) __scrt_common_main_seh
0x00007ffb19f6e8d7 (KERNEL32) BaseThreadInitThunk
0x00007ffb1b5cc3fc (ntdll) RtlUserThreadStart

Creating missing CircleCollider2D component for TreeInstance in Tree.
0x00007ff92bc2fd3e (Unity) StackWalker::ShowCallstack
0x00007ff92d45e919 (Unity) PlatformStacktrace::GetStacktrace
0x00007ff92d45f19e (Unity) Stacktrace::GetStacktrace
0x00007ff92bbe0d4f (Unity) DebugStringToFile
0x00007ff92c2e6ef1 (Unity) AddComponentByPtr
0x00007ff92c2e7f3a (Unity) AddMissingRequiredComponentsDuringLoad
0x00007ff92d11617e (Unity) CheckGameObjectsAndAddMissingRequiredComponents
0x00007ff92c40846d (Unity) LoadSceneOperation::CompleteAwakeSequence
0x00007ff92c408ecd (Unity) LoadSceneOperation::CompletePreloadManagerLoadSceneEditor
0x00007ff92c409c31 (Unity) LoadSceneOperation::IntegrateMainThread
0x00007ff92c40cb6f (Unity) PreloadManager::UpdatePreloadingSingleStep
0x00007ff92c40d358 (Unity) PreloadManager::WaitForAllAsyncOperationsToComplete
0x00007ff92d077a41 (Unity) EditorSceneManager::RestoreSceneBackups
0x00007ff92d0753fa (Unity) EditorSceneManager::OpenSceneLoaded
0x00007ff92d074113 (Unity) EditorSceneManager::OpenScene
0x00007ff92ca660c5 (Unity) EditorSceneManagerBindings::OpenScene
0x00007ff92c92430e (Unity) EditorSceneManager_CUSTOM_OpenScene
0x00000215715d8c26 (Mono JIT Code) (wrapper managed-to-native) UnityEditor.SceneManagement.EditorSceneManager:OpenScene_Injected (UnityEngine.Bindings.ManagedSpanWrapper&,UnityEditor.SceneManagement.OpenSceneMode,UnityEngine.SceneManagement.Scene&)
0x00000215715d899b (Mono JIT Code) UnityEditor.SceneManagement.EditorSceneManager:OpenScene (string,UnityEditor.SceneManagement.OpenSceneMode)
0x00000215715d85c3 (Mono JIT Code) UnityEditor.SceneManagement.EditorSceneManager:OpenScene (string)
0x00000215715d8453 (Mono JIT Code) ScaffoldDriftChecker:OpenSceneSafe (string) (at D:/Projects/MindAttic/GridGame2026/Assets/Editor/ScaffoldDriftChecker.cs:104)
0x00000215715d74cb (Mono JIT Code) ScaffoldDriftChecker:Verify (System.Collections.Generic.IEnumerable`1<string>) (at D:/Projects/MindAttic/GridGame2026/Assets/Editor/ScaffoldDriftChecker.cs:59)
0x00000215715d7253 (Mono JIT Code) CliEntryPoints/<>c:<CheckAllGuardrails>b__19_4 () (at D:/Projects/MindAttic/GridGame2026/Assets/Editor/CliEntryPoints.cs:412)
0x0000021561eccd05 (Mono JIT Code) CliEntryPoints:<CheckAllGuardrails>g__Run|19_0 (string,System.Func`1<int>,CliEntryPoints/<>c__DisplayClass19_0&) (at D:/Projects/MindAttic/GridGame2026/Assets/Editor/CliEntryPoints.cs:397)
0x0000021561ecc3ab (Mono JIT Code) CliEntryPoints:CheckAllGuardrails () (at D:/Projects/MindAttic/GridGame2026/Assets/Editor/CliEntryPoints.cs:412)
0x00000214cc044d65 (Mono JIT Code) (wrapper runtime-invoke) object:runtime_invoke_void (object,intptr,intptr,intptr)
0x00007ff935a46bfe (mono-2.0-bdwgc) mono_jit_runtime_invoke (at C:/build/output/Unity-Technologies/mono/mono/mini/mini-runtime.c:3445)
0x00007ff935988984 (mono-2.0-bdwgc) do_runtime_invoke (at C:/build/output/Unity-Technologies/mono/mono/metadata/object.c:3068)
0x00007ff935988a70 (mono-2.0-bdwgc) mono_runtime_invoke (at C:/build/output/Unity-Technologies/mono/mono/metadata/object.c:3115)
0x00007ff92c465064 (Unity) scripting_method_invoke
0x00007ff92c46bf23 (Unity) ScriptingInvocation::Invoke
0x00007ff92cc9444a (Unity) Application::ParseARGVCommands
0x00007ff92cc8a439 (Unity) Application::FinishLoadingProject
0x00007ff92ca85a6c (Unity) UnityMain
0x00007ff7c7f72f2a (Unity) __scrt_common_main_seh
0x00007ffb19f6e8d7 (KERNEL32) BaseThreadInitThunk
0x00007ffb1b5cc3fc (ntdll) RtlUserThreadStart

Creating missing Rigidbody2D component for TreeInstance in Tree.
0x00007ff92bc2fd3e (Unity) StackWalker::ShowCallstack
0x00007ff92d45e919 (Unity) PlatformStacktrace::GetStacktrace
0x00007ff92d45f19e (Unity) Stacktrace::GetStacktrace
0x00007ff92bbe0d4f (Unity) DebugStringToFile
0x00007ff92c2e6ef1 (Unity) AddComponentByPtr
0x00007ff92c2e7f3a (Unity) AddMissingRequiredComponentsDuringLoad
0x00007ff92d11617e (Unity) CheckGameObjectsAndAddMissingRequiredComponents
0x00007ff92c40846d (Unity) LoadSceneOperation::CompleteAwakeSequence
0x00007ff92c408ecd (Unity) LoadSceneOperation::CompletePreloadManagerLoadSceneEditor
0x00007ff92c409c31 (Unity) LoadSceneOperation::IntegrateMainThread
0x00007ff92c40cb6f (Unity) PreloadManager::UpdatePreloadingSingleStep
0x00007ff92c40d358 (Unity) PreloadManager::WaitForAllAsyncOperationsToComplete
0x00007ff92d077a41 (Unity) EditorSceneManager::RestoreSceneBackups
0x00007ff92d0753fa (Unity) EditorSceneManager::OpenSceneLoaded
0x00007ff92d074113 (Unity) EditorSceneManager::OpenScene
0x00007ff92ca660c5 (Unity) EditorSceneManagerBindings::OpenScene
0x00007ff92c92430e (Unity) EditorSceneManager_CUSTOM_OpenScene
0x00000215715d8c26 (Mono JIT Code) (wrapper managed-to-native) UnityEditor.SceneManagement.EditorSceneManager:OpenScene_Injected (UnityEngine.Bindings.ManagedSpanWrapper&,UnityEditor.SceneManagement.OpenSceneMode,UnityEngine.SceneManagement.Scene&)
0x00000215715d899b (Mono JIT Code) UnityEditor.SceneManagement.EditorSceneManager:OpenScene (string,UnityEditor.SceneManagement.OpenSceneMode)
0x00000215715d85c3 (Mono JIT Code) UnityEditor.SceneManagement.EditorSceneManager:OpenScene (string)
0x00000215715d8453 (Mono JIT Code) ScaffoldDriftChecker:OpenSceneSafe (string) (at D:/Projects/MindAttic/GridGame2026/Assets/Editor/ScaffoldDriftChecker.cs:104)
0x00000215715d74cb (Mono JIT Code) ScaffoldDriftChecker:Verify (System.Collections.Generic.IEnumerable`1<string>) (at D:/Projects/MindAttic/GridGame2026/Assets/Editor/ScaffoldDriftChecker.cs:59)
0x00000215715d7253 (Mono JIT Code) CliEntryPoints/<>c:<CheckAllGuardrails>b__19_4 () (at D:/Projects/MindAttic/GridGame2026/Assets/Editor/CliEntryPoints.cs:412)
0x0000021561eccd05 (Mono JIT Code) CliEntryPoints:<CheckAllGuardrails>g__Run|19_0 (string,System.Func`1<int>,CliEntryPoints/<>c__DisplayClass19_0&) (at D:/Projects/MindAttic/GridGame2026/Assets/Editor/CliEntryPoints.cs:397)
0x0000021561ecc3ab (Mono JIT Code) CliEntryPoints:CheckAllGuardrails () (at D:/Projects/MindAttic/GridGame2026/Assets/Editor/CliEntryPoints.cs:412)
0x00000214cc044d65 (Mono JIT Code) (wrapper runtime-invoke) object:runtime_invoke_void (object,intptr,intptr,intptr)
0x00007ff935a46bfe (mono-2.0-bdwgc) mono_jit_runtime_invoke (at C:/build/output/Unity-Technologies/mono/mono/mini/mini-runtime.c:3445)
0x00007ff935988984 (mono-2.0-bdwgc) do_runtime_invoke (at C:/build/output/Unity-Technologies/mono/mono/metadata/object.c:3068)
0x00007ff935988a70 (mono-2.0-bdwgc) mono_runtime_invoke (at C:/build/output/Unity-Technologies/mono/mono/metadata/object.c:3115)
0x00007ff92c465064 (Unity) scripting_method_invoke
0x00007ff92c46bf23 (Unity) ScriptingInvocation::Invoke
0x00007ff92cc9444a (Unity) Application::ParseARGVCommands
0x00007ff92cc8a439 (Unity) Application::FinishLoadingProject
0x00007ff92ca85a6c (Unity) UnityMain
0x00007ff7c7f72f2a (Unity) __scrt_common_main_seh
0x00007ffb19f6e8d7 (KERNEL32) BaseThreadInitThunk
0x00007ffb1b5cc3fc (ntdll) RtlUserThreadStart

Creating missing CircleCollider2D component for TreeInstance in Tree.
0x00007ff92bc2fd3e (Unity) StackWalker::ShowCallstack
0x00007ff92d45e919 (Unity) PlatformStacktrace::GetStacktrace
0x00007ff92d45f19e (Unity) Stacktrace::GetStacktrace
0x00007ff92bbe0d4f (Unity) DebugStringToFile
0x00007ff92c2e6ef1 (Unity) AddComponentByPtr
0x00007ff92c2e7f3a (Unity) AddMissingRequiredComponentsDuringLoad
0x00007ff92d11617e (Unity) CheckGameObjectsAndAddMissingRequiredComponents
0x00007ff92c40846d (Unity) LoadSceneOperation::CompleteAwakeSequence
0x00007ff92c408ecd (Unity) LoadSceneOperation::CompletePreloadManagerLoadSceneEditor
0x00007ff92c409c31 (Unity) LoadSceneOperation::IntegrateMainThread
0x00007ff92c40cb6f (Unity) PreloadManager::UpdatePreloadingSingleStep
0x00007ff92c40d358 (Unity) PreloadManager::WaitForAllAsyncOperationsToComplete
0x00007ff92d077a41 (Unity) EditorSceneManager::RestoreSceneBackups
0x00007ff92d0753fa (Unity) EditorSceneManager::OpenSceneLoaded
0x00007ff92d074113 (Unity) EditorSceneManager::OpenScene
0x00007ff92ca660c5 (Unity) EditorSceneManagerBindings::OpenScene
0x00007ff92c92430e (Unity) EditorSceneManager_CUSTOM_OpenScene
0x00000215715d8c26 (Mono JIT Code) (wrapper managed-to-native) UnityEditor.SceneManagement.EditorSceneManager:OpenScene_Injected (UnityEngine.Bindings.ManagedSpanWrapper&,UnityEditor.SceneManagement.OpenSceneMode,UnityEngine.SceneManagement.Scene&)
0x00000215715d899b (Mono JIT Code) UnityEditor.SceneManagement.EditorSceneManager:OpenScene (string,UnityEditor.SceneManagement.OpenSceneMode)
0x00000215715d85c3 (Mono JIT Code) UnityEditor.SceneManagement.EditorSceneManager:OpenScene (string)
0x00000215715d8453 (Mono JIT Code) ScaffoldDriftChecker:OpenSceneSafe (string) (at D:/Projects/MindAttic/GridGame2026/Assets/Editor/ScaffoldDriftChecker.cs:104)
0x00000215715d74cb (Mono JIT Code) ScaffoldDriftChecker:Verify (System.Collections.Generic.IEnumerable`1<string>) (at D:/Projects/MindAttic/GridGame2026/Assets/Editor/ScaffoldDriftChecker.cs:59)
0x00000215715d7253 (Mono JIT Code) CliEntryPoints/<>c:<CheckAllGuardrails>b__19_4 () (at D:/Projects/MindAttic/GridGame2026/Assets/Editor/CliEntryPoints.cs:412)
0x0000021561eccd05 (Mono JIT Code) CliEntryPoints:<CheckAllGuardrails>g__Run|19_0 (string,System.Func`1<int>,CliEntryPoints/<>c__DisplayClass19_0&) (at D:/Projects/MindAttic/GridGame2026/Assets/Editor/CliEntryPoints.cs:397)
0x0000021561ecc3ab (Mono JIT Code) CliEntryPoints:CheckAllGuardrails () (at D:/Projects/MindAttic/GridGame2026/Assets/Editor/CliEntryPoints.cs:412)
0x00000214cc044d65 (Mono JIT Code) (wrapper runtime-invoke) object:runtime_invoke_void (object,intptr,intptr,intptr)
0x00007ff935a46bfe (mono-2.0-bdwgc) mono_jit_runtime_invoke (at C:/build/output/Unity-Technologies/mono/mono/mini/mini-runtime.c:3445)
0x00007ff935988984 (mono-2.0-bdwgc) do_runtime_invoke (at C:/build/output/Unity-Technologies/mono/mono/metadata/object.c:3068)
0x00007ff935988a70 (mono-2.0-bdwgc) mono_runtime_invoke (at C:/build/output/Unity-Technologies/mono/mono/metadata/object.c:3115)
0x00007ff92c465064 (Unity) scripting_method_invoke
0x00007ff92c46bf23 (Unity) ScriptingInvocation::Invoke
0x00007ff92cc9444a (Unity) Application::ParseARGVCommands
0x00007ff92cc8a439 (Unity) Application::FinishLoadingProject
0x00007ff92ca85a6c (Unity) UnityMain
0x00007ff7c7f72f2a (Unity) __scrt_common_main_seh
0x00007ffb19f6e8d7 (KERNEL32) BaseThreadInitThunk
0x00007ffb1b5cc3fc (ntdll) RtlUserThreadStart

Creating missing Rigidbody2D component for TreeInstance in Tree.
0x00007ff92bc2fd3e (Unity) StackWalker::ShowCallstack
0x00007ff92d45e919 (Unity) PlatformStacktrace::GetStacktrace
0x00007ff92d45f19e (Unity) Stacktrace::GetStacktrace
0x00007ff92bbe0d4f (Unity) DebugStringToFile
0x00007ff92c2e6ef1 (Unity) AddComponentByPtr
0x00007ff92c2e7f3a (Unity) AddMissingRequiredComponentsDuringLoad
0x00007ff92d11617e (Unity) CheckGameObjectsAndAddMissingRequiredComponents
0x00007ff92c40846d (Unity) LoadSceneOperation::CompleteAwakeSequence
0x00007ff92c408ecd (Unity) LoadSceneOperation::CompletePreloadManagerLoadSceneEditor
0x00007ff92c409c31 (Unity) LoadSceneOperation::IntegrateMainThread
0x00007ff92c40cb6f (Unity) PreloadManager::UpdatePreloadingSingleStep
0x00007ff92c40d358 (Unity) PreloadManager::WaitForAllAsyncOperationsToComplete
0x00007ff92d077a41 (Unity) EditorSceneManager::RestoreSceneBackups
0x00007ff92d0753fa (Unity) EditorSceneManager::OpenSceneLoaded
0x00007ff92d074113 (Unity) EditorSceneManager::OpenScene
0x00007ff92ca660c5 (Unity) EditorSceneManagerBindings::OpenScene
0x00007ff92c92430e (Unity) EditorSceneManager_CUSTOM_OpenScene
0x00000215715d8c26 (Mono JIT Code) (wrapper managed-to-native) UnityEditor.SceneManagement.EditorSceneManager:OpenScene_Injected (UnityEngine.Bindings.ManagedSpanWrapper&,UnityEditor.SceneManagement.OpenSceneMode,UnityEngine.SceneManagement.Scene&)
0x00000215715d899b (Mono JIT Code) UnityEditor.SceneManagement.EditorSceneManager:OpenScene (string,UnityEditor.SceneManagement.OpenSceneMode)
0x00000215715d85c3 (Mono JIT Code) UnityEditor.SceneManagement.EditorSceneManager:OpenScene (string)
0x00000215715d8453 (Mono JIT Code) ScaffoldDriftChecker:OpenSceneSafe (string) (at D:/Projects/MindAttic/GridGame2026/Assets/Editor/ScaffoldDriftChecker.cs:104)
0x00000215715d74cb (Mono JIT Code) ScaffoldDriftChecker:Verify (System.Collections.Generic.IEnumerable`1<string>) (at D:/Projects/MindAttic/GridGame2026/Assets/Editor/ScaffoldDriftChecker.cs:59)
0x00000215715d7253 (Mono JIT Code) CliEntryPoints/<>c:<CheckAllGuardrails>b__19_4 () (at D:/Projects/MindAttic/GridGame2026/Assets/Editor/CliEntryPoints.cs:412)
0x0000021561eccd05 (Mono JIT Code) CliEntryPoints:<CheckAllGuardrails>g__Run|19_0 (string,System.Func`1<int>,CliEntryPoints/<>c__DisplayClass19_0&) (at D:/Projects/MindAttic/GridGame2026/Assets/Editor/CliEntryPoints.cs:397)
0x0000021561ecc3ab (Mono JIT Code) CliEntryPoints:CheckAllGuardrails () (at D:/Projects/MindAttic/GridGame2026/Assets/Editor/CliEntryPoints.cs:412)
0x00000214cc044d65 (Mono JIT Code) (wrapper runtime-invoke) object:runtime_invoke_void (object,intptr,intptr,intptr)
0x00007ff935a46bfe (mono-2.0-bdwgc) mono_jit_runtime_invoke (at C:/build/output/Unity-Technologies/mono/mono/mini/mini-runtime.c:3445)
0x00007ff935988984 (mono-2.0-bdwgc) do_runtime_invoke (at C:/build/output/Unity-Technologies/mono/mono/metadata/object.c:3068)
0x00007ff935988a70 (mono-2.0-bdwgc) mono_runtime_invoke (at C:/build/output/Unity-Technologies/mono/mono/metadata/object.c:3115)
0x00007ff92c465064 (Unity) scripting_method_invoke
0x00007ff92c46bf23 (Unity) ScriptingInvocation::Invoke
0x00007ff92cc9444a (Unity) Application::ParseARGVCommands
0x00007ff92cc8a439 (Unity) Application::FinishLoadingProject
0x00007ff92ca85a6c (Unity) UnityMain
0x00007ff7c7f72f2a (Unity) __scrt_common_main_seh
0x00007ffb19f6e8d7 (KERNEL32) BaseThreadInitThunk
0x00007ffb1b5cc3fc (ntdll) RtlUserThreadStart

Creating missing CircleCollider2D component for TreeInstance in Tree.
0x00007ff92bc2fd3e (Unity) StackWalker::ShowCallstack
0x00007ff92d45e919 (Unity) PlatformStacktrace::GetStacktrace
0x00007ff92d45f19e (Unity) Stacktrace::GetStacktrace
0x00007ff92bbe0d4f (Unity) DebugStringToFile
0x00007ff92c2e6ef1 (Unity) AddComponentByPtr
0x00007ff92c2e7f3a (Unity) AddMissingRequiredComponentsDuringLoad
0x00007ff92d11617e (Unity) CheckGameObjectsAndAddMissingRequiredComponents
0x00007ff92c40846d (Unity) LoadSceneOperation::CompleteAwakeSequence
0x00007ff92c408ecd (Unity) LoadSceneOperation::CompletePreloadManagerLoadSceneEditor
0x00007ff92c409c31 (Unity) LoadSceneOperation::IntegrateMainThread
0x00007ff92c40cb6f (Unity) PreloadManager::UpdatePreloadingSingleStep
0x00007ff92c40d358 (Unity) PreloadManager::WaitForAllAsyncOperationsToComplete
0x00007ff92d077a41 (Unity) EditorSceneManager::RestoreSceneBackups
0x00007ff92d0753fa (Unity) EditorSceneManager::OpenSceneLoaded
0x00007ff92d074113 (Unity) EditorSceneManager::OpenScene
0x00007ff92ca660c5 (Unity) EditorSceneManagerBindings::OpenScene
0x00007ff92c92430e (Unity) EditorSceneManager_CUSTOM_OpenScene
0x00000215715d8c26 (Mono JIT Code) (wrapper managed-to-native) UnityEditor.SceneManagement.EditorSceneManager:OpenScene_Injected (UnityEngine.Bindings.ManagedSpanWrapper&,UnityEditor.SceneManagement.OpenSceneMode,UnityEngine.SceneManagement.Scene&)
0x00000215715d899b (Mono JIT Code) UnityEditor.SceneManagement.EditorSceneManager:OpenScene (string,UnityEditor.SceneManagement.OpenSceneMode)
0x00000215715d85c3 (Mono JIT Code) UnityEditor.SceneManagement.EditorSceneManager:OpenScene (string)
0x00000215715d8453 (Mono JIT Code) ScaffoldDriftChecker:OpenSceneSafe (string) (at D:/Projects/MindAttic/GridGame2026/Assets/Editor/ScaffoldDriftChecker.cs:104)
0x00000215715d74cb (Mono JIT Code) ScaffoldDriftChecker:Verify (System.Collections.Generic.IEnumerable`1<string>) (at D:/Projects/MindAttic/GridGame2026/Assets/Editor/ScaffoldDriftChecker.cs:59)
0x00000215715d7253 (Mono JIT Code) CliEntryPoints/<>c:<CheckAllGuardrails>b__19_4 () (at D:/Projects/MindAttic/GridGame2026/Assets/Editor/CliEntryPoints.cs:412)
0x0000021561eccd05 (Mono JIT Code) CliEntryPoints:<CheckAllGuardrails>g__Run|19_0 (string,System.Func`1<int>,CliEntryPoints/<>c__DisplayClass19_0&) (at D:/Projects/MindAttic/GridGame2026/Assets/Editor/CliEntryPoints.cs:397)
0x0000021561ecc3ab (Mono JIT Code) CliEntryPoints:CheckAllGuardrails () (at D:/Projects/MindAttic/GridGame2026/Assets/Editor/CliEntryPoints.cs:412)
0x00000214cc044d65 (Mono JIT Code) (wrapper runtime-invoke) object:runtime_invoke_void (object,intptr,intptr,intptr)
0x00007ff935a46bfe (mono-2.0-bdwgc) mono_jit_runtime_invoke (at C:/build/output/Unity-Technologies/mono/mono/mini/mini-runtime.c:3445)
0x00007ff935988984 (mono-2.0-bdwgc) do_runtime_invoke (at C:/build/output/Unity-Technologies/mono/mono/metadata/object.c:3068)
0x00007ff935988a70 (mono-2.0-bdwgc) mono_runtime_invoke (at C:/build/output/Unity-Technologies/mono/mono/metadata/object.c:3115)
0x00007ff92c465064 (Unity) scripting_method_invoke
0x00007ff92c46bf23 (Unity) ScriptingInvocation::Invoke
0x00007ff92cc9444a (Unity) Application::ParseARGVCommands
0x00007ff92cc8a439 (Unity) Application::FinishLoadingProject
0x00007ff92ca85a6c (Unity) UnityMain
0x00007ff7c7f72f2a (Unity) __scrt_common_main_seh
0x00007ffb19f6e8d7 (KERNEL32) BaseThreadInitThunk
0x00007ffb1b5cc3fc (ntdll) RtlUserThreadStart

Creating missing Rigidbody2D component for TreeInstance in Tree.
0x00007ff92bc2fd3e (Unity) StackWalker::ShowCallstack
0x00007ff92d45e919 (Unity) PlatformStacktrace::GetStacktrace
0x00007ff92d45f19e (Unity) Stacktrace::GetStacktrace
0x00007ff92bbe0d4f (Unity) DebugStringToFile
0x00007ff92c2e6ef1 (Unity) AddComponentByPtr
0x00007ff92c2e7f3a (Unity) AddMissingRequiredComponentsDuringLoad
0x00007ff92d11617e (Unity) CheckGameObjectsAndAddMissingRequiredComponents
0x00007ff92c40846d (Unity) LoadSceneOperation::CompleteAwakeSequence
0x00007ff92c408ecd (Unity) LoadSceneOperation::CompletePreloadManagerLoadSceneEditor
0x00007ff92c409c31 (Unity) LoadSceneOperation::IntegrateMainThread
0x00007ff92c40cb6f (Unity) PreloadManager::UpdatePreloadingSingleStep
0x00007ff92c40d358 (Unity) PreloadManager::WaitForAllAsyncOperationsToComplete
0x00007ff92d077a41 (Unity) EditorSceneManager::RestoreSceneBackups
0x00007ff92d0753fa (Unity) EditorSceneManager::OpenSceneLoaded
0x00007ff92d074113 (Unity) EditorSceneManager::OpenScene
0x00007ff92ca660c5 (Unity) EditorSceneManagerBindings::OpenScene
0x00007ff92c92430e (Unity) EditorSceneManager_CUSTOM_OpenScene
0x00000215715d8c26 (Mono JIT Code) (wrapper managed-to-native) UnityEditor.SceneManagement.EditorSceneManager:OpenScene_Injected (UnityEngine.Bindings.ManagedSpanWrapper&,UnityEditor.SceneManagement.OpenSceneMode,UnityEngine.SceneManagement.Scene&)
0x00000215715d899b (Mono JIT Code) UnityEditor.SceneManagement.EditorSceneManager:OpenScene (string,UnityEditor.SceneManagement.OpenSceneMode)
0x00000215715d85c3 (Mono JIT Code) UnityEditor.SceneManagement.EditorSceneManager:OpenScene (string)
0x00000215715d8453 (Mono JIT Code) ScaffoldDriftChecker:OpenSceneSafe (string) (at D:/Projects/MindAttic/GridGame2026/Assets/Editor/ScaffoldDriftChecker.cs:104)
0x00000215715d74cb (Mono JIT Code) ScaffoldDriftChecker:Verify (System.Collections.Generic.IEnumerable`1<string>) (at D:/Projects/MindAttic/GridGame2026/Assets/Editor/ScaffoldDriftChecker.cs:59)
0x00000215715d7253 (Mono JIT Code) CliEntryPoints/<>c:<CheckAllGuardrails>b__19_4 () (at D:/Projects/MindAttic/GridGame2026/Assets/Editor/CliEntryPoints.cs:412)
0x0000021561eccd05 (Mono JIT Code) CliEntryPoints:<CheckAllGuardrails>g__Run|19_0 (string,System.Func`1<int>,CliEntryPoints/<>c__DisplayClass19_0&) (at D:/Projects/MindAttic/GridGame2026/Assets/Editor/CliEntryPoints.cs:397)
0x0000021561ecc3ab (Mono JIT Code) CliEntryPoints:CheckAllGuardrails () (at D:/Projects/MindAttic/GridGame2026/Assets/Editor/CliEntryPoints.cs:412)
0x00000214cc044d65 (Mono JIT Code) (wrapper runtime-invoke) object:runtime_invoke_void (object,intptr,intptr,intptr)
0x00007ff935a46bfe (mono-2.0-bdwgc) mono_jit_runtime_invoke (at C:/build/output/Unity-Technologies/mono/mono/mini/mini-runtime.c:3445)
0x00007ff935988984 (mono-2.0-bdwgc) do_runtime_invoke (at C:/build/output/Unity-Technologies/mono/mono/metadata/object.c:3068)
0x00007ff935988a70 (mono-2.0-bdwgc) mono_runtime_invoke (at C:/build/output/Unity-Technologies/mono/mono/metadata/object.c:3115)
0x00007ff92c465064 (Unity) scripting_method_invoke
0x00007ff92c46bf23 (Unity) ScriptingInvocation::Invoke
0x00007ff92cc9444a (Unity) Application::ParseARGVCommands
0x00007ff92cc8a439 (Unity) Application::FinishLoadingProject
0x00007ff92ca85a6c (Unity) UnityMain
0x00007ff7c7f72f2a (Unity) __scrt_common_main_seh
0x00007ffb19f6e8d7 (KERNEL32) BaseThreadInitThunk
0x00007ffb1b5cc3fc (ntdll) RtlUserThreadStart

Creating missing CircleCollider2D component for TreeInstance in Tree.
0x00007ff92bc2fd3e (Unity) StackWalker::ShowCallstack
0x00007ff92d45e919 (Unity) PlatformStacktrace::GetStacktrace
0x00007ff92d45f19e (Unity) Stacktrace::GetStacktrace
0x00007ff92bbe0d4f (Unity) DebugStringToFile
0x00007ff92c2e6ef1 (Unity) AddComponentByPtr
0x00007ff92c2e7f3a (Unity) AddMissingRequiredComponentsDuringLoad
0x00007ff92d11617e (Unity) CheckGameObjectsAndAddMissingRequiredComponents
0x00007ff92c40846d (Unity) LoadSceneOperation::CompleteAwakeSequence
0x00007ff92c408ecd (Unity) LoadSceneOperation::CompletePreloadManagerLoadSceneEditor
0x00007ff92c409c31 (Unity) LoadSceneOperation::IntegrateMainThread
0x00007ff92c40cb6f (Unity) PreloadManager::UpdatePreloadingSingleStep
0x00007ff92c40d358 (Unity) PreloadManager::WaitForAllAsyncOperationsToComplete
0x00007ff92d077a41 (Unity) EditorSceneManager::RestoreSceneBackups
0x00007ff92d0753fa (Unity) EditorSceneManager::OpenSceneLoaded
0x00007ff92d074113 (Unity) EditorSceneManager::OpenScene
0x00007ff92ca660c5 (Unity) EditorSceneManagerBindings::OpenScene
0x00007ff92c92430e (Unity) EditorSceneManager_CUSTOM_OpenScene
0x00000215715d8c26 (Mono JIT Code) (wrapper managed-to-native) UnityEditor.SceneManagement.EditorSceneManager:OpenScene_Injected (UnityEngine.Bindings.ManagedSpanWrapper&,UnityEditor.SceneManagement.OpenSceneMode,UnityEngine.SceneManagement.Scene&)
0x00000215715d899b (Mono JIT Code) UnityEditor.SceneManagement.EditorSceneManager:OpenScene (string,UnityEditor.SceneManagement.OpenSceneMode)
0x00000215715d85c3 (Mono JIT Code) UnityEditor.SceneManagement.EditorSceneManager:OpenScene (string)
0x00000215715d8453 (Mono JIT Code) ScaffoldDriftChecker:OpenSceneSafe (string) (at D:/Projects/MindAttic/GridGame2026/Assets/Editor/ScaffoldDriftChecker.cs:104)
0x00000215715d74cb (Mono JIT Code) ScaffoldDriftChecker:Verify (System.Collections.Generic.IEnumerable`1<string>) (at D:/Projects/MindAttic/GridGame2026/Assets/Editor/ScaffoldDriftChecker.cs:59)
0x00000215715d7253 (Mono JIT Code) CliEntryPoints/<>c:<CheckAllGuardrails>b__19_4 () (at D:/Projects/MindAttic/GridGame2026/Assets/Editor/CliEntryPoints.cs:412)
0x0000021561eccd05 (Mono JIT Code) CliEntryPoints:<CheckAllGuardrails>g__Run|19_0 (string,System.Func`1<int>,CliEntryPoints/<>c__DisplayClass19_0&) (at D:/Projects/MindAttic/GridGame2026/Assets/Editor/CliEntryPoints.cs:397)
0x0000021561ecc3ab (Mono JIT Code) CliEntryPoints:CheckAllGuardrails () (at D:/Projects/MindAttic/GridGame2026/Assets/Editor/CliEntryPoints.cs:412)
0x00000214cc044d65 (Mono JIT Code) (wrapper runtime-invoke) object:runtime_invoke_void (object,intptr,intptr,intptr)
0x00007ff935a46bfe (mono-2.0-bdwgc) mono_jit_runtime_invoke (at C:/build/output/Unity-Technologies/mono/mono/mini/mini-runtime.c:3445)
0x00007ff935988984 (mono-2.0-bdwgc) do_runtime_invoke (at C:/build/output/Unity-Technologies/mono/mono/metadata/object.c:3068)
0x00007ff935988a70 (mono-2.0-bdwgc) mono_runtime_invoke (at C:/build/output/Unity-Technologies/mono/mono/metadata/object.c:3115)
0x00007ff92c465064 (Unity) scripting_method_invoke
0x00007ff92c46bf23 (Unity) ScriptingInvocation::Invoke
0x00007ff92cc9444a (Unity) Application::ParseARGVCommands
0x00007ff92cc8a439 (Unity) Application::FinishLoadingProject
0x00007ff92ca85a6c (Unity) UnityMain
0x00007ff7c7f72f2a (Unity) __scrt_common_main_seh
0x00007ffb19f6e8d7 (KERNEL32) BaseThreadInitThunk
0x00007ffb1b5cc3fc (ntdll) RtlUserThreadStart

Creating missing Rigidbody2D component for TreeInstance in Tree.
0x00007ff92bc2fd3e (Unity) StackWalker::ShowCallstack
0x00007ff92d45e919 (Unity) PlatformStacktrace::GetStacktrace
0x00007ff92d45f19e (Unity) Stacktrace::GetStacktrace
0x00007ff92bbe0d4f (Unity) DebugStringToFile
0x00007ff92c2e6ef1 (Unity) AddComponentByPtr
0x00007ff92c2e7f3a (Unity) AddMissingRequiredComponentsDuringLoad
0x00007ff92d11617e (Unity) CheckGameObjectsAndAddMissingRequiredComponents
0x00007ff92c40846d (Unity) LoadSceneOperation::CompleteAwakeSequence
0x00007ff92c408ecd (Unity) LoadSceneOperation::CompletePreloadManagerLoadSceneEditor
0x00007ff92c409c31 (Unity) LoadSceneOperation::IntegrateMainThread
0x00007ff92c40cb6f (Unity) PreloadManager::UpdatePreloadingSingleStep
0x00007ff92c40d358 (Unity) PreloadManager::WaitForAllAsyncOperationsToComplete
0x00007ff92d077a41 (Unity) EditorSceneManager::RestoreSceneBackups
0x00007ff92d0753fa (Unity) EditorSceneManager::OpenSceneLoaded
0x00007ff92d074113 (Unity) EditorSceneManager::OpenScene
0x00007ff92ca660c5 (Unity) EditorSceneManagerBindings::OpenScene
0x00007ff92c92430e (Unity) EditorSceneManager_CUSTOM_OpenScene
0x00000215715d8c26 (Mono JIT Code) (wrapper managed-to-native) UnityEditor.SceneManagement.EditorSceneManager:OpenScene_Injected (UnityEngine.Bindings.ManagedSpanWrapper&,UnityEditor.SceneManagement.OpenSceneMode,UnityEngine.SceneManagement.Scene&)
0x00000215715d899b (Mono JIT Code) UnityEditor.SceneManagement.EditorSceneManager:OpenScene (string,UnityEditor.SceneManagement.OpenSceneMode)
0x00000215715d85c3 (Mono JIT Code) UnityEditor.SceneManagement.EditorSceneManager:OpenScene (string)
0x00000215715d8453 (Mono JIT Code) ScaffoldDriftChecker:OpenSceneSafe (string) (at D:/Projects/MindAttic/GridGame2026/Assets/Editor/ScaffoldDriftChecker.cs:104)
0x00000215715d74cb (Mono JIT Code) ScaffoldDriftChecker:Verify (System.Collections.Generic.IEnumerable`1<string>) (at D:/Projects/MindAttic/GridGame2026/Assets/Editor/ScaffoldDriftChecker.cs:59)
0x00000215715d7253 (Mono JIT Code) CliEntryPoints/<>c:<CheckAllGuardrails>b__19_4 () (at D:/Projects/MindAttic/GridGame2026/Assets/Editor/CliEntryPoints.cs:412)
0x0000021561eccd05 (Mono JIT Code) CliEntryPoints:<CheckAllGuardrails>g__Run|19_0 (string,System.Func`1<int>,CliEntryPoints/<>c__DisplayClass19_0&) (at D:/Projects/MindAttic/GridGame2026/Assets/Editor/CliEntryPoints.cs:397)
0x0000021561ecc3ab (Mono JIT Code) CliEntryPoints:CheckAllGuardrails () (at D:/Projects/MindAttic/GridGame2026/Assets/Editor/CliEntryPoints.cs:412)
0x00000214cc044d65 (Mono JIT Code) (wrapper runtime-invoke) object:runtime_invoke_void (object,intptr,intptr,intptr)
0x00007ff935a46bfe (mono-2.0-bdwgc) mono_jit_runtime_invoke (at C:/build/output/Unity-Technologies/mono/mono/mini/mini-runtime.c:3445)
0x00007ff935988984 (mono-2.0-bdwgc) do_runtime_invoke (at C:/build/output/Unity-Technologies/mono/mono/metadata/object.c:3068)
0x00007ff935988a70 (mono-2.0-bdwgc) mono_runtime_invoke (at C:/build/output/Unity-Technologies/mono/mono/metadata/object.c:3115)
0x00007ff92c465064 (Unity) scripting_method_invoke
0x00007ff92c46bf23 (Unity) ScriptingInvocation::Invoke
0x00007ff92cc9444a (Unity) Application::ParseARGVCommands
0x00007ff92cc8a439 (Unity) Application::FinishLoadingProject
0x00007ff92ca85a6c (Unity) UnityMain
0x00007ff7c7f72f2a (Unity) __scrt_common_main_seh
0x00007ffb19f6e8d7 (KERNEL32) BaseThreadInitThunk
0x00007ffb1b5cc3fc (ntdll) RtlUserThreadStart

Creating missing CircleCollider2D component for TreeInstance in Tree.
0x00007ff92bc2fd3e (Unity) StackWalker::ShowCallstack
0x00007ff92d45e919 (Unity) PlatformStacktrace::GetStacktrace
0x00007ff92d45f19e (Unity) Stacktrace::GetStacktrace
0x00007ff92bbe0d4f (Unity) DebugStringToFile
0x00007ff92c2e6ef1 (Unity) AddComponentByPtr
0x00007ff92c2e7f3a (Unity) AddMissingRequiredComponentsDuringLoad
0x00007ff92d11617e (Unity) CheckGameObjectsAndAddMissingRequiredComponents
0x00007ff92c40846d (Unity) LoadSceneOperation::CompleteAwakeSequence
0x00007ff92c408ecd (Unity) LoadSceneOperation::CompletePreloadManagerLoadSceneEditor
0x00007ff92c409c31 (Unity) LoadSceneOperation::IntegrateMainThread
0x00007ff92c40cb6f (Unity) PreloadManager::UpdatePreloadingSingleStep
0x00007ff92c40d358 (Unity) PreloadManager::WaitForAllAsyncOperationsToComplete
0x00007ff92d077a41 (Unity) EditorSceneManager::RestoreSceneBackups
0x00007ff92d0753fa (Unity) EditorSceneManager::OpenSceneLoaded
0x00007ff92d074113 (Unity) EditorSceneManager::OpenScene
0x00007ff92ca660c5 (Unity) EditorSceneManagerBindings::OpenScene
0x00007ff92c92430e (Unity) EditorSceneManager_CUSTOM_OpenScene
0x00000215715d8c26 (Mono JIT Code) (wrapper managed-to-native) UnityEditor.SceneManagement.EditorSceneManager:OpenScene_Injected (UnityEngine.Bindings.ManagedSpanWrapper&,UnityEditor.SceneManagement.OpenSceneMode,UnityEngine.SceneManagement.Scene&)
0x00000215715d899b (Mono JIT Code) UnityEditor.SceneManagement.EditorSceneManager:OpenScene (string,UnityEditor.SceneManagement.OpenSceneMode)
0x00000215715d85c3 (Mono JIT Code) UnityEditor.SceneManagement.EditorSceneManager:OpenScene (string)
0x00000215715d8453 (Mono JIT Code) ScaffoldDriftChecker:OpenSceneSafe (string) (at D:/Projects/MindAttic/GridGame2026/Assets/Editor/ScaffoldDriftChecker.cs:104)
0x00000215715d74cb (Mono JIT Code) ScaffoldDriftChecker:Verify (System.Collections.Generic.IEnumerable`1<string>) (at D:/Projects/MindAttic/GridGame2026/Assets/Editor/ScaffoldDriftChecker.cs:59)
0x00000215715d7253 (Mono JIT Code) CliEntryPoints/<>c:<CheckAllGuardrails>b__19_4 () (at D:/Projects/MindAttic/GridGame2026/Assets/Editor/CliEntryPoints.cs:412)
0x0000021561eccd05 (Mono JIT Code) CliEntryPoints:<CheckAllGuardrails>g__Run|19_0 (string,System.Func`1<int>,CliEntryPoints/<>c__DisplayClass19_0&) (at D:/Projects/MindAttic/GridGame2026/Assets/Editor/CliEntryPoints.cs:397)
0x0000021561ecc3ab (Mono JIT Code) CliEntryPoints:CheckAllGuardrails () (at D:/Projects/MindAttic/GridGame2026/Assets/Editor/CliEntryPoints.cs:412)
0x00000214cc044d65 (Mono JIT Code) (wrapper runtime-invoke) object:runtime_invoke_void (object,intptr,intptr,intptr)
0x00007ff935a46bfe (mono-2.0-bdwgc) mono_jit_runtime_invoke (at C:/build/output/Unity-Technologies/mono/mono/mini/mini-runtime.c:3445)
0x00007ff935988984 (mono-2.0-bdwgc) do_runtime_invoke (at C:/build/output/Unity-Technologies/mono/mono/metadata/object.c:3068)
0x00007ff935988a70 (mono-2.0-bdwgc) mono_runtime_invoke (at C:/build/output/Unity-Technologies/mono/mono/metadata/object.c:3115)
0x00007ff92c465064 (Unity) scripting_method_invoke
0x00007ff92c46bf23 (Unity) ScriptingInvocation::Invoke
0x00007ff92cc9444a (Unity) Application::ParseARGVCommands
0x00007ff92cc8a439 (Unity) Application::FinishLoadingProject
0x00007ff92ca85a6c (Unity) UnityMain
0x00007ff7c7f72f2a (Unity) __scrt_common_main_seh
0x00007ffb19f6e8d7 (KERNEL32) BaseThreadInitThunk
0x00007ffb1b5cc3fc (ntdll) RtlUserThreadStart

Creating missing Rigidbody2D component for TreeInstance in Tree.
0x00007ff92bc2fd3e (Unity) StackWalker::ShowCallstack
0x00007ff92d45e919 (Unity) PlatformStacktrace::GetStacktrace
0x00007ff92d45f19e (Unity) Stacktrace::GetStacktrace
0x00007ff92bbe0d4f (Unity) DebugStringToFile
0x00007ff92c2e6ef1 (Unity) AddComponentByPtr
0x00007ff92c2e7f3a (Unity) AddMissingRequiredComponentsDuringLoad
0x00007ff92d11617e (Unity) CheckGameObjectsAndAddMissingRequiredComponents
0x00007ff92c40846d (Unity) LoadSceneOperation::CompleteAwakeSequence
0x00007ff92c408ecd (Unity) LoadSceneOperation::CompletePreloadManagerLoadSceneEditor
0x00007ff92c409c31 (Unity) LoadSceneOperation::IntegrateMainThread
0x00007ff92c40cb6f (Unity) PreloadManager::UpdatePreloadingSingleStep
0x00007ff92c40d358 (Unity) PreloadManager::WaitForAllAsyncOperationsToComplete
0x00007ff92d077a41 (Unity) EditorSceneManager::RestoreSceneBackups
0x00007ff92d0753fa (Unity) EditorSceneManager::OpenSceneLoaded
0x00007ff92d074113 (Unity) EditorSceneManager::OpenScene
0x00007ff92ca660c5 (Unity) EditorSceneManagerBindings::OpenScene
0x00007ff92c92430e (Unity) EditorSceneManager_CUSTOM_OpenScene
0x00000215715d8c26 (Mono JIT Code) (wrapper managed-to-native) UnityEditor.SceneManagement.EditorSceneManager:OpenScene_Injected (UnityEngine.Bindings.ManagedSpanWrapper&,UnityEditor.SceneManagement.OpenSceneMode,UnityEngine.SceneManagement.Scene&)
0x00000215715d899b (Mono JIT Code) UnityEditor.SceneManagement.EditorSceneManager:OpenScene (string,UnityEditor.SceneManagement.OpenSceneMode)
0x00000215715d85c3 (Mono JIT Code) UnityEditor.SceneManagement.EditorSceneManager:OpenScene (string)
0x00000215715d8453 (Mono JIT Code) ScaffoldDriftChecker:OpenSceneSafe (string) (at D:/Projects/MindAttic/GridGame2026/Assets/Editor/ScaffoldDriftChecker.cs:104)
0x00000215715d74cb (Mono JIT Code) ScaffoldDriftChecker:Verify (System.Collections.Generic.IEnumerable`1<string>) (at D:/Projects/MindAttic/GridGame2026/Assets/Editor/ScaffoldDriftChecker.cs:59)
0x00000215715d7253 (Mono JIT Code) CliEntryPoints/<>c:<CheckAllGuardrails>b__19_4 () (at D:/Projects/MindAttic/GridGame2026/Assets/Editor/CliEntryPoints.cs:412)
0x0000021561eccd05 (Mono JIT Code) CliEntryPoints:<CheckAllGuardrails>g__Run|19_0 (string,System.Func`1<int>,CliEntryPoints/<>c__DisplayClass19_0&) (at D:/Projects/MindAttic/GridGame2026/Assets/Editor/CliEntryPoints.cs:397)
0x0000021561ecc3ab (Mono JIT Code) CliEntryPoints:CheckAllGuardrails () (at D:/Projects/MindAttic/GridGame2026/Assets/Editor/CliEntryPoints.cs:412)
0x00000214cc044d65 (Mono JIT Code) (wrapper runtime-invoke) object:runtime_invoke_void (object,intptr,intptr,intptr)
0x00007ff935a46bfe (mono-2.0-bdwgc) mono_jit_runtime_invoke (at C:/build/output/Unity-Technologies/mono/mono/mini/mini-runtime.c:3445)
0x00007ff935988984 (mono-2.0-bdwgc) do_runtime_invoke (at C:/build/output/Unity-Technologies/mono/mono/metadata/object.c:3068)
0x00007ff935988a70 (mono-2.0-bdwgc) mono_runtime_invoke (at C:/build/output/Unity-Technologies/mono/mono/metadata/object.c:3115)
0x00007ff92c465064 (Unity) scripting_method_invoke
0x00007ff92c46bf23 (Unity) ScriptingInvocation::Invoke
0x00007ff92cc9444a (Unity) Application::ParseARGVCommands
0x00007ff92cc8a439 (Unity) Application::FinishLoadingProject
0x00007ff92ca85a6c (Unity) UnityMain
0x00007ff7c7f72f2a (Unity) __scrt_common_main_seh
0x00007ffb19f6e8d7 (KERNEL32) BaseThreadInitThunk
0x00007ffb1b5cc3fc (ntdll) RtlUserThreadStart

Creating missing CircleCollider2D component for TreeInstance in Tree.
0x00007ff92bc2fd3e (Unity) StackWalker::ShowCallstack
0x00007ff92d45e919 (Unity) PlatformStacktrace::GetStacktrace
0x00007ff92d45f19e (Unity) Stacktrace::GetStacktrace
0x00007ff92bbe0d4f (Unity) DebugStringToFile
0x00007ff92c2e6ef1 (Unity) AddComponentByPtr
0x00007ff92c2e7f3a (Unity) AddMissingRequiredComponentsDuringLoad
0x00007ff92d11617e (Unity) CheckGameObjectsAndAddMissingRequiredComponents
0x00007ff92c40846d (Unity) LoadSceneOperation::CompleteAwakeSequence
0x00007ff92c408ecd (Unity) LoadSceneOperation::CompletePreloadManagerLoadSceneEditor
0x00007ff92c409c31 (Unity) LoadSceneOperation::IntegrateMainThread
0x00007ff92c40cb6f (Unity) PreloadManager::UpdatePreloadingSingleStep
0x00007ff92c40d358 (Unity) PreloadManager::WaitForAllAsyncOperationsToComplete
0x00007ff92d077a41 (Unity) EditorSceneManager::RestoreSceneBackups
0x00007ff92d0753fa (Unity) EditorSceneManager::OpenSceneLoaded
0x00007ff92d074113 (Unity) EditorSceneManager::OpenScene
0x00007ff92ca660c5 (Unity) EditorSceneManagerBindings::OpenScene
0x00007ff92c92430e (Unity) EditorSceneManager_CUSTOM_OpenScene
0x00000215715d8c26 (Mono JIT Code) (wrapper managed-to-native) UnityEditor.SceneManagement.EditorSceneManager:OpenScene_Injected (UnityEngine.Bindings.ManagedSpanWrapper&,UnityEditor.SceneManagement.OpenSceneMode,UnityEngine.SceneManagement.Scene&)
0x00000215715d899b (Mono JIT Code) UnityEditor.SceneManagement.EditorSceneManager:OpenScene (string,UnityEditor.SceneManagement.OpenSceneMode)
0x00000215715d85c3 (Mono JIT Code) UnityEditor.SceneManagement.EditorSceneManager:OpenScene (string)
0x00000215715d8453 (Mono JIT Code) ScaffoldDriftChecker:OpenSceneSafe (string) (at D:/Projects/MindAttic/GridGame2026/Assets/Editor/ScaffoldDriftChecker.cs:104)
0x00000215715d74cb (Mono JIT Code) ScaffoldDriftChecker:Verify (System.Collections.Generic.IEnumerable`1<string>) (at D:/Projects/MindAttic/GridGame2026/Assets/Editor/ScaffoldDriftChecker.cs:59)
0x00000215715d7253 (Mono JIT Code) CliEntryPoints/<>c:<CheckAllGuardrails>b__19_4 () (at D:/Projects/MindAttic/GridGame2026/Assets/Editor/CliEntryPoints.cs:412)
0x0000021561eccd05 (Mono JIT Code) CliEntryPoints:<CheckAllGuardrails>g__Run|19_0 (string,System.Func`1<int>,CliEntryPoints/<>c__DisplayClass19_0&) (at D:/Projects/MindAttic/GridGame2026/Assets/Editor/CliEntryPoints.cs:397)
0x0000021561ecc3ab (Mono JIT Code) CliEntryPoints:CheckAllGuardrails () (at D:/Projects/MindAttic/GridGame2026/Assets/Editor/CliEntryPoints.cs:412)
0x00000214cc044d65 (Mono JIT Code) (wrapper runtime-invoke) object:runtime_invoke_void (object,intptr,intptr,intptr)
0x00007ff935a46bfe (mono-2.0-bdwgc) mono_jit_runtime_invoke (at C:/build/output/Unity-Technologies/mono/mono/mini/mini-runtime.c:3445)
0x00007ff935988984 (mono-2.0-bdwgc) do_runtime_invoke (at C:/build/output/Unity-Technologies/mono/mono/metadata/object.c:3068)
0x00007ff935988a70 (mono-2.0-bdwgc) mono_runtime_invoke (at C:/build/output/Unity-Technologies/mono/mono/metadata/object.c:3115)
0x00007ff92c465064 (Unity) scripting_method_invoke
0x00007ff92c46bf23 (Unity) ScriptingInvocation::Invoke
0x00007ff92cc9444a (Unity) Application::ParseARGVCommands
0x00007ff92cc8a439 (Unity) Application::FinishLoadingProject
0x00007ff92ca85a6c (Unity) UnityMain
0x00007ff7c7f72f2a (Unity) __scrt_common_main_seh
0x00007ffb19f6e8d7 (KERNEL32) BaseThreadInitThunk
0x00007ffb1b5cc3fc (ntdll) RtlUserThreadStart

Creating missing Rigidbody2D component for TreeInstance in Tree.
0x00007ff92bc2fd3e (Unity) StackWalker::ShowCallstack
0x00007ff92d45e919 (Unity) PlatformStacktrace::GetStacktrace
0x00007ff92d45f19e (Unity) Stacktrace::GetStacktrace
0x00007ff92bbe0d4f (Unity) DebugStringToFile
0x00007ff92c2e6ef1 (Unity) AddComponentByPtr
0x00007ff92c2e7f3a (Unity) AddMissingRequiredComponentsDuringLoad
0x00007ff92d11617e (Unity) CheckGameObjectsAndAddMissingRequiredComponents
0x00007ff92c40846d (Unity) LoadSceneOperation::CompleteAwakeSequence
0x00007ff92c408ecd (Unity) LoadSceneOperation::CompletePreloadManagerLoadSceneEditor
0x00007ff92c409c31 (Unity) LoadSceneOperation::IntegrateMainThread
0x00007ff92c40cb6f (Unity) PreloadManager::UpdatePreloadingSingleStep
0x00007ff92c40d358 (Unity) PreloadManager::WaitForAllAsyncOperationsToComplete
0x00007ff92d077a41 (Unity) EditorSceneManager::RestoreSceneBackups
0x00007ff92d0753fa (Unity) EditorSceneManager::OpenSceneLoaded
0x00007ff92d074113 (Unity) EditorSceneManager::OpenScene
0x00007ff92ca660c5 (Unity) EditorSceneManagerBindings::OpenScene
0x00007ff92c92430e (Unity) EditorSceneManager_CUSTOM_OpenScene
0x00000215715d8c26 (Mono JIT Code) (wrapper managed-to-native) UnityEditor.SceneManagement.EditorSceneManager:OpenScene_Injected (UnityEngine.Bindings.ManagedSpanWrapper&,UnityEditor.SceneManagement.OpenSceneMode,UnityEngine.SceneManagement.Scene&)
0x00000215715d899b (Mono JIT Code) UnityEditor.SceneManagement.EditorSceneManager:OpenScene (string,UnityEditor.SceneManagement.OpenSceneMode)
0x00000215715d85c3 (Mono JIT Code) UnityEditor.SceneManagement.EditorSceneManager:OpenScene (string)
0x00000215715d8453 (Mono JIT Code) ScaffoldDriftChecker:OpenSceneSafe (string) (at D:/Projects/MindAttic/GridGame2026/Assets/Editor/ScaffoldDriftChecker.cs:104)
0x00000215715d74cb (Mono JIT Code) ScaffoldDriftChecker:Verify (System.Collections.Generic.IEnumerable`1<string>) (at D:/Projects/MindAttic/GridGame2026/Assets/Editor/ScaffoldDriftChecker.cs:59)
0x00000215715d7253 (Mono JIT Code) CliEntryPoints/<>c:<CheckAllGuardrails>b__19_4 () (at D:/Projects/MindAttic/GridGame2026/Assets/Editor/CliEntryPoints.cs:412)
0x0000021561eccd05 (Mono JIT Code) CliEntryPoints:<CheckAllGuardrails>g__Run|19_0 (string,System.Func`1<int>,CliEntryPoints/<>c__DisplayClass19_0&) (at D:/Projects/MindAttic/GridGame2026/Assets/Editor/CliEntryPoints.cs:397)
0x0000021561ecc3ab (Mono JIT Code) CliEntryPoints:CheckAllGuardrails () (at D:/Projects/MindAttic/GridGame2026/Assets/Editor/CliEntryPoints.cs:412)
0x00000214cc044d65 (Mono JIT Code) (wrapper runtime-invoke) object:runtime_invoke_void (object,intptr,intptr,intptr)
0x00007ff935a46bfe (mono-2.0-bdwgc) mono_jit_runtime_invoke (at C:/build/output/Unity-Technologies/mono/mono/mini/mini-runtime.c:3445)
0x00007ff935988984 (mono-2.0-bdwgc) do_runtime_invoke (at C:/build/output/Unity-Technologies/mono/mono/metadata/object.c:3068)
0x00007ff935988a70 (mono-2.0-bdwgc) mono_runtime_invoke (at C:/build/output/Unity-Technologies/mono/mono/metadata/object.c:3115)
0x00007ff92c465064 (Unity) scripting_method_invoke
0x00007ff92c46bf23 (Unity) ScriptingInvocation::Invoke
0x00007ff92cc9444a (Unity) Application::ParseARGVCommands
0x00007ff92cc8a439 (Unity) Application::FinishLoadingProject
0x00007ff92ca85a6c (Unity) UnityMain
0x00007ff7c7f72f2a (Unity) __scrt_common_main_seh
0x00007ffb19f6e8d7 (KERNEL32) BaseThreadInitThunk
0x00007ffb1b5cc3fc (ntdll) RtlUserThreadStart

Creating missing CircleCollider2D component for TreeInstance in Tree.
0x00007ff92bc2fd3e (Unity) StackWalker::ShowCallstack
0x00007ff92d45e919 (Unity) PlatformStacktrace::GetStacktrace
0x00007ff92d45f19e (Unity) Stacktrace::GetStacktrace
0x00007ff92bbe0d4f (Unity) DebugStringToFile
0x00007ff92c2e6ef1 (Unity) AddComponentByPtr
0x00007ff92c2e7f3a (Unity) AddMissingRequiredComponentsDuringLoad
0x00007ff92d11617e (Unity) CheckGameObjectsAndAddMissingRequiredComponents
0x00007ff92c40846d (Unity) LoadSceneOperation::CompleteAwakeSequence
0x00007ff92c408ecd (Unity) LoadSceneOperation::CompletePreloadManagerLoadSceneEditor
0x00007ff92c409c31 (Unity) LoadSceneOperation::IntegrateMainThread
0x00007ff92c40cb6f (Unity) PreloadManager::UpdatePreloadingSingleStep
0x00007ff92c40d358 (Unity) PreloadManager::WaitForAllAsyncOperationsToComplete
0x00007ff92d077a41 (Unity) EditorSceneManager::RestoreSceneBackups
0x00007ff92d0753fa (Unity) EditorSceneManager::OpenSceneLoaded
0x00007ff92d074113 (Unity) EditorSceneManager::OpenScene
0x00007ff92ca660c5 (Unity) EditorSceneManagerBindings::OpenScene
0x00007ff92c92430e (Unity) EditorSceneManager_CUSTOM_OpenScene
0x00000215715d8c26 (Mono JIT Code) (wrapper managed-to-native) UnityEditor.SceneManagement.EditorSceneManager:OpenScene_Injected (UnityEngine.Bindings.ManagedSpanWrapper&,UnityEditor.SceneManagement.OpenSceneMode,UnityEngine.SceneManagement.Scene&)
0x00000215715d899b (Mono JIT Code) UnityEditor.SceneManagement.EditorSceneManager:OpenScene (string,UnityEditor.SceneManagement.OpenSceneMode)
0x00000215715d85c3 (Mono JIT Code) UnityEditor.SceneManagement.EditorSceneManager:OpenScene (string)
0x00000215715d8453 (Mono JIT Code) ScaffoldDriftChecker:OpenSceneSafe (string) (at D:/Projects/MindAttic/GridGame2026/Assets/Editor/ScaffoldDriftChecker.cs:104)
0x00000215715d74cb (Mono JIT Code) ScaffoldDriftChecker:Verify (System.Collections.Generic.IEnumerable`1<string>) (at D:/Projects/MindAttic/GridGame2026/Assets/Editor/ScaffoldDriftChecker.cs:59)
0x00000215715d7253 (Mono JIT Code) CliEntryPoints/<>c:<CheckAllGuardrails>b__19_4 () (at D:/Projects/MindAttic/GridGame2026/Assets/Editor/CliEntryPoints.cs:412)
0x0000021561eccd05 (Mono JIT Code) CliEntryPoints:<CheckAllGuardrails>g__Run|19_0 (string,System.Func`1<int>,CliEntryPoints/<>c__DisplayClass19_0&) (at D:/Projects/MindAttic/GridGame2026/Assets/Editor/CliEntryPoints.cs:397)
0x0000021561ecc3ab (Mono JIT Code) CliEntryPoints:CheckAllGuardrails () (at D:/Projects/MindAttic/GridGame2026/Assets/Editor/CliEntryPoints.cs:412)
0x00000214cc044d65 (Mono JIT Code) (wrapper runtime-invoke) object:runtime_invoke_void (object,intptr,intptr,intptr)
0x00007ff935a46bfe (mono-2.0-bdwgc) mono_jit_runtime_invoke (at C:/build/output/Unity-Technologies/mono/mono/mini/mini-runtime.c:3445)
0x00007ff935988984 (mono-2.0-bdwgc) do_runtime_invoke (at C:/build/output/Unity-Technologies/mono/mono/metadata/object.c:3068)
0x00007ff935988a70 (mono-2.0-bdwgc) mono_runtime_invoke (at C:/build/output/Unity-Technologies/mono/mono/metadata/object.c:3115)
0x00007ff92c465064 (Unity) scripting_method_invoke
0x00007ff92c46bf23 (Unity) ScriptingInvocation::Invoke
0x00007ff92cc9444a (Unity) Application::ParseARGVCommands
0x00007ff92cc8a439 (Unity) Application::FinishLoadingProject
0x00007ff92ca85a6c (Unity) UnityMain
0x00007ff7c7f72f2a (Unity) __scrt_common_main_seh
0x00007ffb19f6e8d7 (KERNEL32) BaseThreadInitThunk
0x00007ffb1b5cc3fc (ntdll) RtlUserThreadStart

Creating missing Rigidbody2D component for TreeInstance in Tree.
0x00007ff92bc2fd3e (Unity) StackWalker::ShowCallstack
0x00007ff92d45e919 (Unity) PlatformStacktrace::GetStacktrace
0x00007ff92d45f19e (Unity) Stacktrace::GetStacktrace
0x00007ff92bbe0d4f (Unity) DebugStringToFile
0x00007ff92c2e6ef1 (Unity) AddComponentByPtr
0x00007ff92c2e7f3a (Unity) AddMissingRequiredComponentsDuringLoad
0x00007ff92d11617e (Unity) CheckGameObjectsAndAddMissingRequiredComponents
0x00007ff92c40846d (Unity) LoadSceneOperation::CompleteAwakeSequence
0x00007ff92c408ecd (Unity) LoadSceneOperation::CompletePreloadManagerLoadSceneEditor
0x00007ff92c409c31 (Unity) LoadSceneOperation::IntegrateMainThread
0x00007ff92c40cb6f (Unity) PreloadManager::UpdatePreloadingSingleStep
0x00007ff92c40d358 (Unity) PreloadManager::WaitForAllAsyncOperationsToComplete
0x00007ff92d077a41 (Unity) EditorSceneManager::RestoreSceneBackups
0x00007ff92d0753fa (Unity) EditorSceneManager::OpenSceneLoaded
0x00007ff92d074113 (Unity) EditorSceneManager::OpenScene
0x00007ff92ca660c5 (Unity) EditorSceneManagerBindings::OpenScene
0x00007ff92c92430e (Unity) EditorSceneManager_CUSTOM_OpenScene
0x00000215715d8c26 (Mono JIT Code) (wrapper managed-to-native) UnityEditor.SceneManagement.EditorSceneManager:OpenScene_Injected (UnityEngine.Bindings.ManagedSpanWrapper&,UnityEditor.SceneManagement.OpenSceneMode,UnityEngine.SceneManagement.Scene&)
0x00000215715d899b (Mono JIT Code) UnityEditor.SceneManagement.EditorSceneManager:OpenScene (string,UnityEditor.SceneManagement.OpenSceneMode)
0x00000215715d85c3 (Mono JIT Code) UnityEditor.SceneManagement.EditorSceneManager:OpenScene (string)
0x00000215715d8453 (Mono JIT Code) ScaffoldDriftChecker:OpenSceneSafe (string) (at D:/Projects/MindAttic/GridGame2026/Assets/Editor/ScaffoldDriftChecker.cs:104)
0x00000215715d74cb (Mono JIT Code) ScaffoldDriftChecker:Verify (System.Collections.Generic.IEnumerable`1<string>) (at D:/Projects/MindAttic/GridGame2026/Assets/Editor/ScaffoldDriftChecker.cs:59)
0x00000215715d7253 (Mono JIT Code) CliEntryPoints/<>c:<CheckAllGuardrails>b__19_4 () (at D:/Projects/MindAttic/GridGame2026/Assets/Editor/CliEntryPoints.cs:412)
0x0000021561eccd05 (Mono JIT Code) CliEntryPoints:<CheckAllGuardrails>g__Run|19_0 (string,System.Func`1<int>,CliEntryPoints/<>c__DisplayClass19_0&) (at D:/Projects/MindAttic/GridGame2026/Assets/Editor/CliEntryPoints.cs:397)
0x0000021561ecc3ab (Mono JIT Code) CliEntryPoints:CheckAllGuardrails () (at D:/Projects/MindAttic/GridGame2026/Assets/Editor/CliEntryPoints.cs:412)
0x00000214cc044d65 (Mono JIT Code) (wrapper runtime-invoke) object:runtime_invoke_void (object,intptr,intptr,intptr)
0x00007ff935a46bfe (mono-2.0-bdwgc) mono_jit_runtime_invoke (at C:/build/output/Unity-Technologies/mono/mono/mini/mini-runtime.c:3445)
0x00007ff935988984 (mono-2.0-bdwgc) do_runtime_invoke (at C:/build/output/Unity-Technologies/mono/mono/metadata/object.c:3068)
0x00007ff935988a70 (mono-2.0-bdwgc) mono_runtime_invoke (at C:/build/output/Unity-Technologies/mono/mono/metadata/object.c:3115)
0x00007ff92c465064 (Unity) scripting_method_invoke
0x00007ff92c46bf23 (Unity) ScriptingInvocation::Invoke
0x00007ff92cc9444a (Unity) Application::ParseARGVCommands
0x00007ff92cc8a439 (Unity) Application::FinishLoadingProject
0x00007ff92ca85a6c (Unity) UnityMain
0x00007ff7c7f72f2a (Unity) __scrt_common_main_seh
0x00007ffb19f6e8d7 (KERNEL32) BaseThreadInitThunk
0x00007ffb1b5cc3fc (ntdll) RtlUserThreadStart

Creating missing CircleCollider2D component for TreeInstance in Tree.
0x00007ff92bc2fd3e (Unity) StackWalker::ShowCallstack
0x00007ff92d45e919 (Unity) PlatformStacktrace::GetStacktrace
0x00007ff92d45f19e (Unity) Stacktrace::GetStacktrace
0x00007ff92bbe0d4f (Unity) DebugStringToFile
0x00007ff92c2e6ef1 (Unity) AddComponentByPtr
0x00007ff92c2e7f3a (Unity) AddMissingRequiredComponentsDuringLoad
0x00007ff92d11617e (Unity) CheckGameObjectsAndAddMissingRequiredComponents
0x00007ff92c40846d (Unity) LoadSceneOperation::CompleteAwakeSequence
0x00007ff92c408ecd (Unity) LoadSceneOperation::CompletePreloadManagerLoadSceneEditor
0x00007ff92c409c31 (Unity) LoadSceneOperation::IntegrateMainThread
0x00007ff92c40cb6f (Unity) PreloadManager::UpdatePreloadingSingleStep
0x00007ff92c40d358 (Unity) PreloadManager::WaitForAllAsyncOperationsToComplete
0x00007ff92d077a41 (Unity) EditorSceneManager::RestoreSceneBackups
0x00007ff92d0753fa (Unity) EditorSceneManager::OpenSceneLoaded
0x00007ff92d074113 (Unity) EditorSceneManager::OpenScene
0x00007ff92ca660c5 (Unity) EditorSceneManagerBindings::OpenScene
0x00007ff92c92430e (Unity) EditorSceneManager_CUSTOM_OpenScene
0x00000215715d8c26 (Mono JIT Code) (wrapper managed-to-native) UnityEditor.SceneManagement.EditorSceneManager:OpenScene_Injected (UnityEngine.Bindings.ManagedSpanWrapper&,UnityEditor.SceneManagement.OpenSceneMode,UnityEngine.SceneManagement.Scene&)
0x00000215715d899b (Mono JIT Code) UnityEditor.SceneManagement.EditorSceneManager:OpenScene (string,UnityEditor.SceneManagement.OpenSceneMode)
0x00000215715d85c3 (Mono JIT Code) UnityEditor.SceneManagement.EditorSceneManager:OpenScene (string)
0x00000215715d8453 (Mono JIT Code) ScaffoldDriftChecker:OpenSceneSafe (string) (at D:/Projects/MindAttic/GridGame2026/Assets/Editor/ScaffoldDriftChecker.cs:104)
0x00000215715d74cb (Mono JIT Code) ScaffoldDriftChecker:Verify (System.Collections.Generic.IEnumerable`1<string>) (at D:/Projects/MindAttic/GridGame2026/Assets/Editor/ScaffoldDriftChecker.cs:59)
0x00000215715d7253 (Mono JIT Code) CliEntryPoints/<>c:<CheckAllGuardrails>b__19_4 () (at D:/Projects/MindAttic/GridGame2026/Assets/Editor/CliEntryPoints.cs:412)
0x0000021561eccd05 (Mono JIT Code) CliEntryPoints:<CheckAllGuardrails>g__Run|19_0 (string,System.Func`1<int>,CliEntryPoints/<>c__DisplayClass19_0&) (at D:/Projects/MindAttic/GridGame2026/Assets/Editor/CliEntryPoints.cs:397)
0x0000021561ecc3ab (Mono JIT Code) CliEntryPoints:CheckAllGuardrails () (at D:/Projects/MindAttic/GridGame2026/Assets/Editor/CliEntryPoints.cs:412)
0x00000214cc044d65 (Mono JIT Code) (wrapper runtime-invoke) object:runtime_invoke_void (object,intptr,intptr,intptr)
0x00007ff935a46bfe (mono-2.0-bdwgc) mono_jit_runtime_invoke (at C:/build/output/Unity-Technologies/mono/mono/mini/mini-runtime.c:3445)
0x00007ff935988984 (mono-2.0-bdwgc) do_runtime_invoke (at C:/build/output/Unity-Technologies/mono/mono/metadata/object.c:3068)
0x00007ff935988a70 (mono-2.0-bdwgc) mono_runtime_invoke (at C:/build/output/Unity-Technologies/mono/mono/metadata/object.c:3115)
0x00007ff92c465064 (Unity) scripting_method_invoke
0x00007ff92c46bf23 (Unity) ScriptingInvocation::Invoke
0x00007ff92cc9444a (Unity) Application::ParseARGVCommands
0x00007ff92cc8a439 (Unity) Application::FinishLoadingProject
0x00007ff92ca85a6c (Unity) UnityMain
0x00007ff7c7f72f2a (Unity) __scrt_common_main_seh
0x00007ffb19f6e8d7 (KERNEL32) BaseThreadInitThunk
0x00007ffb1b5cc3fc (ntdll) RtlUserThreadStart

Creating missing Rigidbody2D component for TreeInstance in Tree.
0x00007ff92bc2fd3e (Unity) StackWalker::ShowCallstack
0x00007ff92d45e919 (Unity) PlatformStacktrace::GetStacktrace
0x00007ff92d45f19e (Unity) Stacktrace::GetStacktrace
0x00007ff92bbe0d4f (Unity) DebugStringToFile
0x00007ff92c2e6ef1 (Unity) AddComponentByPtr
0x00007ff92c2e7f3a (Unity) AddMissingRequiredComponentsDuringLoad
0x00007ff92d11617e (Unity) CheckGameObjectsAndAddMissingRequiredComponents
0x00007ff92c40846d (Unity) LoadSceneOperation::CompleteAwakeSequence
0x00007ff92c408ecd (Unity) LoadSceneOperation::CompletePreloadManagerLoadSceneEditor
0x00007ff92c409c31 (Unity) LoadSceneOperation::IntegrateMainThread
0x00007ff92c40cb6f (Unity) PreloadManager::UpdatePreloadingSingleStep
0x00007ff92c40d358 (Unity) PreloadManager::WaitForAllAsyncOperationsToComplete
0x00007ff92d077a41 (Unity) EditorSceneManager::RestoreSceneBackups
0x00007ff92d0753fa (Unity) EditorSceneManager::OpenSceneLoaded
0x00007ff92d074113 (Unity) EditorSceneManager::OpenScene
0x00007ff92ca660c5 (Unity) EditorSceneManagerBindings::OpenScene
0x00007ff92c92430e (Unity) EditorSceneManager_CUSTOM_OpenScene
0x00000215715d8c26 (Mono JIT Code) (wrapper managed-to-native) UnityEditor.SceneManagement.EditorSceneManager:OpenScene_Injected (UnityEngine.Bindings.ManagedSpanWrapper&,UnityEditor.SceneManagement.OpenSceneMode,UnityEngine.SceneManagement.Scene&)
0x00000215715d899b (Mono JIT Code) UnityEditor.SceneManagement.EditorSceneManager:OpenScene (string,UnityEditor.SceneManagement.OpenSceneMode)
0x00000215715d85c3 (Mono JIT Code) UnityEditor.SceneManagement.EditorSceneManager:OpenScene (string)
0x00000215715d8453 (Mono JIT Code) ScaffoldDriftChecker:OpenSceneSafe (string) (at D:/Projects/MindAttic/GridGame2026/Assets/Editor/ScaffoldDriftChecker.cs:104)
0x00000215715d74cb (Mono JIT Code) ScaffoldDriftChecker:Verify (System.Collections.Generic.IEnumerable`1<string>) (at D:/Projects/MindAttic/GridGame2026/Assets/Editor/ScaffoldDriftChecker.cs:59)
0x00000215715d7253 (Mono JIT Code) CliEntryPoints/<>c:<CheckAllGuardrails>b__19_4 () (at D:/Projects/MindAttic/GridGame2026/Assets/Editor/CliEntryPoints.cs:412)
0x0000021561eccd05 (Mono JIT Code) CliEntryPoints:<CheckAllGuardrails>g__Run|19_0 (string,System.Func`1<int>,CliEntryPoints/<>c__DisplayClass19_0&) (at D:/Projects/MindAttic/GridGame2026/Assets/Editor/CliEntryPoints.cs:397)
0x0000021561ecc3ab (Mono JIT Code) CliEntryPoints:CheckAllGuardrails () (at D:/Projects/MindAttic/GridGame2026/Assets/Editor/CliEntryPoints.cs:412)
0x00000214cc044d65 (Mono JIT Code) (wrapper runtime-invoke) object:runtime_invoke_void (object,intptr,intptr,intptr)
0x00007ff935a46bfe (mono-2.0-bdwgc) mono_jit_runtime_invoke (at C:/build/output/Unity-Technologies/mono/mono/mini/mini-runtime.c:3445)
0x00007ff935988984 (mono-2.0-bdwgc) do_runtime_invoke (at C:/build/output/Unity-Technologies/mono/mono/metadata/object.c:3068)
0x00007ff935988a70 (mono-2.0-bdwgc) mono_runtime_invoke (at C:/build/output/Unity-Technologies/mono/mono/metadata/object.c:3115)
0x00007ff92c465064 (Unity) scripting_method_invoke
0x00007ff92c46bf23 (Unity) ScriptingInvocation::Invoke
0x00007ff92cc9444a (Unity) Application::ParseARGVCommands
0x00007ff92cc8a439 (Unity) Application::FinishLoadingProject
0x00007ff92ca85a6c (Unity) UnityMain
0x00007ff7c7f72f2a (Unity) __scrt_common_main_seh
0x00007ffb19f6e8d7 (KERNEL32) BaseThreadInitThunk
0x00007ffb1b5cc3fc (ntdll) RtlUserThreadStart

Creating missing CircleCollider2D component for TreeInstance in Tree.
0x00007ff92bc2fd3e (Unity) StackWalker::ShowCallstack
0x00007ff92d45e919 (Unity) PlatformStacktrace::GetStacktrace
0x00007ff92d45f19e (Unity) Stacktrace::GetStacktrace
0x00007ff92bbe0d4f (Unity) DebugStringToFile
0x00007ff92c2e6ef1 (Unity) AddComponentByPtr
0x00007ff92c2e7f3a (Unity) AddMissingRequiredComponentsDuringLoad
0x00007ff92d11617e (Unity) CheckGameObjectsAndAddMissingRequiredComponents
0x00007ff92c40846d (Unity) LoadSceneOperation::CompleteAwakeSequence
0x00007ff92c408ecd (Unity) LoadSceneOperation::CompletePreloadManagerLoadSceneEditor
0x00007ff92c409c31 (Unity) LoadSceneOperation::IntegrateMainThread
0x00007ff92c40cb6f (Unity) PreloadManager::UpdatePreloadingSingleStep
0x00007ff92c40d358 (Unity) PreloadManager::WaitForAllAsyncOperationsToComplete
0x00007ff92d077a41 (Unity) EditorSceneManager::RestoreSceneBackups
0x00007ff92d0753fa (Unity) EditorSceneManager::OpenSceneLoaded
0x00007ff92d074113 (Unity) EditorSceneManager::OpenScene
0x00007ff92ca660c5 (Unity) EditorSceneManagerBindings::OpenScene
0x00007ff92c92430e (Unity) EditorSceneManager_CUSTOM_OpenScene
0x00000215715d8c26 (Mono JIT Code) (wrapper managed-to-native) UnityEditor.SceneManagement.EditorSceneManager:OpenScene_Injected (UnityEngine.Bindings.ManagedSpanWrapper&,UnityEditor.SceneManagement.OpenSceneMode,UnityEngine.SceneManagement.Scene&)
0x00000215715d899b (Mono JIT Code) UnityEditor.SceneManagement.EditorSceneManager:OpenScene (string,UnityEditor.SceneManagement.OpenSceneMode)
0x00000215715d85c3 (Mono JIT Code) UnityEditor.SceneManagement.EditorSceneManager:OpenScene (string)
0x00000215715d8453 (Mono JIT Code) ScaffoldDriftChecker:OpenSceneSafe (string) (at D:/Projects/MindAttic/GridGame2026/Assets/Editor/ScaffoldDriftChecker.cs:104)
0x00000215715d74cb (Mono JIT Code) ScaffoldDriftChecker:Verify (System.Collections.Generic.IEnumerable`1<string>) (at D:/Projects/MindAttic/GridGame2026/Assets/Editor/ScaffoldDriftChecker.cs:59)
0x00000215715d7253 (Mono JIT Code) CliEntryPoints/<>c:<CheckAllGuardrails>b__19_4 () (at D:/Projects/MindAttic/GridGame2026/Assets/Editor/CliEntryPoints.cs:412)
0x0000021561eccd05 (Mono JIT Code) CliEntryPoints:<CheckAllGuardrails>g__Run|19_0 (string,System.Func`1<int>,CliEntryPoints/<>c__DisplayClass19_0&) (at D:/Projects/MindAttic/GridGame2026/Assets/Editor/CliEntryPoints.cs:397)
0x0000021561ecc3ab (Mono JIT Code) CliEntryPoints:CheckAllGuardrails () (at D:/Projects/MindAttic/GridGame2026/Assets/Editor/CliEntryPoints.cs:412)
0x00000214cc044d65 (Mono JIT Code) (wrapper runtime-invoke) object:runtime_invoke_void (object,intptr,intptr,intptr)
0x00007ff935a46bfe (mono-2.0-bdwgc) mono_jit_runtime_invoke (at C:/build/output/Unity-Technologies/mono/mono/mini/mini-runtime.c:3445)
0x00007ff935988984 (mono-2.0-bdwgc) do_runtime_invoke (at C:/build/output/Unity-Technologies/mono/mono/metadata/object.c:3068)
0x00007ff935988a70 (mono-2.0-bdwgc) mono_runtime_invoke (at C:/build/output/Unity-Technologies/mono/mono/metadata/object.c:3115)
0x00007ff92c465064 (Unity) scripting_method_invoke
0x00007ff92c46bf23 (Unity) ScriptingInvocation::Invoke
0x00007ff92cc9444a (Unity) Application::ParseARGVCommands
0x00007ff92cc8a439 (Unity) Application::FinishLoadingProject
0x00007ff92ca85a6c (Unity) UnityMain
0x00007ff7c7f72f2a (Unity) __scrt_common_main_seh
0x00007ffb19f6e8d7 (KERNEL32) BaseThreadInitThunk
0x00007ffb1b5cc3fc (ntdll) RtlUserThreadStart

Creating missing Rigidbody2D component for TreeInstance in Tree.
0x00007ff92bc2fd3e (Unity) StackWalker::ShowCallstack
0x00007ff92d45e919 (Unity) PlatformStacktrace::GetStacktrace
0x00007ff92d45f19e (Unity) Stacktrace::GetStacktrace
0x00007ff92bbe0d4f (Unity) DebugStringToFile
0x00007ff92c2e6ef1 (Unity) AddComponentByPtr
0x00007ff92c2e7f3a (Unity) AddMissingRequiredComponentsDuringLoad
0x00007ff92d11617e (Unity) CheckGameObjectsAndAddMissingRequiredComponents
0x00007ff92c40846d (Unity) LoadSceneOperation::CompleteAwakeSequence
0x00007ff92c408ecd (Unity) LoadSceneOperation::CompletePreloadManagerLoadSceneEditor
0x00007ff92c409c31 (Unity) LoadSceneOperation::IntegrateMainThread
0x00007ff92c40cb6f (Unity) PreloadManager::UpdatePreloadingSingleStep
0x00007ff92c40d358 (Unity) PreloadManager::WaitForAllAsyncOperationsToComplete
0x00007ff92d077a41 (Unity) EditorSceneManager::RestoreSceneBackups
0x00007ff92d0753fa (Unity) EditorSceneManager::OpenSceneLoaded
0x00007ff92d074113 (Unity) EditorSceneManager::OpenScene
0x00007ff92ca660c5 (Unity) EditorSceneManagerBindings::OpenScene
0x00007ff92c92430e (Unity) EditorSceneManager_CUSTOM_OpenScene
0x00000215715d8c26 (Mono JIT Code) (wrapper managed-to-native) UnityEditor.SceneManagement.EditorSceneManager:OpenScene_Injected (UnityEngine.Bindings.ManagedSpanWrapper&,UnityEditor.SceneManagement.OpenSceneMode,UnityEngine.SceneManagement.Scene&)
0x00000215715d899b (Mono JIT Code) UnityEditor.SceneManagement.EditorSceneManager:OpenScene (string,UnityEditor.SceneManagement.OpenSceneMode)
0x00000215715d85c3 (Mono JIT Code) UnityEditor.SceneManagement.EditorSceneManager:OpenScene (string)
0x00000215715d8453 (Mono JIT Code) ScaffoldDriftChecker:OpenSceneSafe (string) (at D:/Projects/MindAttic/GridGame2026/Assets/Editor/ScaffoldDriftChecker.cs:104)
0x00000215715d74cb (Mono JIT Code) ScaffoldDriftChecker:Verify (System.Collections.Generic.IEnumerable`1<string>) (at D:/Projects/MindAttic/GridGame2026/Assets/Editor/ScaffoldDriftChecker.cs:59)
0x00000215715d7253 (Mono JIT Code) CliEntryPoints/<>c:<CheckAllGuardrails>b__19_4 () (at D:/Projects/MindAttic/GridGame2026/Assets/Editor/CliEntryPoints.cs:412)
0x0000021561eccd05 (Mono JIT Code) CliEntryPoints:<CheckAllGuardrails>g__Run|19_0 (string,System.Func`1<int>,CliEntryPoints/<>c__DisplayClass19_0&) (at D:/Projects/MindAttic/GridGame2026/Assets/Editor/CliEntryPoints.cs:397)
0x0000021561ecc3ab (Mono JIT Code) CliEntryPoints:CheckAllGuardrails () (at D:/Projects/MindAttic/GridGame2026/Assets/Editor/CliEntryPoints.cs:412)
0x00000214cc044d65 (Mono JIT Code) (wrapper runtime-invoke) object:runtime_invoke_void (object,intptr,intptr,intptr)
0x00007ff935a46bfe (mono-2.0-bdwgc) mono_jit_runtime_invoke (at C:/build/output/Unity-Technologies/mono/mono/mini/mini-runtime.c:3445)
0x00007ff935988984 (mono-2.0-bdwgc) do_runtime_invoke (at C:/build/output/Unity-Technologies/mono/mono/metadata/object.c:3068)
0x00007ff935988a70 (mono-2.0-bdwgc) mono_runtime_invoke (at C:/build/output/Unity-Technologies/mono/mono/metadata/object.c:3115)
0x00007ff92c465064 (Unity) scripting_method_invoke
0x00007ff92c46bf23 (Unity) ScriptingInvocation::Invoke
0x00007ff92cc9444a (Unity) Application::ParseARGVCommands
0x00007ff92cc8a439 (Unity) Application::FinishLoadingProject
0x00007ff92ca85a6c (Unity) UnityMain
0x00007ff7c7f72f2a (Unity) __scrt_common_main_seh
0x00007ffb19f6e8d7 (KERNEL32) BaseThreadInitThunk
0x00007ffb1b5cc3fc (ntdll) RtlUserThreadStart

Creating missing CircleCollider2D component for TreeInstance in Tree.
0x00007ff92bc2fd3e (Unity) StackWalker::ShowCallstack
0x00007ff92d45e919 (Unity) PlatformStacktrace::GetStacktrace
0x00007ff92d45f19e (Unity) Stacktrace::GetStacktrace
0x00007ff92bbe0d4f (Unity) DebugStringToFile
0x00007ff92c2e6ef1 (Unity) AddComponentByPtr
0x00007ff92c2e7f3a (Unity) AddMissingRequiredComponentsDuringLoad
0x00007ff92d11617e (Unity) CheckGameObjectsAndAddMissingRequiredComponents
0x00007ff92c40846d (Unity) LoadSceneOperation::CompleteAwakeSequence
0x00007ff92c408ecd (Unity) LoadSceneOperation::CompletePreloadManagerLoadSceneEditor
0x00007ff92c409c31 (Unity) LoadSceneOperation::IntegrateMainThread
0x00007ff92c40cb6f (Unity) PreloadManager::UpdatePreloadingSingleStep
0x00007ff92c40d358 (Unity) PreloadManager::WaitForAllAsyncOperationsToComplete
0x00007ff92d077a41 (Unity) EditorSceneManager::RestoreSceneBackups
0x00007ff92d0753fa (Unity) EditorSceneManager::OpenSceneLoaded
0x00007ff92d074113 (Unity) EditorSceneManager::OpenScene
0x00007ff92ca660c5 (Unity) EditorSceneManagerBindings::OpenScene
0x00007ff92c92430e (Unity) EditorSceneManager_CUSTOM_OpenScene
0x00000215715d8c26 (Mono JIT Code) (wrapper managed-to-native) UnityEditor.SceneManagement.EditorSceneManager:OpenScene_Injected (UnityEngine.Bindings.ManagedSpanWrapper&,UnityEditor.SceneManagement.OpenSceneMode,UnityEngine.SceneManagement.Scene&)
0x00000215715d899b (Mono JIT Code) UnityEditor.SceneManagement.EditorSceneManager:OpenScene (string,UnityEditor.SceneManagement.OpenSceneMode)
0x00000215715d85c3 (Mono JIT Code) UnityEditor.SceneManagement.EditorSceneManager:OpenScene (string)
0x00000215715d8453 (Mono JIT Code) ScaffoldDriftChecker:OpenSceneSafe (string) (at D:/Projects/MindAttic/GridGame2026/Assets/Editor/ScaffoldDriftChecker.cs:104)
0x00000215715d74cb (Mono JIT Code) ScaffoldDriftChecker:Verify (System.Collections.Generic.IEnumerable`1<string>) (at D:/Projects/MindAttic/GridGame2026/Assets/Editor/ScaffoldDriftChecker.cs:59)
0x00000215715d7253 (Mono JIT Code) CliEntryPoints/<>c:<CheckAllGuardrails>b__19_4 () (at D:/Projects/MindAttic/GridGame2026/Assets/Editor/CliEntryPoints.cs:412)
0x0000021561eccd05 (Mono JIT Code) CliEntryPoints:<CheckAllGuardrails>g__Run|19_0 (string,System.Func`1<int>,CliEntryPoints/<>c__DisplayClass19_0&) (at D:/Projects/MindAttic/GridGame2026/Assets/Editor/CliEntryPoints.cs:397)
0x0000021561ecc3ab (Mono JIT Code) CliEntryPoints:CheckAllGuardrails () (at D:/Projects/MindAttic/GridGame2026/Assets/Editor/CliEntryPoints.cs:412)
0x00000214cc044d65 (Mono JIT Code) (wrapper runtime-invoke) object:runtime_invoke_void (object,intptr,intptr,intptr)
0x00007ff935a46bfe (mono-2.0-bdwgc) mono_jit_runtime_invoke (at C:/build/output/Unity-Technologies/mono/mono/mini/mini-runtime.c:3445)
0x00007ff935988984 (mono-2.0-bdwgc) do_runtime_invoke (at C:/build/output/Unity-Technologies/mono/mono/metadata/object.c:3068)
0x00007ff935988a70 (mono-2.0-bdwgc) mono_runtime_invoke (at C:/build/output/Unity-Technologies/mono/mono/metadata/object.c:3115)
0x00007ff92c465064 (Unity) scripting_method_invoke
0x00007ff92c46bf23 (Unity) ScriptingInvocation::Invoke
0x00007ff92cc9444a (Unity) Application::ParseARGVCommands
0x00007ff92cc8a439 (Unity) Application::FinishLoadingProject
0x00007ff92ca85a6c (Unity) UnityMain
0x00007ff7c7f72f2a (Unity) __scrt_common_main_seh
0x00007ffb19f6e8d7 (KERNEL32) BaseThreadInitThunk
0x00007ffb1b5cc3fc (ntdll) RtlUserThreadStart

Creating missing Rigidbody2D component for TreeInstance in Tree.
0x00007ff92bc2fd3e (Unity) StackWalker::ShowCallstack
0x00007ff92d45e919 (Unity) PlatformStacktrace::GetStacktrace
0x00007ff92d45f19e (Unity) Stacktrace::GetStacktrace
0x00007ff92bbe0d4f (Unity) DebugStringToFile
0x00007ff92c2e6ef1 (Unity) AddComponentByPtr
0x00007ff92c2e7f3a (Unity) AddMissingRequiredComponentsDuringLoad
0x00007ff92d11617e (Unity) CheckGameObjectsAndAddMissingRequiredComponents
0x00007ff92c40846d (Unity) LoadSceneOperation::CompleteAwakeSequence
0x00007ff92c408ecd (Unity) LoadSceneOperation::CompletePreloadManagerLoadSceneEditor
0x00007ff92c409c31 (Unity) LoadSceneOperation::IntegrateMainThread
0x00007ff92c40cb6f (Unity) PreloadManager::UpdatePreloadingSingleStep
0x00007ff92c40d358 (Unity) PreloadManager::WaitForAllAsyncOperationsToComplete
0x00007ff92d077a41 (Unity) EditorSceneManager::RestoreSceneBackups
0x00007ff92d0753fa (Unity) EditorSceneManager::OpenSceneLoaded
0x00007ff92d074113 (Unity) EditorSceneManager::OpenScene
0x00007ff92ca660c5 (Unity) EditorSceneManagerBindings::OpenScene
0x00007ff92c92430e (Unity) EditorSceneManager_CUSTOM_OpenScene
0x00000215715d8c26 (Mono JIT Code) (wrapper managed-to-native) UnityEditor.SceneManagement.EditorSceneManager:OpenScene_Injected (UnityEngine.Bindings.ManagedSpanWrapper&,UnityEditor.SceneManagement.OpenSceneMode,UnityEngine.SceneManagement.Scene&)
0x00000215715d899b (Mono JIT Code) UnityEditor.SceneManagement.EditorSceneManager:OpenScene (string,UnityEditor.SceneManagement.OpenSceneMode)
0x00000215715d85c3 (Mono JIT Code) UnityEditor.SceneManagement.EditorSceneManager:OpenScene (string)
0x00000215715d8453 (Mono JIT Code) ScaffoldDriftChecker:OpenSceneSafe (string) (at D:/Projects/MindAttic/GridGame2026/Assets/Editor/ScaffoldDriftChecker.cs:104)
0x00000215715d74cb (Mono JIT Code) ScaffoldDriftChecker:Verify (System.Collections.Generic.IEnumerable`1<string>) (at D:/Projects/MindAttic/GridGame2026/Assets/Editor/ScaffoldDriftChecker.cs:59)
0x00000215715d7253 (Mono JIT Code) CliEntryPoints/<>c:<CheckAllGuardrails>b__19_4 () (at D:/Projects/MindAttic/GridGame2026/Assets/Editor/CliEntryPoints.cs:412)
0x0000021561eccd05 (Mono JIT Code) CliEntryPoints:<CheckAllGuardrails>g__Run|19_0 (string,System.Func`1<int>,CliEntryPoints/<>c__DisplayClass19_0&) (at D:/Projects/MindAttic/GridGame2026/Assets/Editor/CliEntryPoints.cs:397)
0x0000021561ecc3ab (Mono JIT Code) CliEntryPoints:CheckAllGuardrails () (at D:/Projects/MindAttic/GridGame2026/Assets/Editor/CliEntryPoints.cs:412)
0x00000214cc044d65 (Mono JIT Code) (wrapper runtime-invoke) object:runtime_invoke_void (object,intptr,intptr,intptr)
0x00007ff935a46bfe (mono-2.0-bdwgc) mono_jit_runtime_invoke (at C:/build/output/Unity-Technologies/mono/mono/mini/mini-runtime.c:3445)
0x00007ff935988984 (mono-2.0-bdwgc) do_runtime_invoke (at C:/build/output/Unity-Technologies/mono/mono/metadata/object.c:3068)
0x00007ff935988a70 (mono-2.0-bdwgc) mono_runtime_invoke (at C:/build/output/Unity-Technologies/mono/mono/metadata/object.c:3115)
0x00007ff92c465064 (Unity) scripting_method_invoke
0x00007ff92c46bf23 (Unity) ScriptingInvocation::Invoke
0x00007ff92cc9444a (Unity) Application::ParseARGVCommands
0x00007ff92cc8a439 (Unity) Application::FinishLoadingProject
0x00007ff92ca85a6c (Unity) UnityMain
0x00007ff7c7f72f2a (Unity) __scrt_common_main_seh
0x00007ffb19f6e8d7 (KERNEL32) BaseThreadInitThunk
0x00007ffb1b5cc3fc (ntdll) RtlUserThreadStart

Creating missing CircleCollider2D component for TreeInstance in Tree.
0x00007ff92bc2fd3e (Unity) StackWalker::ShowCallstack
0x00007ff92d45e919 (Unity) PlatformStacktrace::GetStacktrace
0x00007ff92d45f19e (Unity) Stacktrace::GetStacktrace
0x00007ff92bbe0d4f (Unity) DebugStringToFile
0x00007ff92c2e6ef1 (Unity) AddComponentByPtr
0x00007ff92c2e7f3a (Unity) AddMissingRequiredComponentsDuringLoad
0x00007ff92d11617e (Unity) CheckGameObjectsAndAddMissingRequiredComponents
0x00007ff92c40846d (Unity) LoadSceneOperation::CompleteAwakeSequence
0x00007ff92c408ecd (Unity) LoadSceneOperation::CompletePreloadManagerLoadSceneEditor
0x00007ff92c409c31 (Unity) LoadSceneOperation::IntegrateMainThread
0x00007ff92c40cb6f (Unity) PreloadManager::UpdatePreloadingSingleStep
0x00007ff92c40d358 (Unity) PreloadManager::WaitForAllAsyncOperationsToComplete
0x00007ff92d077a41 (Unity) EditorSceneManager::RestoreSceneBackups
0x00007ff92d0753fa (Unity) EditorSceneManager::OpenSceneLoaded
0x00007ff92d074113 (Unity) EditorSceneManager::OpenScene
0x00007ff92ca660c5 (Unity) EditorSceneManagerBindings::OpenScene
0x00007ff92c92430e (Unity) EditorSceneManager_CUSTOM_OpenScene
0x00000215715d8c26 (Mono JIT Code) (wrapper managed-to-native) UnityEditor.SceneManagement.EditorSceneManager:OpenScene_Injected (UnityEngine.Bindings.ManagedSpanWrapper&,UnityEditor.SceneManagement.OpenSceneMode,UnityEngine.SceneManagement.Scene&)
0x00000215715d899b (Mono JIT Code) UnityEditor.SceneManagement.EditorSceneManager:OpenScene (string,UnityEditor.SceneManagement.OpenSceneMode)
0x00000215715d85c3 (Mono JIT Code) UnityEditor.SceneManagement.EditorSceneManager:OpenScene (string)
0x00000215715d8453 (Mono JIT Code) ScaffoldDriftChecker:OpenSceneSafe (string) (at D:/Projects/MindAttic/GridGame2026/Assets/Editor/ScaffoldDriftChecker.cs:104)
0x00000215715d74cb (Mono JIT Code) ScaffoldDriftChecker:Verify (System.Collections.Generic.IEnumerable`1<string>) (at D:/Projects/MindAttic/GridGame2026/Assets/Editor/ScaffoldDriftChecker.cs:59)
0x00000215715d7253 (Mono JIT Code) CliEntryPoints/<>c:<CheckAllGuardrails>b__19_4 () (at D:/Projects/MindAttic/GridGame2026/Assets/Editor/CliEntryPoints.cs:412)
0x0000021561eccd05 (Mono JIT Code) CliEntryPoints:<CheckAllGuardrails>g__Run|19_0 (string,System.Func`1<int>,CliEntryPoints/<>c__DisplayClass19_0&) (at D:/Projects/MindAttic/GridGame2026/Assets/Editor/CliEntryPoints.cs:397)
0x0000021561ecc3ab (Mono JIT Code) CliEntryPoints:CheckAllGuardrails () (at D:/Projects/MindAttic/GridGame2026/Assets/Editor/CliEntryPoints.cs:412)
0x00000214cc044d65 (Mono JIT Code) (wrapper runtime-invoke) object:runtime_invoke_void (object,intptr,intptr,intptr)
0x00007ff935a46bfe (mono-2.0-bdwgc) mono_jit_runtime_invoke (at C:/build/output/Unity-Technologies/mono/mono/mini/mini-runtime.c:3445)
0x00007ff935988984 (mono-2.0-bdwgc) do_runtime_invoke (at C:/build/output/Unity-Technologies/mono/mono/metadata/object.c:3068)
0x00007ff935988a70 (mono-2.0-bdwgc) mono_runtime_invoke (at C:/build/output/Unity-Technologies/mono/mono/metadata/object.c:3115)
0x00007ff92c465064 (Unity) scripting_method_invoke
0x00007ff92c46bf23 (Unity) ScriptingInvocation::Invoke
0x00007ff92cc9444a (Unity) Application::ParseARGVCommands
0x00007ff92cc8a439 (Unity) Application::FinishLoadingProject
0x00007ff92ca85a6c (Unity) UnityMain
0x00007ff7c7f72f2a (Unity) __scrt_common_main_seh
0x00007ffb19f6e8d7 (KERNEL32) BaseThreadInitThunk
0x00007ffb1b5cc3fc (ntdll) RtlUserThreadStart

Creating missing Rigidbody2D component for TreeInstance in Tree.
0x00007ff92bc2fd3e (Unity) StackWalker::ShowCallstack
0x00007ff92d45e919 (Unity) PlatformStacktrace::GetStacktrace
0x00007ff92d45f19e (Unity) Stacktrace::GetStacktrace
0x00007ff92bbe0d4f (Unity) DebugStringToFile
0x00007ff92c2e6ef1 (Unity) AddComponentByPtr
0x00007ff92c2e7f3a (Unity) AddMissingRequiredComponentsDuringLoad
0x00007ff92d11617e (Unity) CheckGameObjectsAndAddMissingRequiredComponents
0x00007ff92c40846d (Unity) LoadSceneOperation::CompleteAwakeSequence
0x00007ff92c408ecd (Unity) LoadSceneOperation::CompletePreloadManagerLoadSceneEditor
0x00007ff92c409c31 (Unity) LoadSceneOperation::IntegrateMainThread
0x00007ff92c40cb6f (Unity) PreloadManager::UpdatePreloadingSingleStep
0x00007ff92c40d358 (Unity) PreloadManager::WaitForAllAsyncOperationsToComplete
0x00007ff92d077a41 (Unity) EditorSceneManager::RestoreSceneBackups
0x00007ff92d0753fa (Unity) EditorSceneManager::OpenSceneLoaded
0x00007ff92d074113 (Unity) EditorSceneManager::OpenScene
0x00007ff92ca660c5 (Unity) EditorSceneManagerBindings::OpenScene
0x00007ff92c92430e (Unity) EditorSceneManager_CUSTOM_OpenScene
0x00000215715d8c26 (Mono JIT Code) (wrapper managed-to-native) UnityEditor.SceneManagement.EditorSceneManager:OpenScene_Injected (UnityEngine.Bindings.ManagedSpanWrapper&,UnityEditor.SceneManagement.OpenSceneMode,UnityEngine.SceneManagement.Scene&)
0x00000215715d899b (Mono JIT Code) UnityEditor.SceneManagement.EditorSceneManager:OpenScene (string,UnityEditor.SceneManagement.OpenSceneMode)
0x00000215715d85c3 (Mono JIT Code) UnityEditor.SceneManagement.EditorSceneManager:OpenScene (string)
0x00000215715d8453 (Mono JIT Code) ScaffoldDriftChecker:OpenSceneSafe (string) (at D:/Projects/MindAttic/GridGame2026/Assets/Editor/ScaffoldDriftChecker.cs:104)
0x00000215715d74cb (Mono JIT Code) ScaffoldDriftChecker:Verify (System.Collections.Generic.IEnumerable`1<string>) (at D:/Projects/MindAttic/GridGame2026/Assets/Editor/ScaffoldDriftChecker.cs:59)
0x00000215715d7253 (Mono JIT Code) CliEntryPoints/<>c:<CheckAllGuardrails>b__19_4 () (at D:/Projects/MindAttic/GridGame2026/Assets/Editor/CliEntryPoints.cs:412)
0x0000021561eccd05 (Mono JIT Code) CliEntryPoints:<CheckAllGuardrails>g__Run|19_0 (string,System.Func`1<int>,CliEntryPoints/<>c__DisplayClass19_0&) (at D:/Projects/MindAttic/GridGame2026/Assets/Editor/CliEntryPoints.cs:397)
0x0000021561ecc3ab (Mono JIT Code) CliEntryPoints:CheckAllGuardrails () (at D:/Projects/MindAttic/GridGame2026/Assets/Editor/CliEntryPoints.cs:412)
0x00000214cc044d65 (Mono JIT Code) (wrapper runtime-invoke) object:runtime_invoke_void (object,intptr,intptr,intptr)
0x00007ff935a46bfe (mono-2.0-bdwgc) mono_jit_runtime_invoke (at C:/build/output/Unity-Technologies/mono/mono/mini/mini-runtime.c:3445)
0x00007ff935988984 (mono-2.0-bdwgc) do_runtime_invoke (at C:/build/output/Unity-Technologies/mono/mono/metadata/object.c:3068)
0x00007ff935988a70 (mono-2.0-bdwgc) mono_runtime_invoke (at C:/build/output/Unity-Technologies/mono/mono/metadata/object.c:3115)
0x00007ff92c465064 (Unity) scripting_method_invoke
0x00007ff92c46bf23 (Unity) ScriptingInvocation::Invoke
0x00007ff92cc9444a (Unity) Application::ParseARGVCommands
0x00007ff92cc8a439 (Unity) Application::FinishLoadingProject
0x00007ff92ca85a6c (Unity) UnityMain
0x00007ff7c7f72f2a (Unity) __scrt_common_main_seh
0x00007ffb19f6e8d7 (KERNEL32) BaseThreadInitThunk
0x00007ffb1b5cc3fc (ntdll) RtlUserThreadStart

Creating missing CircleCollider2D component for TreeInstance in Tree.
0x00007ff92bc2fd3e (Unity) StackWalker::ShowCallstack
0x00007ff92d45e919 (Unity) PlatformStacktrace::GetStacktrace
0x00007ff92d45f19e (Unity) Stacktrace::GetStacktrace
0x00007ff92bbe0d4f (Unity) DebugStringToFile
0x00007ff92c2e6ef1 (Unity) AddComponentByPtr
0x00007ff92c2e7f3a (Unity) AddMissingRequiredComponentsDuringLoad
0x00007ff92d11617e (Unity) CheckGameObjectsAndAddMissingRequiredComponents
0x00007ff92c40846d (Unity) LoadSceneOperation::CompleteAwakeSequence
0x00007ff92c408ecd (Unity) LoadSceneOperation::CompletePreloadManagerLoadSceneEditor
0x00007ff92c409c31 (Unity) LoadSceneOperation::IntegrateMainThread
0x00007ff92c40cb6f (Unity) PreloadManager::UpdatePreloadingSingleStep
0x00007ff92c40d358 (Unity) PreloadManager::WaitForAllAsyncOperationsToComplete
0x00007ff92d077a41 (Unity) EditorSceneManager::RestoreSceneBackups
0x00007ff92d0753fa (Unity) EditorSceneManager::OpenSceneLoaded
0x00007ff92d074113 (Unity) EditorSceneManager::OpenScene
0x00007ff92ca660c5 (Unity) EditorSceneManagerBindings::OpenScene
0x00007ff92c92430e (Unity) EditorSceneManager_CUSTOM_OpenScene
0x00000215715d8c26 (Mono JIT Code) (wrapper managed-to-native) UnityEditor.SceneManagement.EditorSceneManager:OpenScene_Injected (UnityEngine.Bindings.ManagedSpanWrapper&,UnityEditor.SceneManagement.OpenSceneMode,UnityEngine.SceneManagement.Scene&)
0x00000215715d899b (Mono JIT Code) UnityEditor.SceneManagement.EditorSceneManager:OpenScene (string,UnityEditor.SceneManagement.OpenSceneMode)
0x00000215715d85c3 (Mono JIT Code) UnityEditor.SceneManagement.EditorSceneManager:OpenScene (string)
0x00000215715d8453 (Mono JIT Code) ScaffoldDriftChecker:OpenSceneSafe (string) (at D:/Projects/MindAttic/GridGame2026/Assets/Editor/ScaffoldDriftChecker.cs:104)
0x00000215715d74cb (Mono JIT Code) ScaffoldDriftChecker:Verify (System.Collections.Generic.IEnumerable`1<string>) (at D:/Projects/MindAttic/GridGame2026/Assets/Editor/ScaffoldDriftChecker.cs:59)
0x00000215715d7253 (Mono JIT Code) CliEntryPoints/<>c:<CheckAllGuardrails>b__19_4 () (at D:/Projects/MindAttic/GridGame2026/Assets/Editor/CliEntryPoints.cs:412)
0x0000021561eccd05 (Mono JIT Code) CliEntryPoints:<CheckAllGuardrails>g__Run|19_0 (string,System.Func`1<int>,CliEntryPoints/<>c__DisplayClass19_0&) (at D:/Projects/MindAttic/GridGame2026/Assets/Editor/CliEntryPoints.cs:397)
0x0000021561ecc3ab (Mono JIT Code) CliEntryPoints:CheckAllGuardrails () (at D:/Projects/MindAttic/GridGame2026/Assets/Editor/CliEntryPoints.cs:412)
0x00000214cc044d65 (Mono JIT Code) (wrapper runtime-invoke) object:runtime_invoke_void (object,intptr,intptr,intptr)
0x00007ff935a46bfe (mono-2.0-bdwgc) mono_jit_runtime_invoke (at C:/build/output/Unity-Technologies/mono/mono/mini/mini-runtime.c:3445)
0x00007ff935988984 (mono-2.0-bdwgc) do_runtime_invoke (at C:/build/output/Unity-Technologies/mono/mono/metadata/object.c:3068)
0x00007ff935988a70 (mono-2.0-bdwgc) mono_runtime_invoke (at C:/build/output/Unity-Technologies/mono/mono/metadata/object.c:3115)
0x00007ff92c465064 (Unity) scripting_method_invoke
0x00007ff92c46bf23 (Unity) ScriptingInvocation::Invoke
0x00007ff92cc9444a (Unity) Application::ParseARGVCommands
0x00007ff92cc8a439 (Unity) Application::FinishLoadingProject
0x00007ff92ca85a6c (Unity) UnityMain
0x00007ff7c7f72f2a (Unity) __scrt_common_main_seh
0x00007ffb19f6e8d7 (KERNEL32) BaseThreadInitThunk
0x00007ffb1b5cc3fc (ntdll) RtlUserThreadStart

Creating missing Rigidbody2D component for TreeInstance in Tree.
0x00007ff92bc2fd3e (Unity) StackWalker::ShowCallstack
0x00007ff92d45e919 (Unity) PlatformStacktrace::GetStacktrace
0x00007ff92d45f19e (Unity) Stacktrace::GetStacktrace
0x00007ff92bbe0d4f (Unity) DebugStringToFile
0x00007ff92c2e6ef1 (Unity) AddComponentByPtr
0x00007ff92c2e7f3a (Unity) AddMissingRequiredComponentsDuringLoad
0x00007ff92d11617e (Unity) CheckGameObjectsAndAddMissingRequiredComponents
0x00007ff92c40846d (Unity) LoadSceneOperation::CompleteAwakeSequence
0x00007ff92c408ecd (Unity) LoadSceneOperation::CompletePreloadManagerLoadSceneEditor
0x00007ff92c409c31 (Unity) LoadSceneOperation::IntegrateMainThread
0x00007ff92c40cb6f (Unity) PreloadManager::UpdatePreloadingSingleStep
0x00007ff92c40d358 (Unity) PreloadManager::WaitForAllAsyncOperationsToComplete
0x00007ff92d077a41 (Unity) EditorSceneManager::RestoreSceneBackups
0x00007ff92d0753fa (Unity) EditorSceneManager::OpenSceneLoaded
0x00007ff92d074113 (Unity) EditorSceneManager::OpenScene
0x00007ff92ca660c5 (Unity) EditorSceneManagerBindings::OpenScene
0x00007ff92c92430e (Unity) EditorSceneManager_CUSTOM_OpenScene
0x00000215715d8c26 (Mono JIT Code) (wrapper managed-to-native) UnityEditor.SceneManagement.EditorSceneManager:OpenScene_Injected (UnityEngine.Bindings.ManagedSpanWrapper&,UnityEditor.SceneManagement.OpenSceneMode,UnityEngine.SceneManagement.Scene&)
0x00000215715d899b (Mono JIT Code) UnityEditor.SceneManagement.EditorSceneManager:OpenScene (string,UnityEditor.SceneManagement.OpenSceneMode)
0x00000215715d85c3 (Mono JIT Code) UnityEditor.SceneManagement.EditorSceneManager:OpenScene (string)
0x00000215715d8453 (Mono JIT Code) ScaffoldDriftChecker:OpenSceneSafe (string) (at D:/Projects/MindAttic/GridGame2026/Assets/Editor/ScaffoldDriftChecker.cs:104)
0x00000215715d74cb (Mono JIT Code) ScaffoldDriftChecker:Verify (System.Collections.Generic.IEnumerable`1<string>) (at D:/Projects/MindAttic/GridGame2026/Assets/Editor/ScaffoldDriftChecker.cs:59)
0x00000215715d7253 (Mono JIT Code) CliEntryPoints/<>c:<CheckAllGuardrails>b__19_4 () (at D:/Projects/MindAttic/GridGame2026/Assets/Editor/CliEntryPoints.cs:412)
0x0000021561eccd05 (Mono JIT Code) CliEntryPoints:<CheckAllGuardrails>g__Run|19_0 (string,System.Func`1<int>,CliEntryPoints/<>c__DisplayClass19_0&) (at D:/Projects/MindAttic/GridGame2026/Assets/Editor/CliEntryPoints.cs:397)
0x0000021561ecc3ab (Mono JIT Code) CliEntryPoints:CheckAllGuardrails () (at D:/Projects/MindAttic/GridGame2026/Assets/Editor/CliEntryPoints.cs:412)
0x00000214cc044d65 (Mono JIT Code) (wrapper runtime-invoke) object:runtime_invoke_void (object,intptr,intptr,intptr)
0x00007ff935a46bfe (mono-2.0-bdwgc) mono_jit_runtime_invoke (at C:/build/output/Unity-Technologies/mono/mono/mini/mini-runtime.c:3445)
0x00007ff935988984 (mono-2.0-bdwgc) do_runtime_invoke (at C:/build/output/Unity-Technologies/mono/mono/metadata/object.c:3068)
0x00007ff935988a70 (mono-2.0-bdwgc) mono_runtime_invoke (at C:/build/output/Unity-Technologies/mono/mono/metadata/object.c:3115)
0x00007ff92c465064 (Unity) scripting_method_invoke
0x00007ff92c46bf23 (Unity) ScriptingInvocation::Invoke
0x00007ff92cc9444a (Unity) Application::ParseARGVCommands
0x00007ff92cc8a439 (Unity) Application::FinishLoadingProject
0x00007ff92ca85a6c (Unity) UnityMain
0x00007ff7c7f72f2a (Unity) __scrt_common_main_seh
0x00007ffb19f6e8d7 (KERNEL32) BaseThreadInitThunk
0x00007ffb1b5cc3fc (ntdll) RtlUserThreadStart

Creating missing CircleCollider2D component for TreeInstance in Tree.
0x00007ff92bc2fd3e (Unity) StackWalker::ShowCallstack
0x00007ff92d45e919 (Unity) PlatformStacktrace::GetStacktrace
0x00007ff92d45f19e (Unity) Stacktrace::GetStacktrace
0x00007ff92bbe0d4f (Unity) DebugStringToFile
0x00007ff92c2e6ef1 (Unity) AddComponentByPtr
0x00007ff92c2e7f3a (Unity) AddMissingRequiredComponentsDuringLoad
0x00007ff92d11617e (Unity) CheckGameObjectsAndAddMissingRequiredComponents
0x00007ff92c40846d (Unity) LoadSceneOperation::CompleteAwakeSequence
0x00007ff92c408ecd (Unity) LoadSceneOperation::CompletePreloadManagerLoadSceneEditor
0x00007ff92c409c31 (Unity) LoadSceneOperation::IntegrateMainThread
0x00007ff92c40cb6f (Unity) PreloadManager::UpdatePreloadingSingleStep
0x00007ff92c40d358 (Unity) PreloadManager::WaitForAllAsyncOperationsToComplete
0x00007ff92d077a41 (Unity) EditorSceneManager::RestoreSceneBackups
0x00007ff92d0753fa (Unity) EditorSceneManager::OpenSceneLoaded
0x00007ff92d074113 (Unity) EditorSceneManager::OpenScene
0x00007ff92ca660c5 (Unity) EditorSceneManagerBindings::OpenScene
0x00007ff92c92430e (Unity) EditorSceneManager_CUSTOM_OpenScene
0x00000215715d8c26 (Mono JIT Code) (wrapper managed-to-native) UnityEditor.SceneManagement.EditorSceneManager:OpenScene_Injected (UnityEngine.Bindings.ManagedSpanWrapper&,UnityEditor.SceneManagement.OpenSceneMode,UnityEngine.SceneManagement.Scene&)
0x00000215715d899b (Mono JIT Code) UnityEditor.SceneManagement.EditorSceneManager:OpenScene (string,UnityEditor.SceneManagement.OpenSceneMode)
0x00000215715d85c3 (Mono JIT Code) UnityEditor.SceneManagement.EditorSceneManager:OpenScene (string)
0x00000215715d8453 (Mono JIT Code) ScaffoldDriftChecker:OpenSceneSafe (string) (at D:/Projects/MindAttic/GridGame2026/Assets/Editor/ScaffoldDriftChecker.cs:104)
0x00000215715d74cb (Mono JIT Code) ScaffoldDriftChecker:Verify (System.Collections.Generic.IEnumerable`1<string>) (at D:/Projects/MindAttic/GridGame2026/Assets/Editor/ScaffoldDriftChecker.cs:59)
0x00000215715d7253 (Mono JIT Code) CliEntryPoints/<>c:<CheckAllGuardrails>b__19_4 () (at D:/Projects/MindAttic/GridGame2026/Assets/Editor/CliEntryPoints.cs:412)
0x0000021561eccd05 (Mono JIT Code) CliEntryPoints:<CheckAllGuardrails>g__Run|19_0 (string,System.Func`1<int>,CliEntryPoints/<>c__DisplayClass19_0&) (at D:/Projects/MindAttic/GridGame2026/Assets/Editor/CliEntryPoints.cs:397)
0x0000021561ecc3ab (Mono JIT Code) CliEntryPoints:CheckAllGuardrails () (at D:/Projects/MindAttic/GridGame2026/Assets/Editor/CliEntryPoints.cs:412)
0x00000214cc044d65 (Mono JIT Code) (wrapper runtime-invoke) object:runtime_invoke_void (object,intptr,intptr,intptr)
0x00007ff935a46bfe (mono-2.0-bdwgc) mono_jit_runtime_invoke (at C:/build/output/Unity-Technologies/mono/mono/mini/mini-runtime.c:3445)
0x00007ff935988984 (mono-2.0-bdwgc) do_runtime_invoke (at C:/build/output/Unity-Technologies/mono/mono/metadata/object.c:3068)
0x00007ff935988a70 (mono-2.0-bdwgc) mono_runtime_invoke (at C:/build/output/Unity-Technologies/mono/mono/metadata/object.c:3115)
0x00007ff92c465064 (Unity) scripting_method_invoke
0x00007ff92c46bf23 (Unity) ScriptingInvocation::Invoke
0x00007ff92cc9444a (Unity) Application::ParseARGVCommands
0x00007ff92cc8a439 (Unity) Application::FinishLoadingProject
0x00007ff92ca85a6c (Unity) UnityMain
0x00007ff7c7f72f2a (Unity) __scrt_common_main_seh
0x00007ffb19f6e8d7 (KERNEL32) BaseThreadInitThunk
0x00007ffb1b5cc3fc (ntdll) RtlUserThreadStart

Creating missing Rigidbody2D component for TreeInstance in Tree.
0x00007ff92bc2fd3e (Unity) StackWalker::ShowCallstack
0x00007ff92d45e919 (Unity) PlatformStacktrace::GetStacktrace
0x00007ff92d45f19e (Unity) Stacktrace::GetStacktrace
0x00007ff92bbe0d4f (Unity) DebugStringToFile
0x00007ff92c2e6ef1 (Unity) AddComponentByPtr
0x00007ff92c2e7f3a (Unity) AddMissingRequiredComponentsDuringLoad
0x00007ff92d11617e (Unity) CheckGameObjectsAndAddMissingRequiredComponents
0x00007ff92c40846d (Unity) LoadSceneOperation::CompleteAwakeSequence
0x00007ff92c408ecd (Unity) LoadSceneOperation::CompletePreloadManagerLoadSceneEditor
0x00007ff92c409c31 (Unity) LoadSceneOperation::IntegrateMainThread
0x00007ff92c40cb6f (Unity) PreloadManager::UpdatePreloadingSingleStep
0x00007ff92c40d358 (Unity) PreloadManager::WaitForAllAsyncOperationsToComplete
0x00007ff92d077a41 (Unity) EditorSceneManager::RestoreSceneBackups
0x00007ff92d0753fa (Unity) EditorSceneManager::OpenSceneLoaded
0x00007ff92d074113 (Unity) EditorSceneManager::OpenScene
0x00007ff92ca660c5 (Unity) EditorSceneManagerBindings::OpenScene
0x00007ff92c92430e (Unity) EditorSceneManager_CUSTOM_OpenScene
0x00000215715d8c26 (Mono JIT Code) (wrapper managed-to-native) UnityEditor.SceneManagement.EditorSceneManager:OpenScene_Injected (UnityEngine.Bindings.ManagedSpanWrapper&,UnityEditor.SceneManagement.OpenSceneMode,UnityEngine.SceneManagement.Scene&)
0x00000215715d899b (Mono JIT Code) UnityEditor.SceneManagement.EditorSceneManager:OpenScene (string,UnityEditor.SceneManagement.OpenSceneMode)
0x00000215715d85c3 (Mono JIT Code) UnityEditor.SceneManagement.EditorSceneManager:OpenScene (string)
0x00000215715d8453 (Mono JIT Code) ScaffoldDriftChecker:OpenSceneSafe (string) (at D:/Projects/MindAttic/GridGame2026/Assets/Editor/ScaffoldDriftChecker.cs:104)
0x00000215715d74cb (Mono JIT Code) ScaffoldDriftChecker:Verify (System.Collections.Generic.IEnumerable`1<string>) (at D:/Projects/MindAttic/GridGame2026/Assets/Editor/ScaffoldDriftChecker.cs:59)
0x00000215715d7253 (Mono JIT Code) CliEntryPoints/<>c:<CheckAllGuardrails>b__19_4 () (at D:/Projects/MindAttic/GridGame2026/Assets/Editor/CliEntryPoints.cs:412)
0x0000021561eccd05 (Mono JIT Code) CliEntryPoints:<CheckAllGuardrails>g__Run|19_0 (string,System.Func`1<int>,CliEntryPoints/<>c__DisplayClass19_0&) (at D:/Projects/MindAttic/GridGame2026/Assets/Editor/CliEntryPoints.cs:397)
0x0000021561ecc3ab (Mono JIT Code) CliEntryPoints:CheckAllGuardrails () (at D:/Projects/MindAttic/GridGame2026/Assets/Editor/CliEntryPoints.cs:412)
0x00000214cc044d65 (Mono JIT Code) (wrapper runtime-invoke) object:runtime_invoke_void (object,intptr,intptr,intptr)
0x00007ff935a46bfe (mono-2.0-bdwgc) mono_jit_runtime_invoke (at C:/build/output/Unity-Technologies/mono/mono/mini/mini-runtime.c:3445)
0x00007ff935988984 (mono-2.0-bdwgc) do_runtime_invoke (at C:/build/output/Unity-Technologies/mono/mono/metadata/object.c:3068)
0x00007ff935988a70 (mono-2.0-bdwgc) mono_runtime_invoke (at C:/build/output/Unity-Technologies/mono/mono/metadata/object.c:3115)
0x00007ff92c465064 (Unity) scripting_method_invoke
0x00007ff92c46bf23 (Unity) ScriptingInvocation::Invoke
0x00007ff92cc9444a (Unity) Application::ParseARGVCommands
0x00007ff92cc8a439 (Unity) Application::FinishLoadingProject
0x00007ff92ca85a6c (Unity) UnityMain
0x00007ff7c7f72f2a (Unity) __scrt_common_main_seh
0x00007ffb19f6e8d7 (KERNEL32) BaseThreadInitThunk
0x00007ffb1b5cc3fc (ntdll) RtlUserThreadStart

Creating missing CircleCollider2D component for TreeInstance in Tree.
0x00007ff92bc2fd3e (Unity) StackWalker::ShowCallstack
0x00007ff92d45e919 (Unity) PlatformStacktrace::GetStacktrace
0x00007ff92d45f19e (Unity) Stacktrace::GetStacktrace
0x00007ff92bbe0d4f (Unity) DebugStringToFile
0x00007ff92c2e6ef1 (Unity) AddComponentByPtr
0x00007ff92c2e7f3a (Unity) AddMissingRequiredComponentsDuringLoad
0x00007ff92d11617e (Unity) CheckGameObjectsAndAddMissingRequiredComponents
0x00007ff92c40846d (Unity) LoadSceneOperation::CompleteAwakeSequence
0x00007ff92c408ecd (Unity) LoadSceneOperation::CompletePreloadManagerLoadSceneEditor
0x00007ff92c409c31 (Unity) LoadSceneOperation::IntegrateMainThread
0x00007ff92c40cb6f (Unity) PreloadManager::UpdatePreloadingSingleStep
0x00007ff92c40d358 (Unity) PreloadManager::WaitForAllAsyncOperationsToComplete
0x00007ff92d077a41 (Unity) EditorSceneManager::RestoreSceneBackups
0x00007ff92d0753fa (Unity) EditorSceneManager::OpenSceneLoaded
0x00007ff92d074113 (Unity) EditorSceneManager::OpenScene
0x00007ff92ca660c5 (Unity) EditorSceneManagerBindings::OpenScene
0x00007ff92c92430e (Unity) EditorSceneManager_CUSTOM_OpenScene
0x00000215715d8c26 (Mono JIT Code) (wrapper managed-to-native) UnityEditor.SceneManagement.EditorSceneManager:OpenScene_Injected (UnityEngine.Bindings.ManagedSpanWrapper&,UnityEditor.SceneManagement.OpenSceneMode,UnityEngine.SceneManagement.Scene&)
0x00000215715d899b (Mono JIT Code) UnityEditor.SceneManagement.EditorSceneManager:OpenScene (string,UnityEditor.SceneManagement.OpenSceneMode)
0x00000215715d85c3 (Mono JIT Code) UnityEditor.SceneManagement.EditorSceneManager:OpenScene (string)
0x00000215715d8453 (Mono JIT Code) ScaffoldDriftChecker:OpenSceneSafe (string) (at D:/Projects/MindAttic/GridGame2026/Assets/Editor/ScaffoldDriftChecker.cs:104)
0x00000215715d74cb (Mono JIT Code) ScaffoldDriftChecker:Verify (System.Collections.Generic.IEnumerable`1<string>) (at D:/Projects/MindAttic/GridGame2026/Assets/Editor/ScaffoldDriftChecker.cs:59)
0x00000215715d7253 (Mono JIT Code) CliEntryPoints/<>c:<CheckAllGuardrails>b__19_4 () (at D:/Projects/MindAttic/GridGame2026/Assets/Editor/CliEntryPoints.cs:412)
0x0000021561eccd05 (Mono JIT Code) CliEntryPoints:<CheckAllGuardrails>g__Run|19_0 (string,System.Func`1<int>,CliEntryPoints/<>c__DisplayClass19_0&) (at D:/Projects/MindAttic/GridGame2026/Assets/Editor/CliEntryPoints.cs:397)
0x0000021561ecc3ab (Mono JIT Code) CliEntryPoints:CheckAllGuardrails () (at D:/Projects/MindAttic/GridGame2026/Assets/Editor/CliEntryPoints.cs:412)
0x00000214cc044d65 (Mono JIT Code) (wrapper runtime-invoke) object:runtime_invoke_void (object,intptr,intptr,intptr)
0x00007ff935a46bfe (mono-2.0-bdwgc) mono_jit_runtime_invoke (at C:/build/output/Unity-Technologies/mono/mono/mini/mini-runtime.c:3445)
0x00007ff935988984 (mono-2.0-bdwgc) do_runtime_invoke (at C:/build/output/Unity-Technologies/mono/mono/metadata/object.c:3068)
0x00007ff935988a70 (mono-2.0-bdwgc) mono_runtime_invoke (at C:/build/output/Unity-Technologies/mono/mono/metadata/object.c:3115)
0x00007ff92c465064 (Unity) scripting_method_invoke
0x00007ff92c46bf23 (Unity) ScriptingInvocation::Invoke
0x00007ff92cc9444a (Unity) Application::ParseARGVCommands
0x00007ff92cc8a439 (Unity) Application::FinishLoadingProject
0x00007ff92ca85a6c (Unity) UnityMain
0x00007ff7c7f72f2a (Unity) __scrt_common_main_seh
0x00007ffb19f6e8d7 (KERNEL32) BaseThreadInitThunk
0x00007ffb1b5cc3fc (ntdll) RtlUserThreadStart

Creating missing Rigidbody2D component for TreeInstance in Tree.
0x00007ff92bc2fd3e (Unity) StackWalker::ShowCallstack
0x00007ff92d45e919 (Unity) PlatformStacktrace::GetStacktrace
0x00007ff92d45f19e (Unity) Stacktrace::GetStacktrace
0x00007ff92bbe0d4f (Unity) DebugStringToFile
0x00007ff92c2e6ef1 (Unity) AddComponentByPtr
0x00007ff92c2e7f3a (Unity) AddMissingRequiredComponentsDuringLoad
0x00007ff92d11617e (Unity) CheckGameObjectsAndAddMissingRequiredComponents
0x00007ff92c40846d (Unity) LoadSceneOperation::CompleteAwakeSequence
0x00007ff92c408ecd (Unity) LoadSceneOperation::CompletePreloadManagerLoadSceneEditor
0x00007ff92c409c31 (Unity) LoadSceneOperation::IntegrateMainThread
0x00007ff92c40cb6f (Unity) PreloadManager::UpdatePreloadingSingleStep
0x00007ff92c40d358 (Unity) PreloadManager::WaitForAllAsyncOperationsToComplete
0x00007ff92d077a41 (Unity) EditorSceneManager::RestoreSceneBackups
0x00007ff92d0753fa (Unity) EditorSceneManager::OpenSceneLoaded
0x00007ff92d074113 (Unity) EditorSceneManager::OpenScene
0x00007ff92ca660c5 (Unity) EditorSceneManagerBindings::OpenScene
0x00007ff92c92430e (Unity) EditorSceneManager_CUSTOM_OpenScene
0x00000215715d8c26 (Mono JIT Code) (wrapper managed-to-native) UnityEditor.SceneManagement.EditorSceneManager:OpenScene_Injected (UnityEngine.Bindings.ManagedSpanWrapper&,UnityEditor.SceneManagement.OpenSceneMode,UnityEngine.SceneManagement.Scene&)
0x00000215715d899b (Mono JIT Code) UnityEditor.SceneManagement.EditorSceneManager:OpenScene (string,UnityEditor.SceneManagement.OpenSceneMode)
0x00000215715d85c3 (Mono JIT Code) UnityEditor.SceneManagement.EditorSceneManager:OpenScene (string)
0x00000215715d8453 (Mono JIT Code) ScaffoldDriftChecker:OpenSceneSafe (string) (at D:/Projects/MindAttic/GridGame2026/Assets/Editor/ScaffoldDriftChecker.cs:104)
0x00000215715d74cb (Mono JIT Code) ScaffoldDriftChecker:Verify (System.Collections.Generic.IEnumerable`1<string>) (at D:/Projects/MindAttic/GridGame2026/Assets/Editor/ScaffoldDriftChecker.cs:59)
0x00000215715d7253 (Mono JIT Code) CliEntryPoints/<>c:<CheckAllGuardrails>b__19_4 () (at D:/Projects/MindAttic/GridGame2026/Assets/Editor/CliEntryPoints.cs:412)
0x0000021561eccd05 (Mono JIT Code) CliEntryPoints:<CheckAllGuardrails>g__Run|19_0 (string,System.Func`1<int>,CliEntryPoints/<>c__DisplayClass19_0&) (at D:/Projects/MindAttic/GridGame2026/Assets/Editor/CliEntryPoints.cs:397)
0x0000021561ecc3ab (Mono JIT Code) CliEntryPoints:CheckAllGuardrails () (at D:/Projects/MindAttic/GridGame2026/Assets/Editor/CliEntryPoints.cs:412)
0x00000214cc044d65 (Mono JIT Code) (wrapper runtime-invoke) object:runtime_invoke_void (object,intptr,intptr,intptr)
0x00007ff935a46bfe (mono-2.0-bdwgc) mono_jit_runtime_invoke (at C:/build/output/Unity-Technologies/mono/mono/mini/mini-runtime.c:3445)
0x00007ff935988984 (mono-2.0-bdwgc) do_runtime_invoke (at C:/build/output/Unity-Technologies/mono/mono/metadata/object.c:3068)
0x00007ff935988a70 (mono-2.0-bdwgc) mono_runtime_invoke (at C:/build/output/Unity-Technologies/mono/mono/metadata/object.c:3115)
0x00007ff92c465064 (Unity) scripting_method_invoke
0x00007ff92c46bf23 (Unity) ScriptingInvocation::Invoke
0x00007ff92cc9444a (Unity) Application::ParseARGVCommands
0x00007ff92cc8a439 (Unity) Application::FinishLoadingProject
0x00007ff92ca85a6c (Unity) UnityMain
0x00007ff7c7f72f2a (Unity) __scrt_common_main_seh
0x00007ffb19f6e8d7 (KERNEL32) BaseThreadInitThunk
0x00007ffb1b5cc3fc (ntdll) RtlUserThreadStart

Creating missing CircleCollider2D component for TreeInstance in Tree.
0x00007ff92bc2fd3e (Unity) StackWalker::ShowCallstack
0x00007ff92d45e919 (Unity) PlatformStacktrace::GetStacktrace
0x00007ff92d45f19e (Unity) Stacktrace::GetStacktrace
0x00007ff92bbe0d4f (Unity) DebugStringToFile
0x00007ff92c2e6ef1 (Unity) AddComponentByPtr
0x00007ff92c2e7f3a (Unity) AddMissingRequiredComponentsDuringLoad
0x00007ff92d11617e (Unity) CheckGameObjectsAndAddMissingRequiredComponents
0x00007ff92c40846d (Unity) LoadSceneOperation::CompleteAwakeSequence
0x00007ff92c408ecd (Unity) LoadSceneOperation::CompletePreloadManagerLoadSceneEditor
0x00007ff92c409c31 (Unity) LoadSceneOperation::IntegrateMainThread
0x00007ff92c40cb6f (Unity) PreloadManager::UpdatePreloadingSingleStep
0x00007ff92c40d358 (Unity) PreloadManager::WaitForAllAsyncOperationsToComplete
0x00007ff92d077a41 (Unity) EditorSceneManager::RestoreSceneBackups
0x00007ff92d0753fa (Unity) EditorSceneManager::OpenSceneLoaded
0x00007ff92d074113 (Unity) EditorSceneManager::OpenScene
0x00007ff92ca660c5 (Unity) EditorSceneManagerBindings::OpenScene
0x00007ff92c92430e (Unity) EditorSceneManager_CUSTOM_OpenScene
0x00000215715d8c26 (Mono JIT Code) (wrapper managed-to-native) UnityEditor.SceneManagement.EditorSceneManager:OpenScene_Injected (UnityEngine.Bindings.ManagedSpanWrapper&,UnityEditor.SceneManagement.OpenSceneMode,UnityEngine.SceneManagement.Scene&)
0x00000215715d899b (Mono JIT Code) UnityEditor.SceneManagement.EditorSceneManager:OpenScene (string,UnityEditor.SceneManagement.OpenSceneMode)
0x00000215715d85c3 (Mono JIT Code) UnityEditor.SceneManagement.EditorSceneManager:OpenScene (string)
0x00000215715d8453 (Mono JIT Code) ScaffoldDriftChecker:OpenSceneSafe (string) (at D:/Projects/MindAttic/GridGame2026/Assets/Editor/ScaffoldDriftChecker.cs:104)
0x00000215715d74cb (Mono JIT Code) ScaffoldDriftChecker:Verify (System.Collections.Generic.IEnumerable`1<string>) (at D:/Projects/MindAttic/GridGame2026/Assets/Editor/ScaffoldDriftChecker.cs:59)
0x00000215715d7253 (Mono JIT Code) CliEntryPoints/<>c:<CheckAllGuardrails>b__19_4 () (at D:/Projects/MindAttic/GridGame2026/Assets/Editor/CliEntryPoints.cs:412)
0x0000021561eccd05 (Mono JIT Code) CliEntryPoints:<CheckAllGuardrails>g__Run|19_0 (string,System.Func`1<int>,CliEntryPoints/<>c__DisplayClass19_0&) (at D:/Projects/MindAttic/GridGame2026/Assets/Editor/CliEntryPoints.cs:397)
0x0000021561ecc3ab (Mono JIT Code) CliEntryPoints:CheckAllGuardrails () (at D:/Projects/MindAttic/GridGame2026/Assets/Editor/CliEntryPoints.cs:412)
0x00000214cc044d65 (Mono JIT Code) (wrapper runtime-invoke) object:runtime_invoke_void (object,intptr,intptr,intptr)
0x00007ff935a46bfe (mono-2.0-bdwgc) mono_jit_runtime_invoke (at C:/build/output/Unity-Technologies/mono/mono/mini/mini-runtime.c:3445)
0x00007ff935988984 (mono-2.0-bdwgc) do_runtime_invoke (at C:/build/output/Unity-Technologies/mono/mono/metadata/object.c:3068)
0x00007ff935988a70 (mono-2.0-bdwgc) mono_runtime_invoke (at C:/build/output/Unity-Technologies/mono/mono/metadata/object.c:3115)
0x00007ff92c465064 (Unity) scripting_method_invoke
0x00007ff92c46bf23 (Unity) ScriptingInvocation::Invoke
0x00007ff92cc9444a (Unity) Application::ParseARGVCommands
0x00007ff92cc8a439 (Unity) Application::FinishLoadingProject
0x00007ff92ca85a6c (Unity) UnityMain
0x00007ff7c7f72f2a (Unity) __scrt_common_main_seh
0x00007ffb19f6e8d7 (KERNEL32) BaseThreadInitThunk
0x00007ffb1b5cc3fc (ntdll) RtlUserThreadStart

Creating missing Rigidbody2D component for TreeInstance in Tree.
0x00007ff92bc2fd3e (Unity) StackWalker::ShowCallstack
0x00007ff92d45e919 (Unity) PlatformStacktrace::GetStacktrace
0x00007ff92d45f19e (Unity) Stacktrace::GetStacktrace
0x00007ff92bbe0d4f (Unity) DebugStringToFile
0x00007ff92c2e6ef1 (Unity) AddComponentByPtr
0x00007ff92c2e7f3a (Unity) AddMissingRequiredComponentsDuringLoad
0x00007ff92d11617e (Unity) CheckGameObjectsAndAddMissingRequiredComponents
0x00007ff92c40846d (Unity) LoadSceneOperation::CompleteAwakeSequence
0x00007ff92c408ecd (Unity) LoadSceneOperation::CompletePreloadManagerLoadSceneEditor
0x00007ff92c409c31 (Unity) LoadSceneOperation::IntegrateMainThread
0x00007ff92c40cb6f (Unity) PreloadManager::UpdatePreloadingSingleStep
0x00007ff92c40d358 (Unity) PreloadManager::WaitForAllAsyncOperationsToComplete
0x00007ff92d077a41 (Unity) EditorSceneManager::RestoreSceneBackups
0x00007ff92d0753fa (Unity) EditorSceneManager::OpenSceneLoaded
0x00007ff92d074113 (Unity) EditorSceneManager::OpenScene
0x00007ff92ca660c5 (Unity) EditorSceneManagerBindings::OpenScene
0x00007ff92c92430e (Unity) EditorSceneManager_CUSTOM_OpenScene
0x00000215715d8c26 (Mono JIT Code) (wrapper managed-to-native) UnityEditor.SceneManagement.EditorSceneManager:OpenScene_Injected (UnityEngine.Bindings.ManagedSpanWrapper&,UnityEditor.SceneManagement.OpenSceneMode,UnityEngine.SceneManagement.Scene&)
0x00000215715d899b (Mono JIT Code) UnityEditor.SceneManagement.EditorSceneManager:OpenScene (string,UnityEditor.SceneManagement.OpenSceneMode)
0x00000215715d85c3 (Mono JIT Code) UnityEditor.SceneManagement.EditorSceneManager:OpenScene (string)
0x00000215715d8453 (Mono JIT Code) ScaffoldDriftChecker:OpenSceneSafe (string) (at D:/Projects/MindAttic/GridGame2026/Assets/Editor/ScaffoldDriftChecker.cs:104)
0x00000215715d74cb (Mono JIT Code) ScaffoldDriftChecker:Verify (System.Collections.Generic.IEnumerable`1<string>) (at D:/Projects/MindAttic/GridGame2026/Assets/Editor/ScaffoldDriftChecker.cs:59)
0x00000215715d7253 (Mono JIT Code) CliEntryPoints/<>c:<CheckAllGuardrails>b__19_4 () (at D:/Projects/MindAttic/GridGame2026/Assets/Editor/CliEntryPoints.cs:412)
0x0000021561eccd05 (Mono JIT Code) CliEntryPoints:<CheckAllGuardrails>g__Run|19_0 (string,System.Func`1<int>,CliEntryPoints/<>c__DisplayClass19_0&) (at D:/Projects/MindAttic/GridGame2026/Assets/Editor/CliEntryPoints.cs:397)
0x0000021561ecc3ab (Mono JIT Code) CliEntryPoints:CheckAllGuardrails () (at D:/Projects/MindAttic/GridGame2026/Assets/Editor/CliEntryPoints.cs:412)
0x00000214cc044d65 (Mono JIT Code) (wrapper runtime-invoke) object:runtime_invoke_void (object,intptr,intptr,intptr)
0x00007ff935a46bfe (mono-2.0-bdwgc) mono_jit_runtime_invoke (at C:/build/output/Unity-Technologies/mono/mono/mini/mini-runtime.c:3445)
0x00007ff935988984 (mono-2.0-bdwgc) do_runtime_invoke (at C:/build/output/Unity-Technologies/mono/mono/metadata/object.c:3068)
0x00007ff935988a70 (mono-2.0-bdwgc) mono_runtime_invoke (at C:/build/output/Unity-Technologies/mono/mono/metadata/object.c:3115)
0x00007ff92c465064 (Unity) scripting_method_invoke
0x00007ff92c46bf23 (Unity) ScriptingInvocation::Invoke
0x00007ff92cc9444a (Unity) Application::ParseARGVCommands
0x00007ff92cc8a439 (Unity) Application::FinishLoadingProject
0x00007ff92ca85a6c (Unity) UnityMain
0x00007ff7c7f72f2a (Unity) __scrt_common_main_seh
0x00007ffb19f6e8d7 (KERNEL32) BaseThreadInitThunk
0x00007ffb1b5cc3fc (ntdll) RtlUserThreadStart

Creating missing CircleCollider2D component for TreeInstance in Tree.
0x00007ff92bc2fd3e (Unity) StackWalker::ShowCallstack
0x00007ff92d45e919 (Unity) PlatformStacktrace::GetStacktrace
0x00007ff92d45f19e (Unity) Stacktrace::GetStacktrace
0x00007ff92bbe0d4f (Unity) DebugStringToFile
0x00007ff92c2e6ef1 (Unity) AddComponentByPtr
0x00007ff92c2e7f3a (Unity) AddMissingRequiredComponentsDuringLoad
0x00007ff92d11617e (Unity) CheckGameObjectsAndAddMissingRequiredComponents
0x00007ff92c40846d (Unity) LoadSceneOperation::CompleteAwakeSequence
0x00007ff92c408ecd (Unity) LoadSceneOperation::CompletePreloadManagerLoadSceneEditor
0x00007ff92c409c31 (Unity) LoadSceneOperation::IntegrateMainThread
0x00007ff92c40cb6f (Unity) PreloadManager::UpdatePreloadingSingleStep
0x00007ff92c40d358 (Unity) PreloadManager::WaitForAllAsyncOperationsToComplete
0x00007ff92d077a41 (Unity) EditorSceneManager::RestoreSceneBackups
0x00007ff92d0753fa (Unity) EditorSceneManager::OpenSceneLoaded
0x00007ff92d074113 (Unity) EditorSceneManager::OpenScene
0x00007ff92ca660c5 (Unity) EditorSceneManagerBindings::OpenScene
0x00007ff92c92430e (Unity) EditorSceneManager_CUSTOM_OpenScene
0x00000215715d8c26 (Mono JIT Code) (wrapper managed-to-native) UnityEditor.SceneManagement.EditorSceneManager:OpenScene_Injected (UnityEngine.Bindings.ManagedSpanWrapper&,UnityEditor.SceneManagement.OpenSceneMode,UnityEngine.SceneManagement.Scene&)
0x00000215715d899b (Mono JIT Code) UnityEditor.SceneManagement.EditorSceneManager:OpenScene (string,UnityEditor.SceneManagement.OpenSceneMode)
0x00000215715d85c3 (Mono JIT Code) UnityEditor.SceneManagement.EditorSceneManager:OpenScene (string)
0x00000215715d8453 (Mono JIT Code) ScaffoldDriftChecker:OpenSceneSafe (string) (at D:/Projects/MindAttic/GridGame2026/Assets/Editor/ScaffoldDriftChecker.cs:104)
0x00000215715d74cb (Mono JIT Code) ScaffoldDriftChecker:Verify (System.Collections.Generic.IEnumerable`1<string>) (at D:/Projects/MindAttic/GridGame2026/Assets/Editor/ScaffoldDriftChecker.cs:59)
0x00000215715d7253 (Mono JIT Code) CliEntryPoints/<>c:<CheckAllGuardrails>b__19_4 () (at D:/Projects/MindAttic/GridGame2026/Assets/Editor/CliEntryPoints.cs:412)
0x0000021561eccd05 (Mono JIT Code) CliEntryPoints:<CheckAllGuardrails>g__Run|19_0 (string,System.Func`1<int>,CliEntryPoints/<>c__DisplayClass19_0&) (at D:/Projects/MindAttic/GridGame2026/Assets/Editor/CliEntryPoints.cs:397)
0x0000021561ecc3ab (Mono JIT Code) CliEntryPoints:CheckAllGuardrails () (at D:/Projects/MindAttic/GridGame2026/Assets/Editor/CliEntryPoints.cs:412)
0x00000214cc044d65 (Mono JIT Code) (wrapper runtime-invoke) object:runtime_invoke_void (object,intptr,intptr,intptr)
0x00007ff935a46bfe (mono-2.0-bdwgc) mono_jit_runtime_invoke (at C:/build/output/Unity-Technologies/mono/mono/mini/mini-runtime.c:3445)
0x00007ff935988984 (mono-2.0-bdwgc) do_runtime_invoke (at C:/build/output/Unity-Technologies/mono/mono/metadata/object.c:3068)
0x00007ff935988a70 (mono-2.0-bdwgc) mono_runtime_invoke (at C:/build/output/Unity-Technologies/mono/mono/metadata/object.c:3115)
0x00007ff92c465064 (Unity) scripting_method_invoke
0x00007ff92c46bf23 (Unity) ScriptingInvocation::Invoke
0x00007ff92cc9444a (Unity) Application::ParseARGVCommands
0x00007ff92cc8a439 (Unity) Application::FinishLoadingProject
0x00007ff92ca85a6c (Unity) UnityMain
0x00007ff7c7f72f2a (Unity) __scrt_common_main_seh
0x00007ffb19f6e8d7 (KERNEL32) BaseThreadInitThunk
0x00007ffb1b5cc3fc (ntdll) RtlUserThreadStart

Creating missing Rigidbody2D component for TreeInstance in Tree.
0x00007ff92bc2fd3e (Unity) StackWalker::ShowCallstack
0x00007ff92d45e919 (Unity) PlatformStacktrace::GetStacktrace
0x00007ff92d45f19e (Unity) Stacktrace::GetStacktrace
0x00007ff92bbe0d4f (Unity) DebugStringToFile
0x00007ff92c2e6ef1 (Unity) AddComponentByPtr
0x00007ff92c2e7f3a (Unity) AddMissingRequiredComponentsDuringLoad
0x00007ff92d11617e (Unity) CheckGameObjectsAndAddMissingRequiredComponents
0x00007ff92c40846d (Unity) LoadSceneOperation::CompleteAwakeSequence
0x00007ff92c408ecd (Unity) LoadSceneOperation::CompletePreloadManagerLoadSceneEditor
0x00007ff92c409c31 (Unity) LoadSceneOperation::IntegrateMainThread
0x00007ff92c40cb6f (Unity) PreloadManager::UpdatePreloadingSingleStep
0x00007ff92c40d358 (Unity) PreloadManager::WaitForAllAsyncOperationsToComplete
0x00007ff92d077a41 (Unity) EditorSceneManager::RestoreSceneBackups
0x00007ff92d0753fa (Unity) EditorSceneManager::OpenSceneLoaded
0x00007ff92d074113 (Unity) EditorSceneManager::OpenScene
0x00007ff92ca660c5 (Unity) EditorSceneManagerBindings::OpenScene
0x00007ff92c92430e (Unity) EditorSceneManager_CUSTOM_OpenScene
0x00000215715d8c26 (Mono JIT Code) (wrapper managed-to-native) UnityEditor.SceneManagement.EditorSceneManager:OpenScene_Injected (UnityEngine.Bindings.ManagedSpanWrapper&,UnityEditor.SceneManagement.OpenSceneMode,UnityEngine.SceneManagement.Scene&)
0x00000215715d899b (Mono JIT Code) UnityEditor.SceneManagement.EditorSceneManager:OpenScene (string,UnityEditor.SceneManagement.OpenSceneMode)
0x00000215715d85c3 (Mono JIT Code) UnityEditor.SceneManagement.EditorSceneManager:OpenScene (string)
0x00000215715d8453 (Mono JIT Code) ScaffoldDriftChecker:OpenSceneSafe (string) (at D:/Projects/MindAttic/GridGame2026/Assets/Editor/ScaffoldDriftChecker.cs:104)
0x00000215715d74cb (Mono JIT Code) ScaffoldDriftChecker:Verify (System.Collections.Generic.IEnumerable`1<string>) (at D:/Projects/MindAttic/GridGame2026/Assets/Editor/ScaffoldDriftChecker.cs:59)
0x00000215715d7253 (Mono JIT Code) CliEntryPoints/<>c:<CheckAllGuardrails>b__19_4 () (at D:/Projects/MindAttic/GridGame2026/Assets/Editor/CliEntryPoints.cs:412)
0x0000021561eccd05 (Mono JIT Code) CliEntryPoints:<CheckAllGuardrails>g__Run|19_0 (string,System.Func`1<int>,CliEntryPoints/<>c__DisplayClass19_0&) (at D:/Projects/MindAttic/GridGame2026/Assets/Editor/CliEntryPoints.cs:397)
0x0000021561ecc3ab (Mono JIT Code) CliEntryPoints:CheckAllGuardrails () (at D:/Projects/MindAttic/GridGame2026/Assets/Editor/CliEntryPoints.cs:412)
0x00000214cc044d65 (Mono JIT Code) (wrapper runtime-invoke) object:runtime_invoke_void (object,intptr,intptr,intptr)
0x00007ff935a46bfe (mono-2.0-bdwgc) mono_jit_runtime_invoke (at C:/build/output/Unity-Technologies/mono/mono/mini/mini-runtime.c:3445)
0x00007ff935988984 (mono-2.0-bdwgc) do_runtime_invoke (at C:/build/output/Unity-Technologies/mono/mono/metadata/object.c:3068)
0x00007ff935988a70 (mono-2.0-bdwgc) mono_runtime_invoke (at C:/build/output/Unity-Technologies/mono/mono/metadata/object.c:3115)
0x00007ff92c465064 (Unity) scripting_method_invoke
0x00007ff92c46bf23 (Unity) ScriptingInvocation::Invoke
0x00007ff92cc9444a (Unity) Application::ParseARGVCommands
0x00007ff92cc8a439 (Unity) Application::FinishLoadingProject
0x00007ff92ca85a6c (Unity) UnityMain
0x00007ff7c7f72f2a (Unity) __scrt_common_main_seh
0x00007ffb19f6e8d7 (KERNEL32) BaseThreadInitThunk
0x00007ffb1b5cc3fc (ntdll) RtlUserThreadStart

Creating missing CircleCollider2D component for TreeInstance in Tree.
0x00007ff92bc2fd3e (Unity) StackWalker::ShowCallstack
0x00007ff92d45e919 (Unity) PlatformStacktrace::GetStacktrace
0x00007ff92d45f19e (Unity) Stacktrace::GetStacktrace
0x00007ff92bbe0d4f (Unity) DebugStringToFile
0x00007ff92c2e6ef1 (Unity) AddComponentByPtr
0x00007ff92c2e7f3a (Unity) AddMissingRequiredComponentsDuringLoad
0x00007ff92d11617e (Unity) CheckGameObjectsAndAddMissingRequiredComponents
0x00007ff92c40846d (Unity) LoadSceneOperation::CompleteAwakeSequence
0x00007ff92c408ecd (Unity) LoadSceneOperation::CompletePreloadManagerLoadSceneEditor
0x00007ff92c409c31 (Unity) LoadSceneOperation::IntegrateMainThread
0x00007ff92c40cb6f (Unity) PreloadManager::UpdatePreloadingSingleStep
0x00007ff92c40d358 (Unity) PreloadManager::WaitForAllAsyncOperationsToComplete
0x00007ff92d077a41 (Unity) EditorSceneManager::RestoreSceneBackups
0x00007ff92d0753fa (Unity) EditorSceneManager::OpenSceneLoaded
0x00007ff92d074113 (Unity) EditorSceneManager::OpenScene
0x00007ff92ca660c5 (Unity) EditorSceneManagerBindings::OpenScene
0x00007ff92c92430e (Unity) EditorSceneManager_CUSTOM_OpenScene
0x00000215715d8c26 (Mono JIT Code) (wrapper managed-to-native) UnityEditor.SceneManagement.EditorSceneManager:OpenScene_Injected (UnityEngine.Bindings.ManagedSpanWrapper&,UnityEditor.SceneManagement.OpenSceneMode,UnityEngine.SceneManagement.Scene&)
0x00000215715d899b (Mono JIT Code) UnityEditor.SceneManagement.EditorSceneManager:OpenScene (string,UnityEditor.SceneManagement.OpenSceneMode)
0x00000215715d85c3 (Mono JIT Code) UnityEditor.SceneManagement.EditorSceneManager:OpenScene (string)
0x00000215715d8453 (Mono JIT Code) ScaffoldDriftChecker:OpenSceneSafe (string) (at D:/Projects/MindAttic/GridGame2026/Assets/Editor/ScaffoldDriftChecker.cs:104)
0x00000215715d74cb (Mono JIT Code) ScaffoldDriftChecker:Verify (System.Collections.Generic.IEnumerable`1<string>) (at D:/Projects/MindAttic/GridGame2026/Assets/Editor/ScaffoldDriftChecker.cs:59)
0x00000215715d7253 (Mono JIT Code) CliEntryPoints/<>c:<CheckAllGuardrails>b__19_4 () (at D:/Projects/MindAttic/GridGame2026/Assets/Editor/CliEntryPoints.cs:412)
0x0000021561eccd05 (Mono JIT Code) CliEntryPoints:<CheckAllGuardrails>g__Run|19_0 (string,System.Func`1<int>,CliEntryPoints/<>c__DisplayClass19_0&) (at D:/Projects/MindAttic/GridGame2026/Assets/Editor/CliEntryPoints.cs:397)
0x0000021561ecc3ab (Mono JIT Code) CliEntryPoints:CheckAllGuardrails () (at D:/Projects/MindAttic/GridGame2026/Assets/Editor/CliEntryPoints.cs:412)
0x00000214cc044d65 (Mono JIT Code) (wrapper runtime-invoke) object:runtime_invoke_void (object,intptr,intptr,intptr)
0x00007ff935a46bfe (mono-2.0-bdwgc) mono_jit_runtime_invoke (at C:/build/output/Unity-Technologies/mono/mono/mini/mini-runtime.c:3445)
0x00007ff935988984 (mono-2.0-bdwgc) do_runtime_invoke (at C:/build/output/Unity-Technologies/mono/mono/metadata/object.c:3068)
0x00007ff935988a70 (mono-2.0-bdwgc) mono_runtime_invoke (at C:/build/output/Unity-Technologies/mono/mono/metadata/object.c:3115)
0x00007ff92c465064 (Unity) scripting_method_invoke
0x00007ff92c46bf23 (Unity) ScriptingInvocation::Invoke
0x00007ff92cc9444a (Unity) Application::ParseARGVCommands
0x00007ff92cc8a439 (Unity) Application::FinishLoadingProject
0x00007ff92ca85a6c (Unity) UnityMain
0x00007ff7c7f72f2a (Unity) __scrt_common_main_seh
0x00007ffb19f6e8d7 (KERNEL32) BaseThreadInitThunk
0x00007ffb1b5cc3fc (ntdll) RtlUserThreadStart

Creating missing Rigidbody2D component for TreeInstance in Tree.
0x00007ff92bc2fd3e (Unity) StackWalker::ShowCallstack
0x00007ff92d45e919 (Unity) PlatformStacktrace::GetStacktrace
0x00007ff92d45f19e (Unity) Stacktrace::GetStacktrace
0x00007ff92bbe0d4f (Unity) DebugStringToFile
0x00007ff92c2e6ef1 (Unity) AddComponentByPtr
0x00007ff92c2e7f3a (Unity) AddMissingRequiredComponentsDuringLoad
0x00007ff92d11617e (Unity) CheckGameObjectsAndAddMissingRequiredComponents
0x00007ff92c40846d (Unity) LoadSceneOperation::CompleteAwakeSequence
0x00007ff92c408ecd (Unity) LoadSceneOperation::CompletePreloadManagerLoadSceneEditor
0x00007ff92c409c31 (Unity) LoadSceneOperation::IntegrateMainThread
0x00007ff92c40cb6f (Unity) PreloadManager::UpdatePreloadingSingleStep
0x00007ff92c40d358 (Unity) PreloadManager::WaitForAllAsyncOperationsToComplete
0x00007ff92d077a41 (Unity) EditorSceneManager::RestoreSceneBackups
0x00007ff92d0753fa (Unity) EditorSceneManager::OpenSceneLoaded
0x00007ff92d074113 (Unity) EditorSceneManager::OpenScene
0x00007ff92ca660c5 (Unity) EditorSceneManagerBindings::OpenScene
0x00007ff92c92430e (Unity) EditorSceneManager_CUSTOM_OpenScene
0x00000215715d8c26 (Mono JIT Code) (wrapper managed-to-native) UnityEditor.SceneManagement.EditorSceneManager:OpenScene_Injected (UnityEngine.Bindings.ManagedSpanWrapper&,UnityEditor.SceneManagement.OpenSceneMode,UnityEngine.SceneManagement.Scene&)
0x00000215715d899b (Mono JIT Code) UnityEditor.SceneManagement.EditorSceneManager:OpenScene (string,UnityEditor.SceneManagement.OpenSceneMode)
0x00000215715d85c3 (Mono JIT Code) UnityEditor.SceneManagement.EditorSceneManager:OpenScene (string)
0x00000215715d8453 (Mono JIT Code) ScaffoldDriftChecker:OpenSceneSafe (string) (at D:/Projects/MindAttic/GridGame2026/Assets/Editor/ScaffoldDriftChecker.cs:104)
0x00000215715d74cb (Mono JIT Code) ScaffoldDriftChecker:Verify (System.Collections.Generic.IEnumerable`1<string>) (at D:/Projects/MindAttic/GridGame2026/Assets/Editor/ScaffoldDriftChecker.cs:59)
0x00000215715d7253 (Mono JIT Code) CliEntryPoints/<>c:<CheckAllGuardrails>b__19_4 () (at D:/Projects/MindAttic/GridGame2026/Assets/Editor/CliEntryPoints.cs:412)
0x0000021561eccd05 (Mono JIT Code) CliEntryPoints:<CheckAllGuardrails>g__Run|19_0 (string,System.Func`1<int>,CliEntryPoints/<>c__DisplayClass19_0&) (at D:/Projects/MindAttic/GridGame2026/Assets/Editor/CliEntryPoints.cs:397)
0x0000021561ecc3ab (Mono JIT Code) CliEntryPoints:CheckAllGuardrails () (at D:/Projects/MindAttic/GridGame2026/Assets/Editor/CliEntryPoints.cs:412)
0x00000214cc044d65 (Mono JIT Code) (wrapper runtime-invoke) object:runtime_invoke_void (object,intptr,intptr,intptr)
0x00007ff935a46bfe (mono-2.0-bdwgc) mono_jit_runtime_invoke (at C:/build/output/Unity-Technologies/mono/mono/mini/mini-runtime.c:3445)
0x00007ff935988984 (mono-2.0-bdwgc) do_runtime_invoke (at C:/build/output/Unity-Technologies/mono/mono/metadata/object.c:3068)
0x00007ff935988a70 (mono-2.0-bdwgc) mono_runtime_invoke (at C:/build/output/Unity-Technologies/mono/mono/metadata/object.c:3115)
0x00007ff92c465064 (Unity) scripting_method_invoke
0x00007ff92c46bf23 (Unity) ScriptingInvocation::Invoke
0x00007ff92cc9444a (Unity) Application::ParseARGVCommands
0x00007ff92cc8a439 (Unity) Application::FinishLoadingProject
0x00007ff92ca85a6c (Unity) UnityMain
0x00007ff7c7f72f2a (Unity) __scrt_common_main_seh
0x00007ffb19f6e8d7 (KERNEL32) BaseThreadInitThunk
0x00007ffb1b5cc3fc (ntdll) RtlUserThreadStart

Creating missing CircleCollider2D component for TreeInstance in Tree.
0x00007ff92bc2fd3e (Unity) StackWalker::ShowCallstack
0x00007ff92d45e919 (Unity) PlatformStacktrace::GetStacktrace
0x00007ff92d45f19e (Unity) Stacktrace::GetStacktrace
0x00007ff92bbe0d4f (Unity) DebugStringToFile
0x00007ff92c2e6ef1 (Unity) AddComponentByPtr
0x00007ff92c2e7f3a (Unity) AddMissingRequiredComponentsDuringLoad
0x00007ff92d11617e (Unity) CheckGameObjectsAndAddMissingRequiredComponents
0x00007ff92c40846d (Unity) LoadSceneOperation::CompleteAwakeSequence
0x00007ff92c408ecd (Unity) LoadSceneOperation::CompletePreloadManagerLoadSceneEditor
0x00007ff92c409c31 (Unity) LoadSceneOperation::IntegrateMainThread
0x00007ff92c40cb6f (Unity) PreloadManager::UpdatePreloadingSingleStep
0x00007ff92c40d358 (Unity) PreloadManager::WaitForAllAsyncOperationsToComplete
0x00007ff92d077a41 (Unity) EditorSceneManager::RestoreSceneBackups
0x00007ff92d0753fa (Unity) EditorSceneManager::OpenSceneLoaded
0x00007ff92d074113 (Unity) EditorSceneManager::OpenScene
0x00007ff92ca660c5 (Unity) EditorSceneManagerBindings::OpenScene
0x00007ff92c92430e (Unity) EditorSceneManager_CUSTOM_OpenScene
0x00000215715d8c26 (Mono JIT Code) (wrapper managed-to-native) UnityEditor.SceneManagement.EditorSceneManager:OpenScene_Injected (UnityEngine.Bindings.ManagedSpanWrapper&,UnityEditor.SceneManagement.OpenSceneMode,UnityEngine.SceneManagement.Scene&)
0x00000215715d899b (Mono JIT Code) UnityEditor.SceneManagement.EditorSceneManager:OpenScene (string,UnityEditor.SceneManagement.OpenSceneMode)
0x00000215715d85c3 (Mono JIT Code) UnityEditor.SceneManagement.EditorSceneManager:OpenScene (string)
0x00000215715d8453 (Mono JIT Code) ScaffoldDriftChecker:OpenSceneSafe (string) (at D:/Projects/MindAttic/GridGame2026/Assets/Editor/ScaffoldDriftChecker.cs:104)
0x00000215715d74cb (Mono JIT Code) ScaffoldDriftChecker:Verify (System.Collections.Generic.IEnumerable`1<string>) (at D:/Projects/MindAttic/GridGame2026/Assets/Editor/ScaffoldDriftChecker.cs:59)
0x00000215715d7253 (Mono JIT Code) CliEntryPoints/<>c:<CheckAllGuardrails>b__19_4 () (at D:/Projects/MindAttic/GridGame2026/Assets/Editor/CliEntryPoints.cs:412)
0x0000021561eccd05 (Mono JIT Code) CliEntryPoints:<CheckAllGuardrails>g__Run|19_0 (string,System.Func`1<int>,CliEntryPoints/<>c__DisplayClass19_0&) (at D:/Projects/MindAttic/GridGame2026/Assets/Editor/CliEntryPoints.cs:397)
0x0000021561ecc3ab (Mono JIT Code) CliEntryPoints:CheckAllGuardrails () (at D:/Projects/MindAttic/GridGame2026/Assets/Editor/CliEntryPoints.cs:412)
0x00000214cc044d65 (Mono JIT Code) (wrapper runtime-invoke) object:runtime_invoke_void (object,intptr,intptr,intptr)
0x00007ff935a46bfe (mono-2.0-bdwgc) mono_jit_runtime_invoke (at C:/build/output/Unity-Technologies/mono/mono/mini/mini-runtime.c:3445)
0x00007ff935988984 (mono-2.0-bdwgc) do_runtime_invoke (at C:/build/output/Unity-Technologies/mono/mono/metadata/object.c:3068)
0x00007ff935988a70 (mono-2.0-bdwgc) mono_runtime_invoke (at C:/build/output/Unity-Technologies/mono/mono/metadata/object.c:3115)
0x00007ff92c465064 (Unity) scripting_method_invoke
0x00007ff92c46bf23 (Unity) ScriptingInvocation::Invoke
0x00007ff92cc9444a (Unity) Application::ParseARGVCommands
0x00007ff92cc8a439 (Unity) Application::FinishLoadingProject
0x00007ff92ca85a6c (Unity) UnityMain
0x00007ff7c7f72f2a (Unity) __scrt_common_main_seh
0x00007ffb19f6e8d7 (KERNEL32) BaseThreadInitThunk
0x00007ffb1b5cc3fc (ntdll) RtlUserThreadStart

Creating missing Rigidbody2D component for TreeInstance in Tree.
0x00007ff92bc2fd3e (Unity) StackWalker::ShowCallstack
0x00007ff92d45e919 (Unity) PlatformStacktrace::GetStacktrace
0x00007ff92d45f19e (Unity) Stacktrace::GetStacktrace
0x00007ff92bbe0d4f (Unity) DebugStringToFile
0x00007ff92c2e6ef1 (Unity) AddComponentByPtr
0x00007ff92c2e7f3a (Unity) AddMissingRequiredComponentsDuringLoad
0x00007ff92d11617e (Unity) CheckGameObjectsAndAddMissingRequiredComponents
0x00007ff92c40846d (Unity) LoadSceneOperation::CompleteAwakeSequence
0x00007ff92c408ecd (Unity) LoadSceneOperation::CompletePreloadManagerLoadSceneEditor
0x00007ff92c409c31 (Unity) LoadSceneOperation::IntegrateMainThread
0x00007ff92c40cb6f (Unity) PreloadManager::UpdatePreloadingSingleStep
0x00007ff92c40d358 (Unity) PreloadManager::WaitForAllAsyncOperationsToComplete
0x00007ff92d077a41 (Unity) EditorSceneManager::RestoreSceneBackups
0x00007ff92d0753fa (Unity) EditorSceneManager::OpenSceneLoaded
0x00007ff92d074113 (Unity) EditorSceneManager::OpenScene
0x00007ff92ca660c5 (Unity) EditorSceneManagerBindings::OpenScene
0x00007ff92c92430e (Unity) EditorSceneManager_CUSTOM_OpenScene
0x00000215715d8c26 (Mono JIT Code) (wrapper managed-to-native) UnityEditor.SceneManagement.EditorSceneManager:OpenScene_Injected (UnityEngine.Bindings.ManagedSpanWrapper&,UnityEditor.SceneManagement.OpenSceneMode,UnityEngine.SceneManagement.Scene&)
0x00000215715d899b (Mono JIT Code) UnityEditor.SceneManagement.EditorSceneManager:OpenScene (string,UnityEditor.SceneManagement.OpenSceneMode)
0x00000215715d85c3 (Mono JIT Code) UnityEditor.SceneManagement.EditorSceneManager:OpenScene (string)
0x00000215715d8453 (Mono JIT Code) ScaffoldDriftChecker:OpenSceneSafe (string) (at D:/Projects/MindAttic/GridGame2026/Assets/Editor/ScaffoldDriftChecker.cs:104)
0x00000215715d74cb (Mono JIT Code) ScaffoldDriftChecker:Verify (System.Collections.Generic.IEnumerable`1<string>) (at D:/Projects/MindAttic/GridGame2026/Assets/Editor/ScaffoldDriftChecker.cs:59)
0x00000215715d7253 (Mono JIT Code) CliEntryPoints/<>c:<CheckAllGuardrails>b__19_4 () (at D:/Projects/MindAttic/GridGame2026/Assets/Editor/CliEntryPoints.cs:412)
0x0000021561eccd05 (Mono JIT Code) CliEntryPoints:<CheckAllGuardrails>g__Run|19_0 (string,System.Func`1<int>,CliEntryPoints/<>c__DisplayClass19_0&) (at D:/Projects/MindAttic/GridGame2026/Assets/Editor/CliEntryPoints.cs:397)
0x0000021561ecc3ab (Mono JIT Code) CliEntryPoints:CheckAllGuardrails () (at D:/Projects/MindAttic/GridGame2026/Assets/Editor/CliEntryPoints.cs:412)
0x00000214cc044d65 (Mono JIT Code) (wrapper runtime-invoke) object:runtime_invoke_void (object,intptr,intptr,intptr)
0x00007ff935a46bfe (mono-2.0-bdwgc) mono_jit_runtime_invoke (at C:/build/output/Unity-Technologies/mono/mono/mini/mini-runtime.c:3445)
0x00007ff935988984 (mono-2.0-bdwgc) do_runtime_invoke (at C:/build/output/Unity-Technologies/mono/mono/metadata/object.c:3068)
0x00007ff935988a70 (mono-2.0-bdwgc) mono_runtime_invoke (at C:/build/output/Unity-Technologies/mono/mono/metadata/object.c:3115)
0x00007ff92c465064 (Unity) scripting_method_invoke
0x00007ff92c46bf23 (Unity) ScriptingInvocation::Invoke
0x00007ff92cc9444a (Unity) Application::ParseARGVCommands
0x00007ff92cc8a439 (Unity) Application::FinishLoadingProject
0x00007ff92ca85a6c (Unity) UnityMain
0x00007ff7c7f72f2a (Unity) __scrt_common_main_seh
0x00007ffb19f6e8d7 (KERNEL32) BaseThreadInitThunk
0x00007ffb1b5cc3fc (ntdll) RtlUserThreadStart

Creating missing CircleCollider2D component for TreeInstance in Tree.
0x00007ff92bc2fd3e (Unity) StackWalker::ShowCallstack
0x00007ff92d45e919 (Unity) PlatformStacktrace::GetStacktrace
0x00007ff92d45f19e (Unity) Stacktrace::GetStacktrace
0x00007ff92bbe0d4f (Unity) DebugStringToFile
0x00007ff92c2e6ef1 (Unity) AddComponentByPtr
0x00007ff92c2e7f3a (Unity) AddMissingRequiredComponentsDuringLoad
0x00007ff92d11617e (Unity) CheckGameObjectsAndAddMissingRequiredComponents
0x00007ff92c40846d (Unity) LoadSceneOperation::CompleteAwakeSequence
0x00007ff92c408ecd (Unity) LoadSceneOperation::CompletePreloadManagerLoadSceneEditor
0x00007ff92c409c31 (Unity) LoadSceneOperation::IntegrateMainThread
0x00007ff92c40cb6f (Unity) PreloadManager::UpdatePreloadingSingleStep
0x00007ff92c40d358 (Unity) PreloadManager::WaitForAllAsyncOperationsToComplete
0x00007ff92d077a41 (Unity) EditorSceneManager::RestoreSceneBackups
0x00007ff92d0753fa (Unity) EditorSceneManager::OpenSceneLoaded
0x00007ff92d074113 (Unity) EditorSceneManager::OpenScene
0x00007ff92ca660c5 (Unity) EditorSceneManagerBindings::OpenScene
0x00007ff92c92430e (Unity) EditorSceneManager_CUSTOM_OpenScene
0x00000215715d8c26 (Mono JIT Code) (wrapper managed-to-native) UnityEditor.SceneManagement.EditorSceneManager:OpenScene_Injected (UnityEngine.Bindings.ManagedSpanWrapper&,UnityEditor.SceneManagement.OpenSceneMode,UnityEngine.SceneManagement.Scene&)
0x00000215715d899b (Mono JIT Code) UnityEditor.SceneManagement.EditorSceneManager:OpenScene (string,UnityEditor.SceneManagement.OpenSceneMode)
0x00000215715d85c3 (Mono JIT Code) UnityEditor.SceneManagement.EditorSceneManager:OpenScene (string)
0x00000215715d8453 (Mono JIT Code) ScaffoldDriftChecker:OpenSceneSafe (string) (at D:/Projects/MindAttic/GridGame2026/Assets/Editor/ScaffoldDriftChecker.cs:104)
0x00000215715d74cb (Mono JIT Code) ScaffoldDriftChecker:Verify (System.Collections.Generic.IEnumerable`1<string>) (at D:/Projects/MindAttic/GridGame2026/Assets/Editor/ScaffoldDriftChecker.cs:59)
0x00000215715d7253 (Mono JIT Code) CliEntryPoints/<>c:<CheckAllGuardrails>b__19_4 () (at D:/Projects/MindAttic/GridGame2026/Assets/Editor/CliEntryPoints.cs:412)
0x0000021561eccd05 (Mono JIT Code) CliEntryPoints:<CheckAllGuardrails>g__Run|19_0 (string,System.Func`1<int>,CliEntryPoints/<>c__DisplayClass19_0&) (at D:/Projects/MindAttic/GridGame2026/Assets/Editor/CliEntryPoints.cs:397)
0x0000021561ecc3ab (Mono JIT Code) CliEntryPoints:CheckAllGuardrails () (at D:/Projects/MindAttic/GridGame2026/Assets/Editor/CliEntryPoints.cs:412)
0x00000214cc044d65 (Mono JIT Code) (wrapper runtime-invoke) object:runtime_invoke_void (object,intptr,intptr,intptr)
0x00007ff935a46bfe (mono-2.0-bdwgc) mono_jit_runtime_invoke (at C:/build/output/Unity-Technologies/mono/mono/mini/mini-runtime.c:3445)
0x00007ff935988984 (mono-2.0-bdwgc) do_runtime_invoke (at C:/build/output/Unity-Technologies/mono/mono/metadata/object.c:3068)
0x00007ff935988a70 (mono-2.0-bdwgc) mono_runtime_invoke (at C:/build/output/Unity-Technologies/mono/mono/metadata/object.c:3115)
0x00007ff92c465064 (Unity) scripting_method_invoke
0x00007ff92c46bf23 (Unity) ScriptingInvocation::Invoke
0x00007ff92cc9444a (Unity) Application::ParseARGVCommands
0x00007ff92cc8a439 (Unity) Application::FinishLoadingProject
0x00007ff92ca85a6c (Unity) UnityMain
0x00007ff7c7f72f2a (Unity) __scrt_common_main_seh
0x00007ffb19f6e8d7 (KERNEL32) BaseThreadInitThunk
0x00007ffb1b5cc3fc (ntdll) RtlUserThreadStart

Creating missing Rigidbody2D component for TreeInstance in Tree.
0x00007ff92bc2fd3e (Unity) StackWalker::ShowCallstack
0x00007ff92d45e919 (Unity) PlatformStacktrace::GetStacktrace
0x00007ff92d45f19e (Unity) Stacktrace::GetStacktrace
0x00007ff92bbe0d4f (Unity) DebugStringToFile
0x00007ff92c2e6ef1 (Unity) AddComponentByPtr
0x00007ff92c2e7f3a (Unity) AddMissingRequiredComponentsDuringLoad
0x00007ff92d11617e (Unity) CheckGameObjectsAndAddMissingRequiredComponents
0x00007ff92c40846d (Unity) LoadSceneOperation::CompleteAwakeSequence
0x00007ff92c408ecd (Unity) LoadSceneOperation::CompletePreloadManagerLoadSceneEditor
0x00007ff92c409c31 (Unity) LoadSceneOperation::IntegrateMainThread
0x00007ff92c40cb6f (Unity) PreloadManager::UpdatePreloadingSingleStep
0x00007ff92c40d358 (Unity) PreloadManager::WaitForAllAsyncOperationsToComplete
0x00007ff92d077a41 (Unity) EditorSceneManager::RestoreSceneBackups
0x00007ff92d0753fa (Unity) EditorSceneManager::OpenSceneLoaded
0x00007ff92d074113 (Unity) EditorSceneManager::OpenScene
0x00007ff92ca660c5 (Unity) EditorSceneManagerBindings::OpenScene
0x00007ff92c92430e (Unity) EditorSceneManager_CUSTOM_OpenScene
0x00000215715d8c26 (Mono JIT Code) (wrapper managed-to-native) UnityEditor.SceneManagement.EditorSceneManager:OpenScene_Injected (UnityEngine.Bindings.ManagedSpanWrapper&,UnityEditor.SceneManagement.OpenSceneMode,UnityEngine.SceneManagement.Scene&)
0x00000215715d899b (Mono JIT Code) UnityEditor.SceneManagement.EditorSceneManager:OpenScene (string,UnityEditor.SceneManagement.OpenSceneMode)
0x00000215715d85c3 (Mono JIT Code) UnityEditor.SceneManagement.EditorSceneManager:OpenScene (string)
0x00000215715d8453 (Mono JIT Code) ScaffoldDriftChecker:OpenSceneSafe (string) (at D:/Projects/MindAttic/GridGame2026/Assets/Editor/ScaffoldDriftChecker.cs:104)
0x00000215715d74cb (Mono JIT Code) ScaffoldDriftChecker:Verify (System.Collections.Generic.IEnumerable`1<string>) (at D:/Projects/MindAttic/GridGame2026/Assets/Editor/ScaffoldDriftChecker.cs:59)
0x00000215715d7253 (Mono JIT Code) CliEntryPoints/<>c:<CheckAllGuardrails>b__19_4 () (at D:/Projects/MindAttic/GridGame2026/Assets/Editor/CliEntryPoints.cs:412)
0x0000021561eccd05 (Mono JIT Code) CliEntryPoints:<CheckAllGuardrails>g__Run|19_0 (string,System.Func`1<int>,CliEntryPoints/<>c__DisplayClass19_0&) (at D:/Projects/MindAttic/GridGame2026/Assets/Editor/CliEntryPoints.cs:397)
0x0000021561ecc3ab (Mono JIT Code) CliEntryPoints:CheckAllGuardrails () (at D:/Projects/MindAttic/GridGame2026/Assets/Editor/CliEntryPoints.cs:412)
0x00000214cc044d65 (Mono JIT Code) (wrapper runtime-invoke) object:runtime_invoke_void (object,intptr,intptr,intptr)
0x00007ff935a46bfe (mono-2.0-bdwgc) mono_jit_runtime_invoke (at C:/build/output/Unity-Technologies/mono/mono/mini/mini-runtime.c:3445)
0x00007ff935988984 (mono-2.0-bdwgc) do_runtime_invoke (at C:/build/output/Unity-Technologies/mono/mono/metadata/object.c:3068)
0x00007ff935988a70 (mono-2.0-bdwgc) mono_runtime_invoke (at C:/build/output/Unity-Technologies/mono/mono/metadata/object.c:3115)
0x00007ff92c465064 (Unity) scripting_method_invoke
0x00007ff92c46bf23 (Unity) ScriptingInvocation::Invoke
0x00007ff92cc9444a (Unity) Application::ParseARGVCommands
0x00007ff92cc8a439 (Unity) Application::FinishLoadingProject
0x00007ff92ca85a6c (Unity) UnityMain
0x00007ff7c7f72f2a (Unity) __scrt_common_main_seh
0x00007ffb19f6e8d7 (KERNEL32) BaseThreadInitThunk
0x00007ffb1b5cc3fc (ntdll) RtlUserThreadStart

Creating missing CircleCollider2D component for TreeInstance in Tree.
0x00007ff92bc2fd3e (Unity) StackWalker::ShowCallstack
0x00007ff92d45e919 (Unity) PlatformStacktrace::GetStacktrace
0x00007ff92d45f19e (Unity) Stacktrace::GetStacktrace
0x00007ff92bbe0d4f (Unity) DebugStringToFile
0x00007ff92c2e6ef1 (Unity) AddComponentByPtr
0x00007ff92c2e7f3a (Unity) AddMissingRequiredComponentsDuringLoad
0x00007ff92d11617e (Unity) CheckGameObjectsAndAddMissingRequiredComponents
0x00007ff92c40846d (Unity) LoadSceneOperation::CompleteAwakeSequence
0x00007ff92c408ecd (Unity) LoadSceneOperation::CompletePreloadManagerLoadSceneEditor
0x00007ff92c409c31 (Unity) LoadSceneOperation::IntegrateMainThread
0x00007ff92c40cb6f (Unity) PreloadManager::UpdatePreloadingSingleStep
0x00007ff92c40d358 (Unity) PreloadManager::WaitForAllAsyncOperationsToComplete
0x00007ff92d077a41 (Unity) EditorSceneManager::RestoreSceneBackups
0x00007ff92d0753fa (Unity) EditorSceneManager::OpenSceneLoaded
0x00007ff92d074113 (Unity) EditorSceneManager::OpenScene
0x00007ff92ca660c5 (Unity) EditorSceneManagerBindings::OpenScene
0x00007ff92c92430e (Unity) EditorSceneManager_CUSTOM_OpenScene
0x00000215715d8c26 (Mono JIT Code) (wrapper managed-to-native) UnityEditor.SceneManagement.EditorSceneManager:OpenScene_Injected (UnityEngine.Bindings.ManagedSpanWrapper&,UnityEditor.SceneManagement.OpenSceneMode,UnityEngine.SceneManagement.Scene&)
0x00000215715d899b (Mono JIT Code) UnityEditor.SceneManagement.EditorSceneManager:OpenScene (string,UnityEditor.SceneManagement.OpenSceneMode)
0x00000215715d85c3 (Mono JIT Code) UnityEditor.SceneManagement.EditorSceneManager:OpenScene (string)
0x00000215715d8453 (Mono JIT Code) ScaffoldDriftChecker:OpenSceneSafe (string) (at D:/Projects/MindAttic/GridGame2026/Assets/Editor/ScaffoldDriftChecker.cs:104)
0x00000215715d74cb (Mono JIT Code) ScaffoldDriftChecker:Verify (System.Collections.Generic.IEnumerable`1<string>) (at D:/Projects/MindAttic/GridGame2026/Assets/Editor/ScaffoldDriftChecker.cs:59)
0x00000215715d7253 (Mono JIT Code) CliEntryPoints/<>c:<CheckAllGuardrails>b__19_4 () (at D:/Projects/MindAttic/GridGame2026/Assets/Editor/CliEntryPoints.cs:412)
0x0000021561eccd05 (Mono JIT Code) CliEntryPoints:<CheckAllGuardrails>g__Run|19_0 (string,System.Func`1<int>,CliEntryPoints/<>c__DisplayClass19_0&) (at D:/Projects/MindAttic/GridGame2026/Assets/Editor/CliEntryPoints.cs:397)
0x0000021561ecc3ab (Mono JIT Code) CliEntryPoints:CheckAllGuardrails () (at D:/Projects/MindAttic/GridGame2026/Assets/Editor/CliEntryPoints.cs:412)
0x00000214cc044d65 (Mono JIT Code) (wrapper runtime-invoke) object:runtime_invoke_void (object,intptr,intptr,intptr)
0x00007ff935a46bfe (mono-2.0-bdwgc) mono_jit_runtime_invoke (at C:/build/output/Unity-Technologies/mono/mono/mini/mini-runtime.c:3445)
0x00007ff935988984 (mono-2.0-bdwgc) do_runtime_invoke (at C:/build/output/Unity-Technologies/mono/mono/metadata/object.c:3068)
0x00007ff935988a70 (mono-2.0-bdwgc) mono_runtime_invoke (at C:/build/output/Unity-Technologies/mono/mono/metadata/object.c:3115)
0x00007ff92c465064 (Unity) scripting_method_invoke
0x00007ff92c46bf23 (Unity) ScriptingInvocation::Invoke
0x00007ff92cc9444a (Unity) Application::ParseARGVCommands
0x00007ff92cc8a439 (Unity) Application::FinishLoadingProject
0x00007ff92ca85a6c (Unity) UnityMain
0x00007ff7c7f72f2a (Unity) __scrt_common_main_seh
0x00007ffb19f6e8d7 (KERNEL32) BaseThreadInitThunk
0x00007ffb1b5cc3fc (ntdll) RtlUserThreadStart

Creating missing Rigidbody2D component for TreeInstance in Tree.
0x00007ff92bc2fd3e (Unity) StackWalker::ShowCallstack
0x00007ff92d45e919 (Unity) PlatformStacktrace::GetStacktrace
0x00007ff92d45f19e (Unity) Stacktrace::GetStacktrace
0x00007ff92bbe0d4f (Unity) DebugStringToFile
0x00007ff92c2e6ef1 (Unity) AddComponentByPtr
0x00007ff92c2e7f3a (Unity) AddMissingRequiredComponentsDuringLoad
0x00007ff92d11617e (Unity) CheckGameObjectsAndAddMissingRequiredComponents
0x00007ff92c40846d (Unity) LoadSceneOperation::CompleteAwakeSequence
0x00007ff92c408ecd (Unity) LoadSceneOperation::CompletePreloadManagerLoadSceneEditor
0x00007ff92c409c31 (Unity) LoadSceneOperation::IntegrateMainThread
0x00007ff92c40cb6f (Unity) PreloadManager::UpdatePreloadingSingleStep
0x00007ff92c40d358 (Unity) PreloadManager::WaitForAllAsyncOperationsToComplete
0x00007ff92d077a41 (Unity) EditorSceneManager::RestoreSceneBackups
0x00007ff92d0753fa (Unity) EditorSceneManager::OpenSceneLoaded
0x00007ff92d074113 (Unity) EditorSceneManager::OpenScene
0x00007ff92ca660c5 (Unity) EditorSceneManagerBindings::OpenScene
0x00007ff92c92430e (Unity) EditorSceneManager_CUSTOM_OpenScene
0x00000215715d8c26 (Mono JIT Code) (wrapper managed-to-native) UnityEditor.SceneManagement.EditorSceneManager:OpenScene_Injected (UnityEngine.Bindings.ManagedSpanWrapper&,UnityEditor.SceneManagement.OpenSceneMode,UnityEngine.SceneManagement.Scene&)
0x00000215715d899b (Mono JIT Code) UnityEditor.SceneManagement.EditorSceneManager:OpenScene (string,UnityEditor.SceneManagement.OpenSceneMode)
0x00000215715d85c3 (Mono JIT Code) UnityEditor.SceneManagement.EditorSceneManager:OpenScene (string)
0x00000215715d8453 (Mono JIT Code) ScaffoldDriftChecker:OpenSceneSafe (string) (at D:/Projects/MindAttic/GridGame2026/Assets/Editor/ScaffoldDriftChecker.cs:104)
0x00000215715d74cb (Mono JIT Code) ScaffoldDriftChecker:Verify (System.Collections.Generic.IEnumerable`1<string>) (at D:/Projects/MindAttic/GridGame2026/Assets/Editor/ScaffoldDriftChecker.cs:59)
0x00000215715d7253 (Mono JIT Code) CliEntryPoints/<>c:<CheckAllGuardrails>b__19_4 () (at D:/Projects/MindAttic/GridGame2026/Assets/Editor/CliEntryPoints.cs:412)
0x0000021561eccd05 (Mono JIT Code) CliEntryPoints:<CheckAllGuardrails>g__Run|19_0 (string,System.Func`1<int>,CliEntryPoints/<>c__DisplayClass19_0&) (at D:/Projects/MindAttic/GridGame2026/Assets/Editor/CliEntryPoints.cs:397)
0x0000021561ecc3ab (Mono JIT Code) CliEntryPoints:CheckAllGuardrails () (at D:/Projects/MindAttic/GridGame2026/Assets/Editor/CliEntryPoints.cs:412)
0x00000214cc044d65 (Mono JIT Code) (wrapper runtime-invoke) object:runtime_invoke_void (object,intptr,intptr,intptr)
0x00007ff935a46bfe (mono-2.0-bdwgc) mono_jit_runtime_invoke (at C:/build/output/Unity-Technologies/mono/mono/mini/mini-runtime.c:3445)
0x00007ff935988984 (mono-2.0-bdwgc) do_runtime_invoke (at C:/build/output/Unity-Technologies/mono/mono/metadata/object.c:3068)
0x00007ff935988a70 (mono-2.0-bdwgc) mono_runtime_invoke (at C:/build/output/Unity-Technologies/mono/mono/metadata/object.c:3115)
0x00007ff92c465064 (Unity) scripting_method_invoke
0x00007ff92c46bf23 (Unity) ScriptingInvocation::Invoke
0x00007ff92cc9444a (Unity) Application::ParseARGVCommands
0x00007ff92cc8a439 (Unity) Application::FinishLoadingProject
0x00007ff92ca85a6c (Unity) UnityMain
0x00007ff7c7f72f2a (Unity) __scrt_common_main_seh
0x00007ffb19f6e8d7 (KERNEL32) BaseThreadInitThunk
0x00007ffb1b5cc3fc (ntdll) RtlUserThreadStart

Creating missing CircleCollider2D component for TreeInstance in Tree.
0x00007ff92bc2fd3e (Unity) StackWalker::ShowCallstack
0x00007ff92d45e919 (Unity) PlatformStacktrace::GetStacktrace
0x00007ff92d45f19e (Unity) Stacktrace::GetStacktrace
0x00007ff92bbe0d4f (Unity) DebugStringToFile
0x00007ff92c2e6ef1 (Unity) AddComponentByPtr
0x00007ff92c2e7f3a (Unity) AddMissingRequiredComponentsDuringLoad
0x00007ff92d11617e (Unity) CheckGameObjectsAndAddMissingRequiredComponents
0x00007ff92c40846d (Unity) LoadSceneOperation::CompleteAwakeSequence
0x00007ff92c408ecd (Unity) LoadSceneOperation::CompletePreloadManagerLoadSceneEditor
0x00007ff92c409c31 (Unity) LoadSceneOperation::IntegrateMainThread
0x00007ff92c40cb6f (Unity) PreloadManager::UpdatePreloadingSingleStep
0x00007ff92c40d358 (Unity) PreloadManager::WaitForAllAsyncOperationsToComplete
0x00007ff92d077a41 (Unity) EditorSceneManager::RestoreSceneBackups
0x00007ff92d0753fa (Unity) EditorSceneManager::OpenSceneLoaded
0x00007ff92d074113 (Unity) EditorSceneManager::OpenScene
0x00007ff92ca660c5 (Unity) EditorSceneManagerBindings::OpenScene
0x00007ff92c92430e (Unity) EditorSceneManager_CUSTOM_OpenScene
0x00000215715d8c26 (Mono JIT Code) (wrapper managed-to-native) UnityEditor.SceneManagement.EditorSceneManager:OpenScene_Injected (UnityEngine.Bindings.ManagedSpanWrapper&,UnityEditor.SceneManagement.OpenSceneMode,UnityEngine.SceneManagement.Scene&)
0x00000215715d899b (Mono JIT Code) UnityEditor.SceneManagement.EditorSceneManager:OpenScene (string,UnityEditor.SceneManagement.OpenSceneMode)
0x00000215715d85c3 (Mono JIT Code) UnityEditor.SceneManagement.EditorSceneManager:OpenScene (string)
0x00000215715d8453 (Mono JIT Code) ScaffoldDriftChecker:OpenSceneSafe (string) (at D:/Projects/MindAttic/GridGame2026/Assets/Editor/ScaffoldDriftChecker.cs:104)
0x00000215715d74cb (Mono JIT Code) ScaffoldDriftChecker:Verify (System.Collections.Generic.IEnumerable`1<string>) (at D:/Projects/MindAttic/GridGame2026/Assets/Editor/ScaffoldDriftChecker.cs:59)
0x00000215715d7253 (Mono JIT Code) CliEntryPoints/<>c:<CheckAllGuardrails>b__19_4 () (at D:/Projects/MindAttic/GridGame2026/Assets/Editor/CliEntryPoints.cs:412)
0x0000021561eccd05 (Mono JIT Code) CliEntryPoints:<CheckAllGuardrails>g__Run|19_0 (string,System.Func`1<int>,CliEntryPoints/<>c__DisplayClass19_0&) (at D:/Projects/MindAttic/GridGame2026/Assets/Editor/CliEntryPoints.cs:397)
0x0000021561ecc3ab (Mono JIT Code) CliEntryPoints:CheckAllGuardrails () (at D:/Projects/MindAttic/GridGame2026/Assets/Editor/CliEntryPoints.cs:412)
0x00000214cc044d65 (Mono JIT Code) (wrapper runtime-invoke) object:runtime_invoke_void (object,intptr,intptr,intptr)
0x00007ff935a46bfe (mono-2.0-bdwgc) mono_jit_runtime_invoke (at C:/build/output/Unity-Technologies/mono/mono/mini/mini-runtime.c:3445)
0x00007ff935988984 (mono-2.0-bdwgc) do_runtime_invoke (at C:/build/output/Unity-Technologies/mono/mono/metadata/object.c:3068)
0x00007ff935988a70 (mono-2.0-bdwgc) mono_runtime_invoke (at C:/build/output/Unity-Technologies/mono/mono/metadata/object.c:3115)
0x00007ff92c465064 (Unity) scripting_method_invoke
0x00007ff92c46bf23 (Unity) ScriptingInvocation::Invoke
0x00007ff92cc9444a (Unity) Application::ParseARGVCommands
0x00007ff92cc8a439 (Unity) Application::FinishLoadingProject
0x00007ff92ca85a6c (Unity) UnityMain
0x00007ff7c7f72f2a (Unity) __scrt_common_main_seh
0x00007ffb19f6e8d7 (KERNEL32) BaseThreadInitThunk
0x00007ffb1b5cc3fc (ntdll) RtlUserThreadStart

Creating missing Rigidbody2D component for TreeInstance in Tree.
0x00007ff92bc2fd3e (Unity) StackWalker::ShowCallstack
0x00007ff92d45e919 (Unity) PlatformStacktrace::GetStacktrace
0x00007ff92d45f19e (Unity) Stacktrace::GetStacktrace
0x00007ff92bbe0d4f (Unity) DebugStringToFile
0x00007ff92c2e6ef1 (Unity) AddComponentByPtr
0x00007ff92c2e7f3a (Unity) AddMissingRequiredComponentsDuringLoad
0x00007ff92d11617e (Unity) CheckGameObjectsAndAddMissingRequiredComponents
0x00007ff92c40846d (Unity) LoadSceneOperation::CompleteAwakeSequence
0x00007ff92c408ecd (Unity) LoadSceneOperation::CompletePreloadManagerLoadSceneEditor
0x00007ff92c409c31 (Unity) LoadSceneOperation::IntegrateMainThread
0x00007ff92c40cb6f (Unity) PreloadManager::UpdatePreloadingSingleStep
0x00007ff92c40d358 (Unity) PreloadManager::WaitForAllAsyncOperationsToComplete
0x00007ff92d077a41 (Unity) EditorSceneManager::RestoreSceneBackups
0x00007ff92d0753fa (Unity) EditorSceneManager::OpenSceneLoaded
0x00007ff92d074113 (Unity) EditorSceneManager::OpenScene
0x00007ff92ca660c5 (Unity) EditorSceneManagerBindings::OpenScene
0x00007ff92c92430e (Unity) EditorSceneManager_CUSTOM_OpenScene
0x00000215715d8c26 (Mono JIT Code) (wrapper managed-to-native) UnityEditor.SceneManagement.EditorSceneManager:OpenScene_Injected (UnityEngine.Bindings.ManagedSpanWrapper&,UnityEditor.SceneManagement.OpenSceneMode,UnityEngine.SceneManagement.Scene&)
0x00000215715d899b (Mono JIT Code) UnityEditor.SceneManagement.EditorSceneManager:OpenScene (string,UnityEditor.SceneManagement.OpenSceneMode)
0x00000215715d85c3 (Mono JIT Code) UnityEditor.SceneManagement.EditorSceneManager:OpenScene (string)
0x00000215715d8453 (Mono JIT Code) ScaffoldDriftChecker:OpenSceneSafe (string) (at D:/Projects/MindAttic/GridGame2026/Assets/Editor/ScaffoldDriftChecker.cs:104)
0x00000215715d74cb (Mono JIT Code) ScaffoldDriftChecker:Verify (System.Collections.Generic.IEnumerable`1<string>) (at D:/Projects/MindAttic/GridGame2026/Assets/Editor/ScaffoldDriftChecker.cs:59)
0x00000215715d7253 (Mono JIT Code) CliEntryPoints/<>c:<CheckAllGuardrails>b__19_4 () (at D:/Projects/MindAttic/GridGame2026/Assets/Editor/CliEntryPoints.cs:412)
0x0000021561eccd05 (Mono JIT Code) CliEntryPoints:<CheckAllGuardrails>g__Run|19_0 (string,System.Func`1<int>,CliEntryPoints/<>c__DisplayClass19_0&) (at D:/Projects/MindAttic/GridGame2026/Assets/Editor/CliEntryPoints.cs:397)
0x0000021561ecc3ab (Mono JIT Code) CliEntryPoints:CheckAllGuardrails () (at D:/Projects/MindAttic/GridGame2026/Assets/Editor/CliEntryPoints.cs:412)
0x00000214cc044d65 (Mono JIT Code) (wrapper runtime-invoke) object:runtime_invoke_void (object,intptr,intptr,intptr)
0x00007ff935a46bfe (mono-2.0-bdwgc) mono_jit_runtime_invoke (at C:/build/output/Unity-Technologies/mono/mono/mini/mini-runtime.c:3445)
0x00007ff935988984 (mono-2.0-bdwgc) do_runtime_invoke (at C:/build/output/Unity-Technologies/mono/mono/metadata/object.c:3068)
0x00007ff935988a70 (mono-2.0-bdwgc) mono_runtime_invoke (at C:/build/output/Unity-Technologies/mono/mono/metadata/object.c:3115)
0x00007ff92c465064 (Unity) scripting_method_invoke
0x00007ff92c46bf23 (Unity) ScriptingInvocation::Invoke
0x00007ff92cc9444a (Unity) Application::ParseARGVCommands
0x00007ff92cc8a439 (Unity) Application::FinishLoadingProject
0x00007ff92ca85a6c (Unity) UnityMain
0x00007ff7c7f72f2a (Unity) __scrt_common_main_seh
0x00007ffb19f6e8d7 (KERNEL32) BaseThreadInitThunk
0x00007ffb1b5cc3fc (ntdll) RtlUserThreadStart

Creating missing CircleCollider2D component for TreeInstance in Tree.
0x00007ff92bc2fd3e (Unity) StackWalker::ShowCallstack
0x00007ff92d45e919 (Unity) PlatformStacktrace::GetStacktrace
0x00007ff92d45f19e (Unity) Stacktrace::GetStacktrace
0x00007ff92bbe0d4f (Unity) DebugStringToFile
0x00007ff92c2e6ef1 (Unity) AddComponentByPtr
0x00007ff92c2e7f3a (Unity) AddMissingRequiredComponentsDuringLoad
0x00007ff92d11617e (Unity) CheckGameObjectsAndAddMissingRequiredComponents
0x00007ff92c40846d (Unity) LoadSceneOperation::CompleteAwakeSequence
0x00007ff92c408ecd (Unity) LoadSceneOperation::CompletePreloadManagerLoadSceneEditor
0x00007ff92c409c31 (Unity) LoadSceneOperation::IntegrateMainThread
0x00007ff92c40cb6f (Unity) PreloadManager::UpdatePreloadingSingleStep
0x00007ff92c40d358 (Unity) PreloadManager::WaitForAllAsyncOperationsToComplete
0x00007ff92d077a41 (Unity) EditorSceneManager::RestoreSceneBackups
0x00007ff92d0753fa (Unity) EditorSceneManager::OpenSceneLoaded
0x00007ff92d074113 (Unity) EditorSceneManager::OpenScene
0x00007ff92ca660c5 (Unity) EditorSceneManagerBindings::OpenScene
0x00007ff92c92430e (Unity) EditorSceneManager_CUSTOM_OpenScene
0x00000215715d8c26 (Mono JIT Code) (wrapper managed-to-native) UnityEditor.SceneManagement.EditorSceneManager:OpenScene_Injected (UnityEngine.Bindings.ManagedSpanWrapper&,UnityEditor.SceneManagement.OpenSceneMode,UnityEngine.SceneManagement.Scene&)
0x00000215715d899b (Mono JIT Code) UnityEditor.SceneManagement.EditorSceneManager:OpenScene (string,UnityEditor.SceneManagement.OpenSceneMode)
0x00000215715d85c3 (Mono JIT Code) UnityEditor.SceneManagement.EditorSceneManager:OpenScene (string)
0x00000215715d8453 (Mono JIT Code) ScaffoldDriftChecker:OpenSceneSafe (string) (at D:/Projects/MindAttic/GridGame2026/Assets/Editor/ScaffoldDriftChecker.cs:104)
0x00000215715d74cb (Mono JIT Code) ScaffoldDriftChecker:Verify (System.Collections.Generic.IEnumerable`1<string>) (at D:/Projects/MindAttic/GridGame2026/Assets/Editor/ScaffoldDriftChecker.cs:59)
0x00000215715d7253 (Mono JIT Code) CliEntryPoints/<>c:<CheckAllGuardrails>b__19_4 () (at D:/Projects/MindAttic/GridGame2026/Assets/Editor/CliEntryPoints.cs:412)
0x0000021561eccd05 (Mono JIT Code) CliEntryPoints:<CheckAllGuardrails>g__Run|19_0 (string,System.Func`1<int>,CliEntryPoints/<>c__DisplayClass19_0&) (at D:/Projects/MindAttic/GridGame2026/Assets/Editor/CliEntryPoints.cs:397)
0x0000021561ecc3ab (Mono JIT Code) CliEntryPoints:CheckAllGuardrails () (at D:/Projects/MindAttic/GridGame2026/Assets/Editor/CliEntryPoints.cs:412)
0x00000214cc044d65 (Mono JIT Code) (wrapper runtime-invoke) object:runtime_invoke_void (object,intptr,intptr,intptr)
0x00007ff935a46bfe (mono-2.0-bdwgc) mono_jit_runtime_invoke (at C:/build/output/Unity-Technologies/mono/mono/mini/mini-runtime.c:3445)
0x00007ff935988984 (mono-2.0-bdwgc) do_runtime_invoke (at C:/build/output/Unity-Technologies/mono/mono/metadata/object.c:3068)
0x00007ff935988a70 (mono-2.0-bdwgc) mono_runtime_invoke (at C:/build/output/Unity-Technologies/mono/mono/metadata/object.c:3115)
0x00007ff92c465064 (Unity) scripting_method_invoke
0x00007ff92c46bf23 (Unity) ScriptingInvocation::Invoke
0x00007ff92cc9444a (Unity) Application::ParseARGVCommands
0x00007ff92cc8a439 (Unity) Application::FinishLoadingProject
0x00007ff92ca85a6c (Unity) UnityMain
0x00007ff7c7f72f2a (Unity) __scrt_common_main_seh
0x00007ffb19f6e8d7 (KERNEL32) BaseThreadInitThunk
0x00007ffb1b5cc3fc (ntdll) RtlUserThreadStart

Creating missing Rigidbody2D component for TreeInstance in Tree.
0x00007ff92bc2fd3e (Unity) StackWalker::ShowCallstack
0x00007ff92d45e919 (Unity) PlatformStacktrace::GetStacktrace
0x00007ff92d45f19e (Unity) Stacktrace::GetStacktrace
0x00007ff92bbe0d4f (Unity) DebugStringToFile
0x00007ff92c2e6ef1 (Unity) AddComponentByPtr
0x00007ff92c2e7f3a (Unity) AddMissingRequiredComponentsDuringLoad
0x00007ff92d11617e (Unity) CheckGameObjectsAndAddMissingRequiredComponents
0x00007ff92c40846d (Unity) LoadSceneOperation::CompleteAwakeSequence
0x00007ff92c408ecd (Unity) LoadSceneOperation::CompletePreloadManagerLoadSceneEditor
0x00007ff92c409c31 (Unity) LoadSceneOperation::IntegrateMainThread
0x00007ff92c40cb6f (Unity) PreloadManager::UpdatePreloadingSingleStep
0x00007ff92c40d358 (Unity) PreloadManager::WaitForAllAsyncOperationsToComplete
0x00007ff92d077a41 (Unity) EditorSceneManager::RestoreSceneBackups
0x00007ff92d0753fa (Unity) EditorSceneManager::OpenSceneLoaded
0x00007ff92d074113 (Unity) EditorSceneManager::OpenScene
0x00007ff92ca660c5 (Unity) EditorSceneManagerBindings::OpenScene
0x00007ff92c92430e (Unity) EditorSceneManager_CUSTOM_OpenScene
0x00000215715d8c26 (Mono JIT Code) (wrapper managed-to-native) UnityEditor.SceneManagement.EditorSceneManager:OpenScene_Injected (UnityEngine.Bindings.ManagedSpanWrapper&,UnityEditor.SceneManagement.OpenSceneMode,UnityEngine.SceneManagement.Scene&)
0x00000215715d899b (Mono JIT Code) UnityEditor.SceneManagement.EditorSceneManager:OpenScene (string,UnityEditor.SceneManagement.OpenSceneMode)
0x00000215715d85c3 (Mono JIT Code) UnityEditor.SceneManagement.EditorSceneManager:OpenScene (string)
0x00000215715d8453 (Mono JIT Code) ScaffoldDriftChecker:OpenSceneSafe (string) (at D:/Projects/MindAttic/GridGame2026/Assets/Editor/ScaffoldDriftChecker.cs:104)
0x00000215715d74cb (Mono JIT Code) ScaffoldDriftChecker:Verify (System.Collections.Generic.IEnumerable`1<string>) (at D:/Projects/MindAttic/GridGame2026/Assets/Editor/ScaffoldDriftChecker.cs:59)
0x00000215715d7253 (Mono JIT Code) CliEntryPoints/<>c:<CheckAllGuardrails>b__19_4 () (at D:/Projects/MindAttic/GridGame2026/Assets/Editor/CliEntryPoints.cs:412)
0x0000021561eccd05 (Mono JIT Code) CliEntryPoints:<CheckAllGuardrails>g__Run|19_0 (string,System.Func`1<int>,CliEntryPoints/<>c__DisplayClass19_0&) (at D:/Projects/MindAttic/GridGame2026/Assets/Editor/CliEntryPoints.cs:397)
0x0000021561ecc3ab (Mono JIT Code) CliEntryPoints:CheckAllGuardrails () (at D:/Projects/MindAttic/GridGame2026/Assets/Editor/CliEntryPoints.cs:412)
0x00000214cc044d65 (Mono JIT Code) (wrapper runtime-invoke) object:runtime_invoke_void (object,intptr,intptr,intptr)
0x00007ff935a46bfe (mono-2.0-bdwgc) mono_jit_runtime_invoke (at C:/build/output/Unity-Technologies/mono/mono/mini/mini-runtime.c:3445)
0x00007ff935988984 (mono-2.0-bdwgc) do_runtime_invoke (at C:/build/output/Unity-Technologies/mono/mono/metadata/object.c:3068)
0x00007ff935988a70 (mono-2.0-bdwgc) mono_runtime_invoke (at C:/build/output/Unity-Technologies/mono/mono/metadata/object.c:3115)
0x00007ff92c465064 (Unity) scripting_method_invoke
0x00007ff92c46bf23 (Unity) ScriptingInvocation::Invoke
0x00007ff92cc9444a (Unity) Application::ParseARGVCommands
0x00007ff92cc8a439 (Unity) Application::FinishLoadingProject
0x00007ff92ca85a6c (Unity) UnityMain
0x00007ff7c7f72f2a (Unity) __scrt_common_main_seh
0x00007ffb19f6e8d7 (KERNEL32) BaseThreadInitThunk
0x00007ffb1b5cc3fc (ntdll) RtlUserThreadStart

Creating missing CircleCollider2D component for TreeInstance in Tree.
0x00007ff92bc2fd3e (Unity) StackWalker::ShowCallstack
0x00007ff92d45e919 (Unity) PlatformStacktrace::GetStacktrace
0x00007ff92d45f19e (Unity) Stacktrace::GetStacktrace
0x00007ff92bbe0d4f (Unity) DebugStringToFile
0x00007ff92c2e6ef1 (Unity) AddComponentByPtr
0x00007ff92c2e7f3a (Unity) AddMissingRequiredComponentsDuringLoad
0x00007ff92d11617e (Unity) CheckGameObjectsAndAddMissingRequiredComponents
0x00007ff92c40846d (Unity) LoadSceneOperation::CompleteAwakeSequence
0x00007ff92c408ecd (Unity) LoadSceneOperation::CompletePreloadManagerLoadSceneEditor
0x00007ff92c409c31 (Unity) LoadSceneOperation::IntegrateMainThread
0x00007ff92c40cb6f (Unity) PreloadManager::UpdatePreloadingSingleStep
0x00007ff92c40d358 (Unity) PreloadManager::WaitForAllAsyncOperationsToComplete
0x00007ff92d077a41 (Unity) EditorSceneManager::RestoreSceneBackups
0x00007ff92d0753fa (Unity) EditorSceneManager::OpenSceneLoaded
0x00007ff92d074113 (Unity) EditorSceneManager::OpenScene
0x00007ff92ca660c5 (Unity) EditorSceneManagerBindings::OpenScene
0x00007ff92c92430e (Unity) EditorSceneManager_CUSTOM_OpenScene
0x00000215715d8c26 (Mono JIT Code) (wrapper managed-to-native) UnityEditor.SceneManagement.EditorSceneManager:OpenScene_Injected (UnityEngine.Bindings.ManagedSpanWrapper&,UnityEditor.SceneManagement.OpenSceneMode,UnityEngine.SceneManagement.Scene&)
0x00000215715d899b (Mono JIT Code) UnityEditor.SceneManagement.EditorSceneManager:OpenScene (string,UnityEditor.SceneManagement.OpenSceneMode)
0x00000215715d85c3 (Mono JIT Code) UnityEditor.SceneManagement.EditorSceneManager:OpenScene (string)
0x00000215715d8453 (Mono JIT Code) ScaffoldDriftChecker:OpenSceneSafe (string) (at D:/Projects/MindAttic/GridGame2026/Assets/Editor/ScaffoldDriftChecker.cs:104)
0x00000215715d74cb (Mono JIT Code) ScaffoldDriftChecker:Verify (System.Collections.Generic.IEnumerable`1<string>) (at D:/Projects/MindAttic/GridGame2026/Assets/Editor/ScaffoldDriftChecker.cs:59)
0x00000215715d7253 (Mono JIT Code) CliEntryPoints/<>c:<CheckAllGuardrails>b__19_4 () (at D:/Projects/MindAttic/GridGame2026/Assets/Editor/CliEntryPoints.cs:412)
0x0000021561eccd05 (Mono JIT Code) CliEntryPoints:<CheckAllGuardrails>g__Run|19_0 (string,System.Func`1<int>,CliEntryPoints/<>c__DisplayClass19_0&) (at D:/Projects/MindAttic/GridGame2026/Assets/Editor/CliEntryPoints.cs:397)
0x0000021561ecc3ab (Mono JIT Code) CliEntryPoints:CheckAllGuardrails () (at D:/Projects/MindAttic/GridGame2026/Assets/Editor/CliEntryPoints.cs:412)
0x00000214cc044d65 (Mono JIT Code) (wrapper runtime-invoke) object:runtime_invoke_void (object,intptr,intptr,intptr)
0x00007ff935a46bfe (mono-2.0-bdwgc) mono_jit_runtime_invoke (at C:/build/output/Unity-Technologies/mono/mono/mini/mini-runtime.c:3445)
0x00007ff935988984 (mono-2.0-bdwgc) do_runtime_invoke (at C:/build/output/Unity-Technologies/mono/mono/metadata/object.c:3068)
0x00007ff935988a70 (mono-2.0-bdwgc) mono_runtime_invoke (at C:/build/output/Unity-Technologies/mono/mono/metadata/object.c:3115)
0x00007ff92c465064 (Unity) scripting_method_invoke
0x00007ff92c46bf23 (Unity) ScriptingInvocation::Invoke
0x00007ff92cc9444a (Unity) Application::ParseARGVCommands
0x00007ff92cc8a439 (Unity) Application::FinishLoadingProject
0x00007ff92ca85a6c (Unity) UnityMain
0x00007ff7c7f72f2a (Unity) __scrt_common_main_seh
0x00007ffb19f6e8d7 (KERNEL32) BaseThreadInitThunk
0x00007ffb1b5cc3fc (ntdll) RtlUserThreadStart

Creating missing Rigidbody2D component for TreeInstance in Tree.
0x00007ff92bc2fd3e (Unity) StackWalker::ShowCallstack
0x00007ff92d45e919 (Unity) PlatformStacktrace::GetStacktrace
0x00007ff92d45f19e (Unity) Stacktrace::GetStacktrace
0x00007ff92bbe0d4f (Unity) DebugStringToFile
0x00007ff92c2e6ef1 (Unity) AddComponentByPtr
0x00007ff92c2e7f3a (Unity) AddMissingRequiredComponentsDuringLoad
0x00007ff92d11617e (Unity) CheckGameObjectsAndAddMissingRequiredComponents
0x00007ff92c40846d (Unity) LoadSceneOperation::CompleteAwakeSequence
0x00007ff92c408ecd (Unity) LoadSceneOperation::CompletePreloadManagerLoadSceneEditor
0x00007ff92c409c31 (Unity) LoadSceneOperation::IntegrateMainThread
0x00007ff92c40cb6f (Unity) PreloadManager::UpdatePreloadingSingleStep
0x00007ff92c40d358 (Unity) PreloadManager::WaitForAllAsyncOperationsToComplete
0x00007ff92d077a41 (Unity) EditorSceneManager::RestoreSceneBackups
0x00007ff92d0753fa (Unity) EditorSceneManager::OpenSceneLoaded
0x00007ff92d074113 (Unity) EditorSceneManager::OpenScene
0x00007ff92ca660c5 (Unity) EditorSceneManagerBindings::OpenScene
0x00007ff92c92430e (Unity) EditorSceneManager_CUSTOM_OpenScene
0x00000215715d8c26 (Mono JIT Code) (wrapper managed-to-native) UnityEditor.SceneManagement.EditorSceneManager:OpenScene_Injected (UnityEngine.Bindings.ManagedSpanWrapper&,UnityEditor.SceneManagement.OpenSceneMode,UnityEngine.SceneManagement.Scene&)
0x00000215715d899b (Mono JIT Code) UnityEditor.SceneManagement.EditorSceneManager:OpenScene (string,UnityEditor.SceneManagement.OpenSceneMode)
0x00000215715d85c3 (Mono JIT Code) UnityEditor.SceneManagement.EditorSceneManager:OpenScene (string)
0x00000215715d8453 (Mono JIT Code) ScaffoldDriftChecker:OpenSceneSafe (string) (at D:/Projects/MindAttic/GridGame2026/Assets/Editor/ScaffoldDriftChecker.cs:104)
0x00000215715d74cb (Mono JIT Code) ScaffoldDriftChecker:Verify (System.Collections.Generic.IEnumerable`1<string>) (at D:/Projects/MindAttic/GridGame2026/Assets/Editor/ScaffoldDriftChecker.cs:59)
0x00000215715d7253 (Mono JIT Code) CliEntryPoints/<>c:<CheckAllGuardrails>b__19_4 () (at D:/Projects/MindAttic/GridGame2026/Assets/Editor/CliEntryPoints.cs:412)
0x0000021561eccd05 (Mono JIT Code) CliEntryPoints:<CheckAllGuardrails>g__Run|19_0 (string,System.Func`1<int>,CliEntryPoints/<>c__DisplayClass19_0&) (at D:/Projects/MindAttic/GridGame2026/Assets/Editor/CliEntryPoints.cs:397)
0x0000021561ecc3ab (Mono JIT Code) CliEntryPoints:CheckAllGuardrails () (at D:/Projects/MindAttic/GridGame2026/Assets/Editor/CliEntryPoints.cs:412)
0x00000214cc044d65 (Mono JIT Code) (wrapper runtime-invoke) object:runtime_invoke_void (object,intptr,intptr,intptr)
0x00007ff935a46bfe (mono-2.0-bdwgc) mono_jit_runtime_invoke (at C:/build/output/Unity-Technologies/mono/mono/mini/mini-runtime.c:3445)
0x00007ff935988984 (mono-2.0-bdwgc) do_runtime_invoke (at C:/build/output/Unity-Technologies/mono/mono/metadata/object.c:3068)
0x00007ff935988a70 (mono-2.0-bdwgc) mono_runtime_invoke (at C:/build/output/Unity-Technologies/mono/mono/metadata/object.c:3115)
0x00007ff92c465064 (Unity) scripting_method_invoke
0x00007ff92c46bf23 (Unity) ScriptingInvocation::Invoke
0x00007ff92cc9444a (Unity) Application::ParseARGVCommands
0x00007ff92cc8a439 (Unity) Application::FinishLoadingProject
0x00007ff92ca85a6c (Unity) UnityMain
0x00007ff7c7f72f2a (Unity) __scrt_common_main_seh
0x00007ffb19f6e8d7 (KERNEL32) BaseThreadInitThunk
0x00007ffb1b5cc3fc (ntdll) RtlUserThreadStart

Creating missing CircleCollider2D component for TreeInstance in Tree.
0x00007ff92bc2fd3e (Unity) StackWalker::ShowCallstack
0x00007ff92d45e919 (Unity) PlatformStacktrace::GetStacktrace
0x00007ff92d45f19e (Unity) Stacktrace::GetStacktrace
0x00007ff92bbe0d4f (Unity) DebugStringToFile
0x00007ff92c2e6ef1 (Unity) AddComponentByPtr
0x00007ff92c2e7f3a (Unity) AddMissingRequiredComponentsDuringLoad
0x00007ff92d11617e (Unity) CheckGameObjectsAndAddMissingRequiredComponents
0x00007ff92c40846d (Unity) LoadSceneOperation::CompleteAwakeSequence
0x00007ff92c408ecd (Unity) LoadSceneOperation::CompletePreloadManagerLoadSceneEditor
0x00007ff92c409c31 (Unity) LoadSceneOperation::IntegrateMainThread
0x00007ff92c40cb6f (Unity) PreloadManager::UpdatePreloadingSingleStep
0x00007ff92c40d358 (Unity) PreloadManager::WaitForAllAsyncOperationsToComplete
0x00007ff92d077a41 (Unity) EditorSceneManager::RestoreSceneBackups
0x00007ff92d0753fa (Unity) EditorSceneManager::OpenSceneLoaded
0x00007ff92d074113 (Unity) EditorSceneManager::OpenScene
0x00007ff92ca660c5 (Unity) EditorSceneManagerBindings::OpenScene
0x00007ff92c92430e (Unity) EditorSceneManager_CUSTOM_OpenScene
0x00000215715d8c26 (Mono JIT Code) (wrapper managed-to-native) UnityEditor.SceneManagement.EditorSceneManager:OpenScene_Injected (UnityEngine.Bindings.ManagedSpanWrapper&,UnityEditor.SceneManagement.OpenSceneMode,UnityEngine.SceneManagement.Scene&)
0x00000215715d899b (Mono JIT Code) UnityEditor.SceneManagement.EditorSceneManager:OpenScene (string,UnityEditor.SceneManagement.OpenSceneMode)
0x00000215715d85c3 (Mono JIT Code) UnityEditor.SceneManagement.EditorSceneManager:OpenScene (string)
0x00000215715d8453 (Mono JIT Code) ScaffoldDriftChecker:OpenSceneSafe (string) (at D:/Projects/MindAttic/GridGame2026/Assets/Editor/ScaffoldDriftChecker.cs:104)
0x00000215715d74cb (Mono JIT Code) ScaffoldDriftChecker:Verify (System.Collections.Generic.IEnumerable`1<string>) (at D:/Projects/MindAttic/GridGame2026/Assets/Editor/ScaffoldDriftChecker.cs:59)
0x00000215715d7253 (Mono JIT Code) CliEntryPoints/<>c:<CheckAllGuardrails>b__19_4 () (at D:/Projects/MindAttic/GridGame2026/Assets/Editor/CliEntryPoints.cs:412)
0x0000021561eccd05 (Mono JIT Code) CliEntryPoints:<CheckAllGuardrails>g__Run|19_0 (string,System.Func`1<int>,CliEntryPoints/<>c__DisplayClass19_0&) (at D:/Projects/MindAttic/GridGame2026/Assets/Editor/CliEntryPoints.cs:397)
0x0000021561ecc3ab (Mono JIT Code) CliEntryPoints:CheckAllGuardrails () (at D:/Projects/MindAttic/GridGame2026/Assets/Editor/CliEntryPoints.cs:412)
0x00000214cc044d65 (Mono JIT Code) (wrapper runtime-invoke) object:runtime_invoke_void (object,intptr,intptr,intptr)
0x00007ff935a46bfe (mono-2.0-bdwgc) mono_jit_runtime_invoke (at C:/build/output/Unity-Technologies/mono/mono/mini/mini-runtime.c:3445)
0x00007ff935988984 (mono-2.0-bdwgc) do_runtime_invoke (at C:/build/output/Unity-Technologies/mono/mono/metadata/object.c:3068)
0x00007ff935988a70 (mono-2.0-bdwgc) mono_runtime_invoke (at C:/build/output/Unity-Technologies/mono/mono/metadata/object.c:3115)
0x00007ff92c465064 (Unity) scripting_method_invoke
0x00007ff92c46bf23 (Unity) ScriptingInvocation::Invoke
0x00007ff92cc9444a (Unity) Application::ParseARGVCommands
0x00007ff92cc8a439 (Unity) Application::FinishLoadingProject
0x00007ff92ca85a6c (Unity) UnityMain
0x00007ff7c7f72f2a (Unity) __scrt_common_main_seh
0x00007ffb19f6e8d7 (KERNEL32) BaseThreadInitThunk
0x00007ffb1b5cc3fc (ntdll) RtlUserThreadStart

Creating missing Rigidbody2D component for TreeInstance in Tree.
0x00007ff92bc2fd3e (Unity) StackWalker::ShowCallstack
0x00007ff92d45e919 (Unity) PlatformStacktrace::GetStacktrace
0x00007ff92d45f19e (Unity) Stacktrace::GetStacktrace
0x00007ff92bbe0d4f (Unity) DebugStringToFile
0x00007ff92c2e6ef1 (Unity) AddComponentByPtr
0x00007ff92c2e7f3a (Unity) AddMissingRequiredComponentsDuringLoad
0x00007ff92d11617e (Unity) CheckGameObjectsAndAddMissingRequiredComponents
0x00007ff92c40846d (Unity) LoadSceneOperation::CompleteAwakeSequence
0x00007ff92c408ecd (Unity) LoadSceneOperation::CompletePreloadManagerLoadSceneEditor
0x00007ff92c409c31 (Unity) LoadSceneOperation::IntegrateMainThread
0x00007ff92c40cb6f (Unity) PreloadManager::UpdatePreloadingSingleStep
0x00007ff92c40d358 (Unity) PreloadManager::WaitForAllAsyncOperationsToComplete
0x00007ff92d077a41 (Unity) EditorSceneManager::RestoreSceneBackups
0x00007ff92d0753fa (Unity) EditorSceneManager::OpenSceneLoaded
0x00007ff92d074113 (Unity) EditorSceneManager::OpenScene
0x00007ff92ca660c5 (Unity) EditorSceneManagerBindings::OpenScene
0x00007ff92c92430e (Unity) EditorSceneManager_CUSTOM_OpenScene
0x00000215715d8c26 (Mono JIT Code) (wrapper managed-to-native) UnityEditor.SceneManagement.EditorSceneManager:OpenScene_Injected (UnityEngine.Bindings.ManagedSpanWrapper&,UnityEditor.SceneManagement.OpenSceneMode,UnityEngine.SceneManagement.Scene&)
0x00000215715d899b (Mono JIT Code) UnityEditor.SceneManagement.EditorSceneManager:OpenScene (string,UnityEditor.SceneManagement.OpenSceneMode)
0x00000215715d85c3 (Mono JIT Code) UnityEditor.SceneManagement.EditorSceneManager:OpenScene (string)
0x00000215715d8453 (Mono JIT Code) ScaffoldDriftChecker:OpenSceneSafe (string) (at D:/Projects/MindAttic/GridGame2026/Assets/Editor/ScaffoldDriftChecker.cs:104)
0x00000215715d74cb (Mono JIT Code) ScaffoldDriftChecker:Verify (System.Collections.Generic.IEnumerable`1<string>) (at D:/Projects/MindAttic/GridGame2026/Assets/Editor/ScaffoldDriftChecker.cs:59)
0x00000215715d7253 (Mono JIT Code) CliEntryPoints/<>c:<CheckAllGuardrails>b__19_4 () (at D:/Projects/MindAttic/GridGame2026/Assets/Editor/CliEntryPoints.cs:412)
0x0000021561eccd05 (Mono JIT Code) CliEntryPoints:<CheckAllGuardrails>g__Run|19_0 (string,System.Func`1<int>,CliEntryPoints/<>c__DisplayClass19_0&) (at D:/Projects/MindAttic/GridGame2026/Assets/Editor/CliEntryPoints.cs:397)
0x0000021561ecc3ab (Mono JIT Code) CliEntryPoints:CheckAllGuardrails () (at D:/Projects/MindAttic/GridGame2026/Assets/Editor/CliEntryPoints.cs:412)
0x00000214cc044d65 (Mono JIT Code) (wrapper runtime-invoke) object:runtime_invoke_void (object,intptr,intptr,intptr)
0x00007ff935a46bfe (mono-2.0-bdwgc) mono_jit_runtime_invoke (at C:/build/output/Unity-Technologies/mono/mono/mini/mini-runtime.c:3445)
0x00007ff935988984 (mono-2.0-bdwgc) do_runtime_invoke (at C:/build/output/Unity-Technologies/mono/mono/metadata/object.c:3068)
0x00007ff935988a70 (mono-2.0-bdwgc) mono_runtime_invoke (at C:/build/output/Unity-Technologies/mono/mono/metadata/object.c:3115)
0x00007ff92c465064 (Unity) scripting_method_invoke
0x00007ff92c46bf23 (Unity) ScriptingInvocation::Invoke
0x00007ff92cc9444a (Unity) Application::ParseARGVCommands
0x00007ff92cc8a439 (Unity) Application::FinishLoadingProject
0x00007ff92ca85a6c (Unity) UnityMain
0x00007ff7c7f72f2a (Unity) __scrt_common_main_seh
0x00007ffb19f6e8d7 (KERNEL32) BaseThreadInitThunk
0x00007ffb1b5cc3fc (ntdll) RtlUserThreadStart

Creating missing CircleCollider2D component for TreeInstance in Tree.
0x00007ff92bc2fd3e (Unity) StackWalker::ShowCallstack
0x00007ff92d45e919 (Unity) PlatformStacktrace::GetStacktrace
0x00007ff92d45f19e (Unity) Stacktrace::GetStacktrace
0x00007ff92bbe0d4f (Unity) DebugStringToFile
0x00007ff92c2e6ef1 (Unity) AddComponentByPtr
0x00007ff92c2e7f3a (Unity) AddMissingRequiredComponentsDuringLoad
0x00007ff92d11617e (Unity) CheckGameObjectsAndAddMissingRequiredComponents
0x00007ff92c40846d (Unity) LoadSceneOperation::CompleteAwakeSequence
0x00007ff92c408ecd (Unity) LoadSceneOperation::CompletePreloadManagerLoadSceneEditor
0x00007ff92c409c31 (Unity) LoadSceneOperation::IntegrateMainThread
0x00007ff92c40cb6f (Unity) PreloadManager::UpdatePreloadingSingleStep
0x00007ff92c40d358 (Unity) PreloadManager::WaitForAllAsyncOperationsToComplete
0x00007ff92d077a41 (Unity) EditorSceneManager::RestoreSceneBackups
0x00007ff92d0753fa (Unity) EditorSceneManager::OpenSceneLoaded
0x00007ff92d074113 (Unity) EditorSceneManager::OpenScene
0x00007ff92ca660c5 (Unity) EditorSceneManagerBindings::OpenScene
0x00007ff92c92430e (Unity) EditorSceneManager_CUSTOM_OpenScene
0x00000215715d8c26 (Mono JIT Code) (wrapper managed-to-native) UnityEditor.SceneManagement.EditorSceneManager:OpenScene_Injected (UnityEngine.Bindings.ManagedSpanWrapper&,UnityEditor.SceneManagement.OpenSceneMode,UnityEngine.SceneManagement.Scene&)
0x00000215715d899b (Mono JIT Code) UnityEditor.SceneManagement.EditorSceneManager:OpenScene (string,UnityEditor.SceneManagement.OpenSceneMode)
0x00000215715d85c3 (Mono JIT Code) UnityEditor.SceneManagement.EditorSceneManager:OpenScene (string)
0x00000215715d8453 (Mono JIT Code) ScaffoldDriftChecker:OpenSceneSafe (string) (at D:/Projects/MindAttic/GridGame2026/Assets/Editor/ScaffoldDriftChecker.cs:104)
0x00000215715d74cb (Mono JIT Code) ScaffoldDriftChecker:Verify (System.Collections.Generic.IEnumerable`1<string>) (at D:/Projects/MindAttic/GridGame2026/Assets/Editor/ScaffoldDriftChecker.cs:59)
0x00000215715d7253 (Mono JIT Code) CliEntryPoints/<>c:<CheckAllGuardrails>b__19_4 () (at D:/Projects/MindAttic/GridGame2026/Assets/Editor/CliEntryPoints.cs:412)
0x0000021561eccd05 (Mono JIT Code) CliEntryPoints:<CheckAllGuardrails>g__Run|19_0 (string,System.Func`1<int>,CliEntryPoints/<>c__DisplayClass19_0&) (at D:/Projects/MindAttic/GridGame2026/Assets/Editor/CliEntryPoints.cs:397)
0x0000021561ecc3ab (Mono JIT Code) CliEntryPoints:CheckAllGuardrails () (at D:/Projects/MindAttic/GridGame2026/Assets/Editor/CliEntryPoints.cs:412)
0x00000214cc044d65 (Mono JIT Code) (wrapper runtime-invoke) object:runtime_invoke_void (object,intptr,intptr,intptr)
0x00007ff935a46bfe (mono-2.0-bdwgc) mono_jit_runtime_invoke (at C:/build/output/Unity-Technologies/mono/mono/mini/mini-runtime.c:3445)
0x00007ff935988984 (mono-2.0-bdwgc) do_runtime_invoke (at C:/build/output/Unity-Technologies/mono/mono/metadata/object.c:3068)
0x00007ff935988a70 (mono-2.0-bdwgc) mono_runtime_invoke (at C:/build/output/Unity-Technologies/mono/mono/metadata/object.c:3115)
0x00007ff92c465064 (Unity) scripting_method_invoke
0x00007ff92c46bf23 (Unity) ScriptingInvocation::Invoke
0x00007ff92cc9444a (Unity) Application::ParseARGVCommands
0x00007ff92cc8a439 (Unity) Application::FinishLoadingProject
0x00007ff92ca85a6c (Unity) UnityMain
0x00007ff7c7f72f2a (Unity) __scrt_common_main_seh
0x00007ffb19f6e8d7 (KERNEL32) BaseThreadInitThunk
0x00007ffb1b5cc3fc (ntdll) RtlUserThreadStart

Creating missing Rigidbody2D component for TreeInstance in Tree.
0x00007ff92bc2fd3e (Unity) StackWalker::ShowCallstack
0x00007ff92d45e919 (Unity) PlatformStacktrace::GetStacktrace
0x00007ff92d45f19e (Unity) Stacktrace::GetStacktrace
0x00007ff92bbe0d4f (Unity) DebugStringToFile
0x00007ff92c2e6ef1 (Unity) AddComponentByPtr
0x00007ff92c2e7f3a (Unity) AddMissingRequiredComponentsDuringLoad
0x00007ff92d11617e (Unity) CheckGameObjectsAndAddMissingRequiredComponents
0x00007ff92c40846d (Unity) LoadSceneOperation::CompleteAwakeSequence
0x00007ff92c408ecd (Unity) LoadSceneOperation::CompletePreloadManagerLoadSceneEditor
0x00007ff92c409c31 (Unity) LoadSceneOperation::IntegrateMainThread
0x00007ff92c40cb6f (Unity) PreloadManager::UpdatePreloadingSingleStep
0x00007ff92c40d358 (Unity) PreloadManager::WaitForAllAsyncOperationsToComplete
0x00007ff92d077a41 (Unity) EditorSceneManager::RestoreSceneBackups
0x00007ff92d0753fa (Unity) EditorSceneManager::OpenSceneLoaded
0x00007ff92d074113 (Unity) EditorSceneManager::OpenScene
0x00007ff92ca660c5 (Unity) EditorSceneManagerBindings::OpenScene
0x00007ff92c92430e (Unity) EditorSceneManager_CUSTOM_OpenScene
0x00000215715d8c26 (Mono JIT Code) (wrapper managed-to-native) UnityEditor.SceneManagement.EditorSceneManager:OpenScene_Injected (UnityEngine.Bindings.ManagedSpanWrapper&,UnityEditor.SceneManagement.OpenSceneMode,UnityEngine.SceneManagement.Scene&)
0x00000215715d899b (Mono JIT Code) UnityEditor.SceneManagement.EditorSceneManager:OpenScene (string,UnityEditor.SceneManagement.OpenSceneMode)
0x00000215715d85c3 (Mono JIT Code) UnityEditor.SceneManagement.EditorSceneManager:OpenScene (string)
0x00000215715d8453 (Mono JIT Code) ScaffoldDriftChecker:OpenSceneSafe (string) (at D:/Projects/MindAttic/GridGame2026/Assets/Editor/ScaffoldDriftChecker.cs:104)
0x00000215715d74cb (Mono JIT Code) ScaffoldDriftChecker:Verify (System.Collections.Generic.IEnumerable`1<string>) (at D:/Projects/MindAttic/GridGame2026/Assets/Editor/ScaffoldDriftChecker.cs:59)
0x00000215715d7253 (Mono JIT Code) CliEntryPoints/<>c:<CheckAllGuardrails>b__19_4 () (at D:/Projects/MindAttic/GridGame2026/Assets/Editor/CliEntryPoints.cs:412)
0x0000021561eccd05 (Mono JIT Code) CliEntryPoints:<CheckAllGuardrails>g__Run|19_0 (string,System.Func`1<int>,CliEntryPoints/<>c__DisplayClass19_0&) (at D:/Projects/MindAttic/GridGame2026/Assets/Editor/CliEntryPoints.cs:397)
0x0000021561ecc3ab (Mono JIT Code) CliEntryPoints:CheckAllGuardrails () (at D:/Projects/MindAttic/GridGame2026/Assets/Editor/CliEntryPoints.cs:412)
0x00000214cc044d65 (Mono JIT Code) (wrapper runtime-invoke) object:runtime_invoke_void (object,intptr,intptr,intptr)
0x00007ff935a46bfe (mono-2.0-bdwgc) mono_jit_runtime_invoke (at C:/build/output/Unity-Technologies/mono/mono/mini/mini-runtime.c:3445)
0x00007ff935988984 (mono-2.0-bdwgc) do_runtime_invoke (at C:/build/output/Unity-Technologies/mono/mono/metadata/object.c:3068)
0x00007ff935988a70 (mono-2.0-bdwgc) mono_runtime_invoke (at C:/build/output/Unity-Technologies/mono/mono/metadata/object.c:3115)
0x00007ff92c465064 (Unity) scripting_method_invoke
0x00007ff92c46bf23 (Unity) ScriptingInvocation::Invoke
0x00007ff92cc9444a (Unity) Application::ParseARGVCommands
0x00007ff92cc8a439 (Unity) Application::FinishLoadingProject
0x00007ff92ca85a6c (Unity) UnityMain
0x00007ff7c7f72f2a (Unity) __scrt_common_main_seh
0x00007ffb19f6e8d7 (KERNEL32) BaseThreadInitThunk
0x00007ffb1b5cc3fc (ntdll) RtlUserThreadStart

Creating missing CircleCollider2D component for TreeInstance in Tree.
0x00007ff92bc2fd3e (Unity) StackWalker::ShowCallstack
0x00007ff92d45e919 (Unity) PlatformStacktrace::GetStacktrace
0x00007ff92d45f19e (Unity) Stacktrace::GetStacktrace
0x00007ff92bbe0d4f (Unity) DebugStringToFile
0x00007ff92c2e6ef1 (Unity) AddComponentByPtr
0x00007ff92c2e7f3a (Unity) AddMissingRequiredComponentsDuringLoad
0x00007ff92d11617e (Unity) CheckGameObjectsAndAddMissingRequiredComponents
0x00007ff92c40846d (Unity) LoadSceneOperation::CompleteAwakeSequence
0x00007ff92c408ecd (Unity) LoadSceneOperation::CompletePreloadManagerLoadSceneEditor
0x00007ff92c409c31 (Unity) LoadSceneOperation::IntegrateMainThread
0x00007ff92c40cb6f (Unity) PreloadManager::UpdatePreloadingSingleStep
0x00007ff92c40d358 (Unity) PreloadManager::WaitForAllAsyncOperationsToComplete
0x00007ff92d077a41 (Unity) EditorSceneManager::RestoreSceneBackups
0x00007ff92d0753fa (Unity) EditorSceneManager::OpenSceneLoaded
0x00007ff92d074113 (Unity) EditorSceneManager::OpenScene
0x00007ff92ca660c5 (Unity) EditorSceneManagerBindings::OpenScene
0x00007ff92c92430e (Unity) EditorSceneManager_CUSTOM_OpenScene
0x00000215715d8c26 (Mono JIT Code) (wrapper managed-to-native) UnityEditor.SceneManagement.EditorSceneManager:OpenScene_Injected (UnityEngine.Bindings.ManagedSpanWrapper&,UnityEditor.SceneManagement.OpenSceneMode,UnityEngine.SceneManagement.Scene&)
0x00000215715d899b (Mono JIT Code) UnityEditor.SceneManagement.EditorSceneManager:OpenScene (string,UnityEditor.SceneManagement.OpenSceneMode)
0x00000215715d85c3 (Mono JIT Code) UnityEditor.SceneManagement.EditorSceneManager:OpenScene (string)
0x00000215715d8453 (Mono JIT Code) ScaffoldDriftChecker:OpenSceneSafe (string) (at D:/Projects/MindAttic/GridGame2026/Assets/Editor/ScaffoldDriftChecker.cs:104)
0x00000215715d74cb (Mono JIT Code) ScaffoldDriftChecker:Verify (System.Collections.Generic.IEnumerable`1<string>) (at D:/Projects/MindAttic/GridGame2026/Assets/Editor/ScaffoldDriftChecker.cs:59)
0x00000215715d7253 (Mono JIT Code) CliEntryPoints/<>c:<CheckAllGuardrails>b__19_4 () (at D:/Projects/MindAttic/GridGame2026/Assets/Editor/CliEntryPoints.cs:412)
0x0000021561eccd05 (Mono JIT Code) CliEntryPoints:<CheckAllGuardrails>g__Run|19_0 (string,System.Func`1<int>,CliEntryPoints/<>c__DisplayClass19_0&) (at D:/Projects/MindAttic/GridGame2026/Assets/Editor/CliEntryPoints.cs:397)
0x0000021561ecc3ab (Mono JIT Code) CliEntryPoints:CheckAllGuardrails () (at D:/Projects/MindAttic/GridGame2026/Assets/Editor/CliEntryPoints.cs:412)
0x00000214cc044d65 (Mono JIT Code) (wrapper runtime-invoke) object:runtime_invoke_void (object,intptr,intptr,intptr)
0x00007ff935a46bfe (mono-2.0-bdwgc) mono_jit_runtime_invoke (at C:/build/output/Unity-Technologies/mono/mono/mini/mini-runtime.c:3445)
0x00007ff935988984 (mono-2.0-bdwgc) do_runtime_invoke (at C:/build/output/Unity-Technologies/mono/mono/metadata/object.c:3068)
0x00007ff935988a70 (mono-2.0-bdwgc) mono_runtime_invoke (at C:/build/output/Unity-Technologies/mono/mono/metadata/object.c:3115)
0x00007ff92c465064 (Unity) scripting_method_invoke
0x00007ff92c46bf23 (Unity) ScriptingInvocation::Invoke
0x00007ff92cc9444a (Unity) Application::ParseARGVCommands
0x00007ff92cc8a439 (Unity) Application::FinishLoadingProject
0x00007ff92ca85a6c (Unity) UnityMain
0x00007ff7c7f72f2a (Unity) __scrt_common_main_seh
0x00007ffb19f6e8d7 (KERNEL32) BaseThreadInitThunk
0x00007ffb1b5cc3fc (ntdll) RtlUserThreadStart

Creating missing Rigidbody2D component for TreeInstance in Tree.
0x00007ff92bc2fd3e (Unity) StackWalker::ShowCallstack
0x00007ff92d45e919 (Unity) PlatformStacktrace::GetStacktrace
0x00007ff92d45f19e (Unity) Stacktrace::GetStacktrace
0x00007ff92bbe0d4f (Unity) DebugStringToFile
0x00007ff92c2e6ef1 (Unity) AddComponentByPtr
0x00007ff92c2e7f3a (Unity) AddMissingRequiredComponentsDuringLoad
0x00007ff92d11617e (Unity) CheckGameObjectsAndAddMissingRequiredComponents
0x00007ff92c40846d (Unity) LoadSceneOperation::CompleteAwakeSequence
0x00007ff92c408ecd (Unity) LoadSceneOperation::CompletePreloadManagerLoadSceneEditor
0x00007ff92c409c31 (Unity) LoadSceneOperation::IntegrateMainThread
0x00007ff92c40cb6f (Unity) PreloadManager::UpdatePreloadingSingleStep
0x00007ff92c40d358 (Unity) PreloadManager::WaitForAllAsyncOperationsToComplete
0x00007ff92d077a41 (Unity) EditorSceneManager::RestoreSceneBackups
0x00007ff92d0753fa (Unity) EditorSceneManager::OpenSceneLoaded
0x00007ff92d074113 (Unity) EditorSceneManager::OpenScene
0x00007ff92ca660c5 (Unity) EditorSceneManagerBindings::OpenScene
0x00007ff92c92430e (Unity) EditorSceneManager_CUSTOM_OpenScene
0x00000215715d8c26 (Mono JIT Code) (wrapper managed-to-native) UnityEditor.SceneManagement.EditorSceneManager:OpenScene_Injected (UnityEngine.Bindings.ManagedSpanWrapper&,UnityEditor.SceneManagement.OpenSceneMode,UnityEngine.SceneManagement.Scene&)
0x00000215715d899b (Mono JIT Code) UnityEditor.SceneManagement.EditorSceneManager:OpenScene (string,UnityEditor.SceneManagement.OpenSceneMode)
0x00000215715d85c3 (Mono JIT Code) UnityEditor.SceneManagement.EditorSceneManager:OpenScene (string)
0x00000215715d8453 (Mono JIT Code) ScaffoldDriftChecker:OpenSceneSafe (string) (at D:/Projects/MindAttic/GridGame2026/Assets/Editor/ScaffoldDriftChecker.cs:104)
0x00000215715d74cb (Mono JIT Code) ScaffoldDriftChecker:Verify (System.Collections.Generic.IEnumerable`1<string>) (at D:/Projects/MindAttic/GridGame2026/Assets/Editor/ScaffoldDriftChecker.cs:59)
0x00000215715d7253 (Mono JIT Code) CliEntryPoints/<>c:<CheckAllGuardrails>b__19_4 () (at D:/Projects/MindAttic/GridGame2026/Assets/Editor/CliEntryPoints.cs:412)
0x0000021561eccd05 (Mono JIT Code) CliEntryPoints:<CheckAllGuardrails>g__Run|19_0 (string,System.Func`1<int>,CliEntryPoints/<>c__DisplayClass19_0&) (at D:/Projects/MindAttic/GridGame2026/Assets/Editor/CliEntryPoints.cs:397)
0x0000021561ecc3ab (Mono JIT Code) CliEntryPoints:CheckAllGuardrails () (at D:/Projects/MindAttic/GridGame2026/Assets/Editor/CliEntryPoints.cs:412)
0x00000214cc044d65 (Mono JIT Code) (wrapper runtime-invoke) object:runtime_invoke_void (object,intptr,intptr,intptr)
0x00007ff935a46bfe (mono-2.0-bdwgc) mono_jit_runtime_invoke (at C:/build/output/Unity-Technologies/mono/mono/mini/mini-runtime.c:3445)
0x00007ff935988984 (mono-2.0-bdwgc) do_runtime_invoke (at C:/build/output/Unity-Technologies/mono/mono/metadata/object.c:3068)
0x00007ff935988a70 (mono-2.0-bdwgc) mono_runtime_invoke (at C:/build/output/Unity-Technologies/mono/mono/metadata/object.c:3115)
0x00007ff92c465064 (Unity) scripting_method_invoke
0x00007ff92c46bf23 (Unity) ScriptingInvocation::Invoke
0x00007ff92cc9444a (Unity) Application::ParseARGVCommands
0x00007ff92cc8a439 (Unity) Application::FinishLoadingProject
0x00007ff92ca85a6c (Unity) UnityMain
0x00007ff7c7f72f2a (Unity) __scrt_common_main_seh
0x00007ffb19f6e8d7 (KERNEL32) BaseThreadInitThunk
0x00007ffb1b5cc3fc (ntdll) RtlUserThreadStart

Creating missing CircleCollider2D component for TreeInstance in Tree.
0x00007ff92bc2fd3e (Unity) StackWalker::ShowCallstack
0x00007ff92d45e919 (Unity) PlatformStacktrace::GetStacktrace
0x00007ff92d45f19e (Unity) Stacktrace::GetStacktrace
0x00007ff92bbe0d4f (Unity) DebugStringToFile
0x00007ff92c2e6ef1 (Unity) AddComponentByPtr
0x00007ff92c2e7f3a (Unity) AddMissingRequiredComponentsDuringLoad
0x00007ff92d11617e (Unity) CheckGameObjectsAndAddMissingRequiredComponents
0x00007ff92c40846d (Unity) LoadSceneOperation::CompleteAwakeSequence
0x00007ff92c408ecd (Unity) LoadSceneOperation::CompletePreloadManagerLoadSceneEditor
0x00007ff92c409c31 (Unity) LoadSceneOperation::IntegrateMainThread
0x00007ff92c40cb6f (Unity) PreloadManager::UpdatePreloadingSingleStep
0x00007ff92c40d358 (Unity) PreloadManager::WaitForAllAsyncOperationsToComplete
0x00007ff92d077a41 (Unity) EditorSceneManager::RestoreSceneBackups
0x00007ff92d0753fa (Unity) EditorSceneManager::OpenSceneLoaded
0x00007ff92d074113 (Unity) EditorSceneManager::OpenScene
0x00007ff92ca660c5 (Unity) EditorSceneManagerBindings::OpenScene
0x00007ff92c92430e (Unity) EditorSceneManager_CUSTOM_OpenScene
0x00000215715d8c26 (Mono JIT Code) (wrapper managed-to-native) UnityEditor.SceneManagement.EditorSceneManager:OpenScene_Injected (UnityEngine.Bindings.ManagedSpanWrapper&,UnityEditor.SceneManagement.OpenSceneMode,UnityEngine.SceneManagement.Scene&)
0x00000215715d899b (Mono JIT Code) UnityEditor.SceneManagement.EditorSceneManager:OpenScene (string,UnityEditor.SceneManagement.OpenSceneMode)
0x00000215715d85c3 (Mono JIT Code) UnityEditor.SceneManagement.EditorSceneManager:OpenScene (string)
0x00000215715d8453 (Mono JIT Code) ScaffoldDriftChecker:OpenSceneSafe (string) (at D:/Projects/MindAttic/GridGame2026/Assets/Editor/ScaffoldDriftChecker.cs:104)
0x00000215715d74cb (Mono JIT Code) ScaffoldDriftChecker:Verify (System.Collections.Generic.IEnumerable`1<string>) (at D:/Projects/MindAttic/GridGame2026/Assets/Editor/ScaffoldDriftChecker.cs:59)
0x00000215715d7253 (Mono JIT Code) CliEntryPoints/<>c:<CheckAllGuardrails>b__19_4 () (at D:/Projects/MindAttic/GridGame2026/Assets/Editor/CliEntryPoints.cs:412)
0x0000021561eccd05 (Mono JIT Code) CliEntryPoints:<CheckAllGuardrails>g__Run|19_0 (string,System.Func`1<int>,CliEntryPoints/<>c__DisplayClass19_0&) (at D:/Projects/MindAttic/GridGame2026/Assets/Editor/CliEntryPoints.cs:397)
0x0000021561ecc3ab (Mono JIT Code) CliEntryPoints:CheckAllGuardrails () (at D:/Projects/MindAttic/GridGame2026/Assets/Editor/CliEntryPoints.cs:412)
0x00000214cc044d65 (Mono JIT Code) (wrapper runtime-invoke) object:runtime_invoke_void (object,intptr,intptr,intptr)
0x00007ff935a46bfe (mono-2.0-bdwgc) mono_jit_runtime_invoke (at C:/build/output/Unity-Technologies/mono/mono/mini/mini-runtime.c:3445)
0x00007ff935988984 (mono-2.0-bdwgc) do_runtime_invoke (at C:/build/output/Unity-Technologies/mono/mono/metadata/object.c:3068)
0x00007ff935988a70 (mono-2.0-bdwgc) mono_runtime_invoke (at C:/build/output/Unity-Technologies/mono/mono/metadata/object.c:3115)
0x00007ff92c465064 (Unity) scripting_method_invoke
0x00007ff92c46bf23 (Unity) ScriptingInvocation::Invoke
0x00007ff92cc9444a (Unity) Application::ParseARGVCommands
0x00007ff92cc8a439 (Unity) Application::FinishLoadingProject
0x00007ff92ca85a6c (Unity) UnityMain
0x00007ff7c7f72f2a (Unity) __scrt_common_main_seh
0x00007ffb19f6e8d7 (KERNEL32) BaseThreadInitThunk
0x00007ffb1b5cc3fc (ntdll) RtlUserThreadStart

Creating missing Rigidbody2D component for TreeInstance in Tree.
0x00007ff92bc2fd3e (Unity) StackWalker::ShowCallstack
0x00007ff92d45e919 (Unity) PlatformStacktrace::GetStacktrace
0x00007ff92d45f19e (Unity) Stacktrace::GetStacktrace
0x00007ff92bbe0d4f (Unity) DebugStringToFile
0x00007ff92c2e6ef1 (Unity) AddComponentByPtr
0x00007ff92c2e7f3a (Unity) AddMissingRequiredComponentsDuringLoad
0x00007ff92d11617e (Unity) CheckGameObjectsAndAddMissingRequiredComponents
0x00007ff92c40846d (Unity) LoadSceneOperation::CompleteAwakeSequence
0x00007ff92c408ecd (Unity) LoadSceneOperation::CompletePreloadManagerLoadSceneEditor
0x00007ff92c409c31 (Unity) LoadSceneOperation::IntegrateMainThread
0x00007ff92c40cb6f (Unity) PreloadManager::UpdatePreloadingSingleStep
0x00007ff92c40d358 (Unity) PreloadManager::WaitForAllAsyncOperationsToComplete
0x00007ff92d077a41 (Unity) EditorSceneManager::RestoreSceneBackups
0x00007ff92d0753fa (Unity) EditorSceneManager::OpenSceneLoaded
0x00007ff92d074113 (Unity) EditorSceneManager::OpenScene
0x00007ff92ca660c5 (Unity) EditorSceneManagerBindings::OpenScene
0x00007ff92c92430e (Unity) EditorSceneManager_CUSTOM_OpenScene
0x00000215715d8c26 (Mono JIT Code) (wrapper managed-to-native) UnityEditor.SceneManagement.EditorSceneManager:OpenScene_Injected (UnityEngine.Bindings.ManagedSpanWrapper&,UnityEditor.SceneManagement.OpenSceneMode,UnityEngine.SceneManagement.Scene&)
0x00000215715d899b (Mono JIT Code) UnityEditor.SceneManagement.EditorSceneManager:OpenScene (string,UnityEditor.SceneManagement.OpenSceneMode)
0x00000215715d85c3 (Mono JIT Code) UnityEditor.SceneManagement.EditorSceneManager:OpenScene (string)
0x00000215715d8453 (Mono JIT Code) ScaffoldDriftChecker:OpenSceneSafe (string) (at D:/Projects/MindAttic/GridGame2026/Assets/Editor/ScaffoldDriftChecker.cs:104)
0x00000215715d74cb (Mono JIT Code) ScaffoldDriftChecker:Verify (System.Collections.Generic.IEnumerable`1<string>) (at D:/Projects/MindAttic/GridGame2026/Assets/Editor/ScaffoldDriftChecker.cs:59)
0x00000215715d7253 (Mono JIT Code) CliEntryPoints/<>c:<CheckAllGuardrails>b__19_4 () (at D:/Projects/MindAttic/GridGame2026/Assets/Editor/CliEntryPoints.cs:412)
0x0000021561eccd05 (Mono JIT Code) CliEntryPoints:<CheckAllGuardrails>g__Run|19_0 (string,System.Func`1<int>,CliEntryPoints/<>c__DisplayClass19_0&) (at D:/Projects/MindAttic/GridGame2026/Assets/Editor/CliEntryPoints.cs:397)
0x0000021561ecc3ab (Mono JIT Code) CliEntryPoints:CheckAllGuardrails () (at D:/Projects/MindAttic/GridGame2026/Assets/Editor/CliEntryPoints.cs:412)
0x00000214cc044d65 (Mono JIT Code) (wrapper runtime-invoke) object:runtime_invoke_void (object,intptr,intptr,intptr)
0x00007ff935a46bfe (mono-2.0-bdwgc) mono_jit_runtime_invoke (at C:/build/output/Unity-Technologies/mono/mono/mini/mini-runtime.c:3445)
0x00007ff935988984 (mono-2.0-bdwgc) do_runtime_invoke (at C:/build/output/Unity-Technologies/mono/mono/metadata/object.c:3068)
0x00007ff935988a70 (mono-2.0-bdwgc) mono_runtime_invoke (at C:/build/output/Unity-Technologies/mono/mono/metadata/object.c:3115)
0x00007ff92c465064 (Unity) scripting_method_invoke
0x00007ff92c46bf23 (Unity) ScriptingInvocation::Invoke
0x00007ff92cc9444a (Unity) Application::ParseARGVCommands
0x00007ff92cc8a439 (Unity) Application::FinishLoadingProject
0x00007ff92ca85a6c (Unity) UnityMain
0x00007ff7c7f72f2a (Unity) __scrt_common_main_seh
0x00007ffb19f6e8d7 (KERNEL32) BaseThreadInitThunk
0x00007ffb1b5cc3fc (ntdll) RtlUserThreadStart

Creating missing CircleCollider2D component for TreeInstance in Tree.
0x00007ff92bc2fd3e (Unity) StackWalker::ShowCallstack
0x00007ff92d45e919 (Unity) PlatformStacktrace::GetStacktrace
0x00007ff92d45f19e (Unity) Stacktrace::GetStacktrace
0x00007ff92bbe0d4f (Unity) DebugStringToFile
0x00007ff92c2e6ef1 (Unity) AddComponentByPtr
0x00007ff92c2e7f3a (Unity) AddMissingRequiredComponentsDuringLoad
0x00007ff92d11617e (Unity) CheckGameObjectsAndAddMissingRequiredComponents
0x00007ff92c40846d (Unity) LoadSceneOperation::CompleteAwakeSequence
0x00007ff92c408ecd (Unity) LoadSceneOperation::CompletePreloadManagerLoadSceneEditor
0x00007ff92c409c31 (Unity) LoadSceneOperation::IntegrateMainThread
0x00007ff92c40cb6f (Unity) PreloadManager::UpdatePreloadingSingleStep
0x00007ff92c40d358 (Unity) PreloadManager::WaitForAllAsyncOperationsToComplete
0x00007ff92d077a41 (Unity) EditorSceneManager::RestoreSceneBackups
0x00007ff92d0753fa (Unity) EditorSceneManager::OpenSceneLoaded
0x00007ff92d074113 (Unity) EditorSceneManager::OpenScene
0x00007ff92ca660c5 (Unity) EditorSceneManagerBindings::OpenScene
0x00007ff92c92430e (Unity) EditorSceneManager_CUSTOM_OpenScene
0x00000215715d8c26 (Mono JIT Code) (wrapper managed-to-native) UnityEditor.SceneManagement.EditorSceneManager:OpenScene_Injected (UnityEngine.Bindings.ManagedSpanWrapper&,UnityEditor.SceneManagement.OpenSceneMode,UnityEngine.SceneManagement.Scene&)
0x00000215715d899b (Mono JIT Code) UnityEditor.SceneManagement.EditorSceneManager:OpenScene (string,UnityEditor.SceneManagement.OpenSceneMode)
0x00000215715d85c3 (Mono JIT Code) UnityEditor.SceneManagement.EditorSceneManager:OpenScene (string)
0x00000215715d8453 (Mono JIT Code) ScaffoldDriftChecker:OpenSceneSafe (string) (at D:/Projects/MindAttic/GridGame2026/Assets/Editor/ScaffoldDriftChecker.cs:104)
0x00000215715d74cb (Mono JIT Code) ScaffoldDriftChecker:Verify (System.Collections.Generic.IEnumerable`1<string>) (at D:/Projects/MindAttic/GridGame2026/Assets/Editor/ScaffoldDriftChecker.cs:59)
0x00000215715d7253 (Mono JIT Code) CliEntryPoints/<>c:<CheckAllGuardrails>b__19_4 () (at D:/Projects/MindAttic/GridGame2026/Assets/Editor/CliEntryPoints.cs:412)
0x0000021561eccd05 (Mono JIT Code) CliEntryPoints:<CheckAllGuardrails>g__Run|19_0 (string,System.Func`1<int>,CliEntryPoints/<>c__DisplayClass19_0&) (at D:/Projects/MindAttic/GridGame2026/Assets/Editor/CliEntryPoints.cs:397)
0x0000021561ecc3ab (Mono JIT Code) CliEntryPoints:CheckAllGuardrails () (at D:/Projects/MindAttic/GridGame2026/Assets/Editor/CliEntryPoints.cs:412)
0x00000214cc044d65 (Mono JIT Code) (wrapper runtime-invoke) object:runtime_invoke_void (object,intptr,intptr,intptr)
0x00007ff935a46bfe (mono-2.0-bdwgc) mono_jit_runtime_invoke (at C:/build/output/Unity-Technologies/mono/mono/mini/mini-runtime.c:3445)
0x00007ff935988984 (mono-2.0-bdwgc) do_runtime_invoke (at C:/build/output/Unity-Technologies/mono/mono/metadata/object.c:3068)
0x00007ff935988a70 (mono-2.0-bdwgc) mono_runtime_invoke (at C:/build/output/Unity-Technologies/mono/mono/metadata/object.c:3115)
0x00007ff92c465064 (Unity) scripting_method_invoke
0x00007ff92c46bf23 (Unity) ScriptingInvocation::Invoke
0x00007ff92cc9444a (Unity) Application::ParseARGVCommands
0x00007ff92cc8a439 (Unity) Application::FinishLoadingProject
0x00007ff92ca85a6c (Unity) UnityMain
0x00007ff7c7f72f2a (Unity) __scrt_common_main_seh
0x00007ffb19f6e8d7 (KERNEL32) BaseThreadInitThunk
0x00007ffb1b5cc3fc (ntdll) RtlUserThreadStart

Creating missing Rigidbody2D component for TreeInstance in Tree.
0x00007ff92bc2fd3e (Unity) StackWalker::ShowCallstack
0x00007ff92d45e919 (Unity) PlatformStacktrace::GetStacktrace
0x00007ff92d45f19e (Unity) Stacktrace::GetStacktrace
0x00007ff92bbe0d4f (Unity) DebugStringToFile
0x00007ff92c2e6ef1 (Unity) AddComponentByPtr
0x00007ff92c2e7f3a (Unity) AddMissingRequiredComponentsDuringLoad
0x00007ff92d11617e (Unity) CheckGameObjectsAndAddMissingRequiredComponents
0x00007ff92c40846d (Unity) LoadSceneOperation::CompleteAwakeSequence
0x00007ff92c408ecd (Unity) LoadSceneOperation::CompletePreloadManagerLoadSceneEditor
0x00007ff92c409c31 (Unity) LoadSceneOperation::IntegrateMainThread
0x00007ff92c40cb6f (Unity) PreloadManager::UpdatePreloadingSingleStep
0x00007ff92c40d358 (Unity) PreloadManager::WaitForAllAsyncOperationsToComplete
0x00007ff92d077a41 (Unity) EditorSceneManager::RestoreSceneBackups
0x00007ff92d0753fa (Unity) EditorSceneManager::OpenSceneLoaded
0x00007ff92d074113 (Unity) EditorSceneManager::OpenScene
0x00007ff92ca660c5 (Unity) EditorSceneManagerBindings::OpenScene
0x00007ff92c92430e (Unity) EditorSceneManager_CUSTOM_OpenScene
0x00000215715d8c26 (Mono JIT Code) (wrapper managed-to-native) UnityEditor.SceneManagement.EditorSceneManager:OpenScene_Injected (UnityEngine.Bindings.ManagedSpanWrapper&,UnityEditor.SceneManagement.OpenSceneMode,UnityEngine.SceneManagement.Scene&)
0x00000215715d899b (Mono JIT Code) UnityEditor.SceneManagement.EditorSceneManager:OpenScene (string,UnityEditor.SceneManagement.OpenSceneMode)
0x00000215715d85c3 (Mono JIT Code) UnityEditor.SceneManagement.EditorSceneManager:OpenScene (string)
0x00000215715d8453 (Mono JIT Code) ScaffoldDriftChecker:OpenSceneSafe (string) (at D:/Projects/MindAttic/GridGame2026/Assets/Editor/ScaffoldDriftChecker.cs:104)
0x00000215715d74cb (Mono JIT Code) ScaffoldDriftChecker:Verify (System.Collections.Generic.IEnumerable`1<string>) (at D:/Projects/MindAttic/GridGame2026/Assets/Editor/ScaffoldDriftChecker.cs:59)
0x00000215715d7253 (Mono JIT Code) CliEntryPoints/<>c:<CheckAllGuardrails>b__19_4 () (at D:/Projects/MindAttic/GridGame2026/Assets/Editor/CliEntryPoints.cs:412)
0x0000021561eccd05 (Mono JIT Code) CliEntryPoints:<CheckAllGuardrails>g__Run|19_0 (string,System.Func`1<int>,CliEntryPoints/<>c__DisplayClass19_0&) (at D:/Projects/MindAttic/GridGame2026/Assets/Editor/CliEntryPoints.cs:397)
0x0000021561ecc3ab (Mono JIT Code) CliEntryPoints:CheckAllGuardrails () (at D:/Projects/MindAttic/GridGame2026/Assets/Editor/CliEntryPoints.cs:412)
0x00000214cc044d65 (Mono JIT Code) (wrapper runtime-invoke) object:runtime_invoke_void (object,intptr,intptr,intptr)
0x00007ff935a46bfe (mono-2.0-bdwgc) mono_jit_runtime_invoke (at C:/build/output/Unity-Technologies/mono/mono/mini/mini-runtime.c:3445)
0x00007ff935988984 (mono-2.0-bdwgc) do_runtime_invoke (at C:/build/output/Unity-Technologies/mono/mono/metadata/object.c:3068)
0x00007ff935988a70 (mono-2.0-bdwgc) mono_runtime_invoke (at C:/build/output/Unity-Technologies/mono/mono/metadata/object.c:3115)
0x00007ff92c465064 (Unity) scripting_method_invoke
0x00007ff92c46bf23 (Unity) ScriptingInvocation::Invoke
0x00007ff92cc9444a (Unity) Application::ParseARGVCommands
0x00007ff92cc8a439 (Unity) Application::FinishLoadingProject
0x00007ff92ca85a6c (Unity) UnityMain
0x00007ff7c7f72f2a (Unity) __scrt_common_main_seh
0x00007ffb19f6e8d7 (KERNEL32) BaseThreadInitThunk
0x00007ffb1b5cc3fc (ntdll) RtlUserThreadStart

Creating missing CircleCollider2D component for TreeInstance in Tree.
0x00007ff92bc2fd3e (Unity) StackWalker::ShowCallstack
0x00007ff92d45e919 (Unity) PlatformStacktrace::GetStacktrace
0x00007ff92d45f19e (Unity) Stacktrace::GetStacktrace
0x00007ff92bbe0d4f (Unity) DebugStringToFile
0x00007ff92c2e6ef1 (Unity) AddComponentByPtr
0x00007ff92c2e7f3a (Unity) AddMissingRequiredComponentsDuringLoad
0x00007ff92d11617e (Unity) CheckGameObjectsAndAddMissingRequiredComponents
0x00007ff92c40846d (Unity) LoadSceneOperation::CompleteAwakeSequence
0x00007ff92c408ecd (Unity) LoadSceneOperation::CompletePreloadManagerLoadSceneEditor
0x00007ff92c409c31 (Unity) LoadSceneOperation::IntegrateMainThread
0x00007ff92c40cb6f (Unity) PreloadManager::UpdatePreloadingSingleStep
0x00007ff92c40d358 (Unity) PreloadManager::WaitForAllAsyncOperationsToComplete
0x00007ff92d077a41 (Unity) EditorSceneManager::RestoreSceneBackups
0x00007ff92d0753fa (Unity) EditorSceneManager::OpenSceneLoaded
0x00007ff92d074113 (Unity) EditorSceneManager::OpenScene
0x00007ff92ca660c5 (Unity) EditorSceneManagerBindings::OpenScene
0x00007ff92c92430e (Unity) EditorSceneManager_CUSTOM_OpenScene
0x00000215715d8c26 (Mono JIT Code) (wrapper managed-to-native) UnityEditor.SceneManagement.EditorSceneManager:OpenScene_Injected (UnityEngine.Bindings.ManagedSpanWrapper&,UnityEditor.SceneManagement.OpenSceneMode,UnityEngine.SceneManagement.Scene&)
0x00000215715d899b (Mono JIT Code) UnityEditor.SceneManagement.EditorSceneManager:OpenScene (string,UnityEditor.SceneManagement.OpenSceneMode)
0x00000215715d85c3 (Mono JIT Code) UnityEditor.SceneManagement.EditorSceneManager:OpenScene (string)
0x00000215715d8453 (Mono JIT Code) ScaffoldDriftChecker:OpenSceneSafe (string) (at D:/Projects/MindAttic/GridGame2026/Assets/Editor/ScaffoldDriftChecker.cs:104)
0x00000215715d74cb (Mono JIT Code) ScaffoldDriftChecker:Verify (System.Collections.Generic.IEnumerable`1<string>) (at D:/Projects/MindAttic/GridGame2026/Assets/Editor/ScaffoldDriftChecker.cs:59)
0x00000215715d7253 (Mono JIT Code) CliEntryPoints/<>c:<CheckAllGuardrails>b__19_4 () (at D:/Projects/MindAttic/GridGame2026/Assets/Editor/CliEntryPoints.cs:412)
0x0000021561eccd05 (Mono JIT Code) CliEntryPoints:<CheckAllGuardrails>g__Run|19_0 (string,System.Func`1<int>,CliEntryPoints/<>c__DisplayClass19_0&) (at D:/Projects/MindAttic/GridGame2026/Assets/Editor/CliEntryPoints.cs:397)
0x0000021561ecc3ab (Mono JIT Code) CliEntryPoints:CheckAllGuardrails () (at D:/Projects/MindAttic/GridGame2026/Assets/Editor/CliEntryPoints.cs:412)
0x00000214cc044d65 (Mono JIT Code) (wrapper runtime-invoke) object:runtime_invoke_void (object,intptr,intptr,intptr)
0x00007ff935a46bfe (mono-2.0-bdwgc) mono_jit_runtime_invoke (at C:/build/output/Unity-Technologies/mono/mono/mini/mini-runtime.c:3445)
0x00007ff935988984 (mono-2.0-bdwgc) do_runtime_invoke (at C:/build/output/Unity-Technologies/mono/mono/metadata/object.c:3068)
0x00007ff935988a70 (mono-2.0-bdwgc) mono_runtime_invoke (at C:/build/output/Unity-Technologies/mono/mono/metadata/object.c:3115)
0x00007ff92c465064 (Unity) scripting_method_invoke
0x00007ff92c46bf23 (Unity) ScriptingInvocation::Invoke
0x00007ff92cc9444a (Unity) Application::ParseARGVCommands
0x00007ff92cc8a439 (Unity) Application::FinishLoadingProject
0x00007ff92ca85a6c (Unity) UnityMain
0x00007ff7c7f72f2a (Unity) __scrt_common_main_seh
0x00007ffb19f6e8d7 (KERNEL32) BaseThreadInitThunk
0x00007ffb1b5cc3fc (ntdll) RtlUserThreadStart

Creating missing Rigidbody2D component for TreeInstance in Tree.
0x00007ff92bc2fd3e (Unity) StackWalker::ShowCallstack
0x00007ff92d45e919 (Unity) PlatformStacktrace::GetStacktrace
0x00007ff92d45f19e (Unity) Stacktrace::GetStacktrace
0x00007ff92bbe0d4f (Unity) DebugStringToFile
0x00007ff92c2e6ef1 (Unity) AddComponentByPtr
0x00007ff92c2e7f3a (Unity) AddMissingRequiredComponentsDuringLoad
0x00007ff92d11617e (Unity) CheckGameObjectsAndAddMissingRequiredComponents
0x00007ff92c40846d (Unity) LoadSceneOperation::CompleteAwakeSequence
0x00007ff92c408ecd (Unity) LoadSceneOperation::CompletePreloadManagerLoadSceneEditor
0x00007ff92c409c31 (Unity) LoadSceneOperation::IntegrateMainThread
0x00007ff92c40cb6f (Unity) PreloadManager::UpdatePreloadingSingleStep
0x00007ff92c40d358 (Unity) PreloadManager::WaitForAllAsyncOperationsToComplete
0x00007ff92d077a41 (Unity) EditorSceneManager::RestoreSceneBackups
0x00007ff92d0753fa (Unity) EditorSceneManager::OpenSceneLoaded
0x00007ff92d074113 (Unity) EditorSceneManager::OpenScene
0x00007ff92ca660c5 (Unity) EditorSceneManagerBindings::OpenScene
0x00007ff92c92430e (Unity) EditorSceneManager_CUSTOM_OpenScene
0x00000215715d8c26 (Mono JIT Code) (wrapper managed-to-native) UnityEditor.SceneManagement.EditorSceneManager:OpenScene_Injected (UnityEngine.Bindings.ManagedSpanWrapper&,UnityEditor.SceneManagement.OpenSceneMode,UnityEngine.SceneManagement.Scene&)
0x00000215715d899b (Mono JIT Code) UnityEditor.SceneManagement.EditorSceneManager:OpenScene (string,UnityEditor.SceneManagement.OpenSceneMode)
0x00000215715d85c3 (Mono JIT Code) UnityEditor.SceneManagement.EditorSceneManager:OpenScene (string)
0x00000215715d8453 (Mono JIT Code) ScaffoldDriftChecker:OpenSceneSafe (string) (at D:/Projects/MindAttic/GridGame2026/Assets/Editor/ScaffoldDriftChecker.cs:104)
0x00000215715d74cb (Mono JIT Code) ScaffoldDriftChecker:Verify (System.Collections.Generic.IEnumerable`1<string>) (at D:/Projects/MindAttic/GridGame2026/Assets/Editor/ScaffoldDriftChecker.cs:59)
0x00000215715d7253 (Mono JIT Code) CliEntryPoints/<>c:<CheckAllGuardrails>b__19_4 () (at D:/Projects/MindAttic/GridGame2026/Assets/Editor/CliEntryPoints.cs:412)
0x0000021561eccd05 (Mono JIT Code) CliEntryPoints:<CheckAllGuardrails>g__Run|19_0 (string,System.Func`1<int>,CliEntryPoints/<>c__DisplayClass19_0&) (at D:/Projects/MindAttic/GridGame2026/Assets/Editor/CliEntryPoints.cs:397)
0x0000021561ecc3ab (Mono JIT Code) CliEntryPoints:CheckAllGuardrails () (at D:/Projects/MindAttic/GridGame2026/Assets/Editor/CliEntryPoints.cs:412)
0x00000214cc044d65 (Mono JIT Code) (wrapper runtime-invoke) object:runtime_invoke_void (object,intptr,intptr,intptr)
0x00007ff935a46bfe (mono-2.0-bdwgc) mono_jit_runtime_invoke (at C:/build/output/Unity-Technologies/mono/mono/mini/mini-runtime.c:3445)
0x00007ff935988984 (mono-2.0-bdwgc) do_runtime_invoke (at C:/build/output/Unity-Technologies/mono/mono/metadata/object.c:3068)
0x00007ff935988a70 (mono-2.0-bdwgc) mono_runtime_invoke (at C:/build/output/Unity-Technologies/mono/mono/metadata/object.c:3115)
0x00007ff92c465064 (Unity) scripting_method_invoke
0x00007ff92c46bf23 (Unity) ScriptingInvocation::Invoke
0x00007ff92cc9444a (Unity) Application::ParseARGVCommands
0x00007ff92cc8a439 (Unity) Application::FinishLoadingProject
0x00007ff92ca85a6c (Unity) UnityMain
0x00007ff7c7f72f2a (Unity) __scrt_common_main_seh
0x00007ffb19f6e8d7 (KERNEL32) BaseThreadInitThunk
0x00007ffb1b5cc3fc (ntdll) RtlUserThreadStart

Creating missing CircleCollider2D component for TreeInstance in Tree.
0x00007ff92bc2fd3e (Unity) StackWalker::ShowCallstack
0x00007ff92d45e919 (Unity) PlatformStacktrace::GetStacktrace
0x00007ff92d45f19e (Unity) Stacktrace::GetStacktrace
0x00007ff92bbe0d4f (Unity) DebugStringToFile
0x00007ff92c2e6ef1 (Unity) AddComponentByPtr
0x00007ff92c2e7f3a (Unity) AddMissingRequiredComponentsDuringLoad
0x00007ff92d11617e (Unity) CheckGameObjectsAndAddMissingRequiredComponents
0x00007ff92c40846d (Unity) LoadSceneOperation::CompleteAwakeSequence
0x00007ff92c408ecd (Unity) LoadSceneOperation::CompletePreloadManagerLoadSceneEditor
0x00007ff92c409c31 (Unity) LoadSceneOperation::IntegrateMainThread
0x00007ff92c40cb6f (Unity) PreloadManager::UpdatePreloadingSingleStep
0x00007ff92c40d358 (Unity) PreloadManager::WaitForAllAsyncOperationsToComplete
0x00007ff92d077a41 (Unity) EditorSceneManager::RestoreSceneBackups
0x00007ff92d0753fa (Unity) EditorSceneManager::OpenSceneLoaded
0x00007ff92d074113 (Unity) EditorSceneManager::OpenScene
0x00007ff92ca660c5 (Unity) EditorSceneManagerBindings::OpenScene
0x00007ff92c92430e (Unity) EditorSceneManager_CUSTOM_OpenScene
0x00000215715d8c26 (Mono JIT Code) (wrapper managed-to-native) UnityEditor.SceneManagement.EditorSceneManager:OpenScene_Injected (UnityEngine.Bindings.ManagedSpanWrapper&,UnityEditor.SceneManagement.OpenSceneMode,UnityEngine.SceneManagement.Scene&)
0x00000215715d899b (Mono JIT Code) UnityEditor.SceneManagement.EditorSceneManager:OpenScene (string,UnityEditor.SceneManagement.OpenSceneMode)
0x00000215715d85c3 (Mono JIT Code) UnityEditor.SceneManagement.EditorSceneManager:OpenScene (string)
0x00000215715d8453 (Mono JIT Code) ScaffoldDriftChecker:OpenSceneSafe (string) (at D:/Projects/MindAttic/GridGame2026/Assets/Editor/ScaffoldDriftChecker.cs:104)
0x00000215715d74cb (Mono JIT Code) ScaffoldDriftChecker:Verify (System.Collections.Generic.IEnumerable`1<string>) (at D:/Projects/MindAttic/GridGame2026/Assets/Editor/ScaffoldDriftChecker.cs:59)
0x00000215715d7253 (Mono JIT Code) CliEntryPoints/<>c:<CheckAllGuardrails>b__19_4 () (at D:/Projects/MindAttic/GridGame2026/Assets/Editor/CliEntryPoints.cs:412)
0x0000021561eccd05 (Mono JIT Code) CliEntryPoints:<CheckAllGuardrails>g__Run|19_0 (string,System.Func`1<int>,CliEntryPoints/<>c__DisplayClass19_0&) (at D:/Projects/MindAttic/GridGame2026/Assets/Editor/CliEntryPoints.cs:397)
0x0000021561ecc3ab (Mono JIT Code) CliEntryPoints:CheckAllGuardrails () (at D:/Projects/MindAttic/GridGame2026/Assets/Editor/CliEntryPoints.cs:412)
0x00000214cc044d65 (Mono JIT Code) (wrapper runtime-invoke) object:runtime_invoke_void (object,intptr,intptr,intptr)
0x00007ff935a46bfe (mono-2.0-bdwgc) mono_jit_runtime_invoke (at C:/build/output/Unity-Technologies/mono/mono/mini/mini-runtime.c:3445)
0x00007ff935988984 (mono-2.0-bdwgc) do_runtime_invoke (at C:/build/output/Unity-Technologies/mono/mono/metadata/object.c:3068)
0x00007ff935988a70 (mono-2.0-bdwgc) mono_runtime_invoke (at C:/build/output/Unity-Technologies/mono/mono/metadata/object.c:3115)
0x00007ff92c465064 (Unity) scripting_method_invoke
0x00007ff92c46bf23 (Unity) ScriptingInvocation::Invoke
0x00007ff92cc9444a (Unity) Application::ParseARGVCommands
0x00007ff92cc8a439 (Unity) Application::FinishLoadingProject
0x00007ff92ca85a6c (Unity) UnityMain
0x00007ff7c7f72f2a (Unity) __scrt_common_main_seh
0x00007ffb19f6e8d7 (KERNEL32) BaseThreadInitThunk
0x00007ffb1b5cc3fc (ntdll) RtlUserThreadStart

Creating missing Rigidbody2D component for TreeInstance in Tree.
0x00007ff92bc2fd3e (Unity) StackWalker::ShowCallstack
0x00007ff92d45e919 (Unity) PlatformStacktrace::GetStacktrace
0x00007ff92d45f19e (Unity) Stacktrace::GetStacktrace
0x00007ff92bbe0d4f (Unity) DebugStringToFile
0x00007ff92c2e6ef1 (Unity) AddComponentByPtr
0x00007ff92c2e7f3a (Unity) AddMissingRequiredComponentsDuringLoad
0x00007ff92d11617e (Unity) CheckGameObjectsAndAddMissingRequiredComponents
0x00007ff92c40846d (Unity) LoadSceneOperation::CompleteAwakeSequence
0x00007ff92c408ecd (Unity) LoadSceneOperation::CompletePreloadManagerLoadSceneEditor
0x00007ff92c409c31 (Unity) LoadSceneOperation::IntegrateMainThread
0x00007ff92c40cb6f (Unity) PreloadManager::UpdatePreloadingSingleStep
0x00007ff92c40d358 (Unity) PreloadManager::WaitForAllAsyncOperationsToComplete
0x00007ff92d077a41 (Unity) EditorSceneManager::RestoreSceneBackups
0x00007ff92d0753fa (Unity) EditorSceneManager::OpenSceneLoaded
0x00007ff92d074113 (Unity) EditorSceneManager::OpenScene
0x00007ff92ca660c5 (Unity) EditorSceneManagerBindings::OpenScene
0x00007ff92c92430e (Unity) EditorSceneManager_CUSTOM_OpenScene
0x00000215715d8c26 (Mono JIT Code) (wrapper managed-to-native) UnityEditor.SceneManagement.EditorSceneManager:OpenScene_Injected (UnityEngine.Bindings.ManagedSpanWrapper&,UnityEditor.SceneManagement.OpenSceneMode,UnityEngine.SceneManagement.Scene&)
0x00000215715d899b (Mono JIT Code) UnityEditor.SceneManagement.EditorSceneManager:OpenScene (string,UnityEditor.SceneManagement.OpenSceneMode)
0x00000215715d85c3 (Mono JIT Code) UnityEditor.SceneManagement.EditorSceneManager:OpenScene (string)
0x00000215715d8453 (Mono JIT Code) ScaffoldDriftChecker:OpenSceneSafe (string) (at D:/Projects/MindAttic/GridGame2026/Assets/Editor/ScaffoldDriftChecker.cs:104)
0x00000215715d74cb (Mono JIT Code) ScaffoldDriftChecker:Verify (System.Collections.Generic.IEnumerable`1<string>) (at D:/Projects/MindAttic/GridGame2026/Assets/Editor/ScaffoldDriftChecker.cs:59)
0x00000215715d7253 (Mono JIT Code) CliEntryPoints/<>c:<CheckAllGuardrails>b__19_4 () (at D:/Projects/MindAttic/GridGame2026/Assets/Editor/CliEntryPoints.cs:412)
0x0000021561eccd05 (Mono JIT Code) CliEntryPoints:<CheckAllGuardrails>g__Run|19_0 (string,System.Func`1<int>,CliEntryPoints/<>c__DisplayClass19_0&) (at D:/Projects/MindAttic/GridGame2026/Assets/Editor/CliEntryPoints.cs:397)
0x0000021561ecc3ab (Mono JIT Code) CliEntryPoints:CheckAllGuardrails () (at D:/Projects/MindAttic/GridGame2026/Assets/Editor/CliEntryPoints.cs:412)
0x00000214cc044d65 (Mono JIT Code) (wrapper runtime-invoke) object:runtime_invoke_void (object,intptr,intptr,intptr)
0x00007ff935a46bfe (mono-2.0-bdwgc) mono_jit_runtime_invoke (at C:/build/output/Unity-Technologies/mono/mono/mini/mini-runtime.c:3445)
0x00007ff935988984 (mono-2.0-bdwgc) do_runtime_invoke (at C:/build/output/Unity-Technologies/mono/mono/metadata/object.c:3068)
0x00007ff935988a70 (mono-2.0-bdwgc) mono_runtime_invoke (at C:/build/output/Unity-Technologies/mono/mono/metadata/object.c:3115)
0x00007ff92c465064 (Unity) scripting_method_invoke
0x00007ff92c46bf23 (Unity) ScriptingInvocation::Invoke
0x00007ff92cc9444a (Unity) Application::ParseARGVCommands
0x00007ff92cc8a439 (Unity) Application::FinishLoadingProject
0x00007ff92ca85a6c (Unity) UnityMain
0x00007ff7c7f72f2a (Unity) __scrt_common_main_seh
0x00007ffb19f6e8d7 (KERNEL32) BaseThreadInitThunk
0x00007ffb1b5cc3fc (ntdll) RtlUserThreadStart

Creating missing CircleCollider2D component for TreeInstance in Tree.
0x00007ff92bc2fd3e (Unity) StackWalker::ShowCallstack
0x00007ff92d45e919 (Unity) PlatformStacktrace::GetStacktrace
0x00007ff92d45f19e (Unity) Stacktrace::GetStacktrace
0x00007ff92bbe0d4f (Unity) DebugStringToFile
0x00007ff92c2e6ef1 (Unity) AddComponentByPtr
0x00007ff92c2e7f3a (Unity) AddMissingRequiredComponentsDuringLoad
0x00007ff92d11617e (Unity) CheckGameObjectsAndAddMissingRequiredComponents
0x00007ff92c40846d (Unity) LoadSceneOperation::CompleteAwakeSequence
0x00007ff92c408ecd (Unity) LoadSceneOperation::CompletePreloadManagerLoadSceneEditor
0x00007ff92c409c31 (Unity) LoadSceneOperation::IntegrateMainThread
0x00007ff92c40cb6f (Unity) PreloadManager::UpdatePreloadingSingleStep
0x00007ff92c40d358 (Unity) PreloadManager::WaitForAllAsyncOperationsToComplete
0x00007ff92d077a41 (Unity) EditorSceneManager::RestoreSceneBackups
0x00007ff92d0753fa (Unity) EditorSceneManager::OpenSceneLoaded
0x00007ff92d074113 (Unity) EditorSceneManager::OpenScene
0x00007ff92ca660c5 (Unity) EditorSceneManagerBindings::OpenScene
0x00007ff92c92430e (Unity) EditorSceneManager_CUSTOM_OpenScene
0x00000215715d8c26 (Mono JIT Code) (wrapper managed-to-native) UnityEditor.SceneManagement.EditorSceneManager:OpenScene_Injected (UnityEngine.Bindings.ManagedSpanWrapper&,UnityEditor.SceneManagement.OpenSceneMode,UnityEngine.SceneManagement.Scene&)
0x00000215715d899b (Mono JIT Code) UnityEditor.SceneManagement.EditorSceneManager:OpenScene (string,UnityEditor.SceneManagement.OpenSceneMode)
0x00000215715d85c3 (Mono JIT Code) UnityEditor.SceneManagement.EditorSceneManager:OpenScene (string)
0x00000215715d8453 (Mono JIT Code) ScaffoldDriftChecker:OpenSceneSafe (string) (at D:/Projects/MindAttic/GridGame2026/Assets/Editor/ScaffoldDriftChecker.cs:104)
0x00000215715d74cb (Mono JIT Code) ScaffoldDriftChecker:Verify (System.Collections.Generic.IEnumerable`1<string>) (at D:/Projects/MindAttic/GridGame2026/Assets/Editor/ScaffoldDriftChecker.cs:59)
0x00000215715d7253 (Mono JIT Code) CliEntryPoints/<>c:<CheckAllGuardrails>b__19_4 () (at D:/Projects/MindAttic/GridGame2026/Assets/Editor/CliEntryPoints.cs:412)
0x0000021561eccd05 (Mono JIT Code) CliEntryPoints:<CheckAllGuardrails>g__Run|19_0 (string,System.Func`1<int>,CliEntryPoints/<>c__DisplayClass19_0&) (at D:/Projects/MindAttic/GridGame2026/Assets/Editor/CliEntryPoints.cs:397)
0x0000021561ecc3ab (Mono JIT Code) CliEntryPoints:CheckAllGuardrails () (at D:/Projects/MindAttic/GridGame2026/Assets/Editor/CliEntryPoints.cs:412)
0x00000214cc044d65 (Mono JIT Code) (wrapper runtime-invoke) object:runtime_invoke_void (object,intptr,intptr,intptr)
0x00007ff935a46bfe (mono-2.0-bdwgc) mono_jit_runtime_invoke (at C:/build/output/Unity-Technologies/mono/mono/mini/mini-runtime.c:3445)
0x00007ff935988984 (mono-2.0-bdwgc) do_runtime_invoke (at C:/build/output/Unity-Technologies/mono/mono/metadata/object.c:3068)
0x00007ff935988a70 (mono-2.0-bdwgc) mono_runtime_invoke (at C:/build/output/Unity-Technologies/mono/mono/metadata/object.c:3115)
0x00007ff92c465064 (Unity) scripting_method_invoke
0x00007ff92c46bf23 (Unity) ScriptingInvocation::Invoke
0x00007ff92cc9444a (Unity) Application::ParseARGVCommands
0x00007ff92cc8a439 (Unity) Application::FinishLoadingProject
0x00007ff92ca85a6c (Unity) UnityMain
0x00007ff7c7f72f2a (Unity) __scrt_common_main_seh
0x00007ffb19f6e8d7 (KERNEL32) BaseThreadInitThunk
0x00007ffb1b5cc3fc (ntdll) RtlUserThreadStart

Creating missing Rigidbody2D component for TreeInstance in Tree.
0x00007ff92bc2fd3e (Unity) StackWalker::ShowCallstack
0x00007ff92d45e919 (Unity) PlatformStacktrace::GetStacktrace
0x00007ff92d45f19e (Unity) Stacktrace::GetStacktrace
0x00007ff92bbe0d4f (Unity) DebugStringToFile
0x00007ff92c2e6ef1 (Unity) AddComponentByPtr
0x00007ff92c2e7f3a (Unity) AddMissingRequiredComponentsDuringLoad
0x00007ff92d11617e (Unity) CheckGameObjectsAndAddMissingRequiredComponents
0x00007ff92c40846d (Unity) LoadSceneOperation::CompleteAwakeSequence
0x00007ff92c408ecd (Unity) LoadSceneOperation::CompletePreloadManagerLoadSceneEditor
0x00007ff92c409c31 (Unity) LoadSceneOperation::IntegrateMainThread
0x00007ff92c40cb6f (Unity) PreloadManager::UpdatePreloadingSingleStep
0x00007ff92c40d358 (Unity) PreloadManager::WaitForAllAsyncOperationsToComplete
0x00007ff92d077a41 (Unity) EditorSceneManager::RestoreSceneBackups
0x00007ff92d0753fa (Unity) EditorSceneManager::OpenSceneLoaded
0x00007ff92d074113 (Unity) EditorSceneManager::OpenScene
0x00007ff92ca660c5 (Unity) EditorSceneManagerBindings::OpenScene
0x00007ff92c92430e (Unity) EditorSceneManager_CUSTOM_OpenScene
0x00000215715d8c26 (Mono JIT Code) (wrapper managed-to-native) UnityEditor.SceneManagement.EditorSceneManager:OpenScene_Injected (UnityEngine.Bindings.ManagedSpanWrapper&,UnityEditor.SceneManagement.OpenSceneMode,UnityEngine.SceneManagement.Scene&)
0x00000215715d899b (Mono JIT Code) UnityEditor.SceneManagement.EditorSceneManager:OpenScene (string,UnityEditor.SceneManagement.OpenSceneMode)
0x00000215715d85c3 (Mono JIT Code) UnityEditor.SceneManagement.EditorSceneManager:OpenScene (string)
0x00000215715d8453 (Mono JIT Code) ScaffoldDriftChecker:OpenSceneSafe (string) (at D:/Projects/MindAttic/GridGame2026/Assets/Editor/ScaffoldDriftChecker.cs:104)
0x00000215715d74cb (Mono JIT Code) ScaffoldDriftChecker:Verify (System.Collections.Generic.IEnumerable`1<string>) (at D:/Projects/MindAttic/GridGame2026/Assets/Editor/ScaffoldDriftChecker.cs:59)
0x00000215715d7253 (Mono JIT Code) CliEntryPoints/<>c:<CheckAllGuardrails>b__19_4 () (at D:/Projects/MindAttic/GridGame2026/Assets/Editor/CliEntryPoints.cs:412)
0x0000021561eccd05 (Mono JIT Code) CliEntryPoints:<CheckAllGuardrails>g__Run|19_0 (string,System.Func`1<int>,CliEntryPoints/<>c__DisplayClass19_0&) (at D:/Projects/MindAttic/GridGame2026/Assets/Editor/CliEntryPoints.cs:397)
0x0000021561ecc3ab (Mono JIT Code) CliEntryPoints:CheckAllGuardrails () (at D:/Projects/MindAttic/GridGame2026/Assets/Editor/CliEntryPoints.cs:412)
0x00000214cc044d65 (Mono JIT Code) (wrapper runtime-invoke) object:runtime_invoke_void (object,intptr,intptr,intptr)
0x00007ff935a46bfe (mono-2.0-bdwgc) mono_jit_runtime_invoke (at C:/build/output/Unity-Technologies/mono/mono/mini/mini-runtime.c:3445)
0x00007ff935988984 (mono-2.0-bdwgc) do_runtime_invoke (at C:/build/output/Unity-Technologies/mono/mono/metadata/object.c:3068)
0x00007ff935988a70 (mono-2.0-bdwgc) mono_runtime_invoke (at C:/build/output/Unity-Technologies/mono/mono/metadata/object.c:3115)
0x00007ff92c465064 (Unity) scripting_method_invoke
0x00007ff92c46bf23 (Unity) ScriptingInvocation::Invoke
0x00007ff92cc9444a (Unity) Application::ParseARGVCommands
0x00007ff92cc8a439 (Unity) Application::FinishLoadingProject
0x00007ff92ca85a6c (Unity) UnityMain
0x00007ff7c7f72f2a (Unity) __scrt_common_main_seh
0x00007ffb19f6e8d7 (KERNEL32) BaseThreadInitThunk
0x00007ffb1b5cc3fc (ntdll) RtlUserThreadStart

Creating missing CircleCollider2D component for TreeInstance in Tree.
0x00007ff92bc2fd3e (Unity) StackWalker::ShowCallstack
0x00007ff92d45e919 (Unity) PlatformStacktrace::GetStacktrace
0x00007ff92d45f19e (Unity) Stacktrace::GetStacktrace
0x00007ff92bbe0d4f (Unity) DebugStringToFile
0x00007ff92c2e6ef1 (Unity) AddComponentByPtr
0x00007ff92c2e7f3a (Unity) AddMissingRequiredComponentsDuringLoad
0x00007ff92d11617e (Unity) CheckGameObjectsAndAddMissingRequiredComponents
0x00007ff92c40846d (Unity) LoadSceneOperation::CompleteAwakeSequence
0x00007ff92c408ecd (Unity) LoadSceneOperation::CompletePreloadManagerLoadSceneEditor
0x00007ff92c409c31 (Unity) LoadSceneOperation::IntegrateMainThread
0x00007ff92c40cb6f (Unity) PreloadManager::UpdatePreloadingSingleStep
0x00007ff92c40d358 (Unity) PreloadManager::WaitForAllAsyncOperationsToComplete
0x00007ff92d077a41 (Unity) EditorSceneManager::RestoreSceneBackups
0x00007ff92d0753fa (Unity) EditorSceneManager::OpenSceneLoaded
0x00007ff92d074113 (Unity) EditorSceneManager::OpenScene
0x00007ff92ca660c5 (Unity) EditorSceneManagerBindings::OpenScene
0x00007ff92c92430e (Unity) EditorSceneManager_CUSTOM_OpenScene
0x00000215715d8c26 (Mono JIT Code) (wrapper managed-to-native) UnityEditor.SceneManagement.EditorSceneManager:OpenScene_Injected (UnityEngine.Bindings.ManagedSpanWrapper&,UnityEditor.SceneManagement.OpenSceneMode,UnityEngine.SceneManagement.Scene&)
0x00000215715d899b (Mono JIT Code) UnityEditor.SceneManagement.EditorSceneManager:OpenScene (string,UnityEditor.SceneManagement.OpenSceneMode)
0x00000215715d85c3 (Mono JIT Code) UnityEditor.SceneManagement.EditorSceneManager:OpenScene (string)
0x00000215715d8453 (Mono JIT Code) ScaffoldDriftChecker:OpenSceneSafe (string) (at D:/Projects/MindAttic/GridGame2026/Assets/Editor/ScaffoldDriftChecker.cs:104)
0x00000215715d74cb (Mono JIT Code) ScaffoldDriftChecker:Verify (System.Collections.Generic.IEnumerable`1<string>) (at D:/Projects/MindAttic/GridGame2026/Assets/Editor/ScaffoldDriftChecker.cs:59)
0x00000215715d7253 (Mono JIT Code) CliEntryPoints/<>c:<CheckAllGuardrails>b__19_4 () (at D:/Projects/MindAttic/GridGame2026/Assets/Editor/CliEntryPoints.cs:412)
0x0000021561eccd05 (Mono JIT Code) CliEntryPoints:<CheckAllGuardrails>g__Run|19_0 (string,System.Func`1<int>,CliEntryPoints/<>c__DisplayClass19_0&) (at D:/Projects/MindAttic/GridGame2026/Assets/Editor/CliEntryPoints.cs:397)
0x0000021561ecc3ab (Mono JIT Code) CliEntryPoints:CheckAllGuardrails () (at D:/Projects/MindAttic/GridGame2026/Assets/Editor/CliEntryPoints.cs:412)
0x00000214cc044d65 (Mono JIT Code) (wrapper runtime-invoke) object:runtime_invoke_void (object,intptr,intptr,intptr)
0x00007ff935a46bfe (mono-2.0-bdwgc) mono_jit_runtime_invoke (at C:/build/output/Unity-Technologies/mono/mono/mini/mini-runtime.c:3445)
0x00007ff935988984 (mono-2.0-bdwgc) do_runtime_invoke (at C:/build/output/Unity-Technologies/mono/mono/metadata/object.c:3068)
0x00007ff935988a70 (mono-2.0-bdwgc) mono_runtime_invoke (at C:/build/output/Unity-Technologies/mono/mono/metadata/object.c:3115)
0x00007ff92c465064 (Unity) scripting_method_invoke
0x00007ff92c46bf23 (Unity) ScriptingInvocation::Invoke
0x00007ff92cc9444a (Unity) Application::ParseARGVCommands
0x00007ff92cc8a439 (Unity) Application::FinishLoadingProject
0x00007ff92ca85a6c (Unity) UnityMain
0x00007ff7c7f72f2a (Unity) __scrt_common_main_seh
0x00007ffb19f6e8d7 (KERNEL32) BaseThreadInitThunk
0x00007ffb1b5cc3fc (ntdll) RtlUserThreadStart

Creating missing Rigidbody2D component for TreeInstance in Tree.
0x00007ff92bc2fd3e (Unity) StackWalker::ShowCallstack
0x00007ff92d45e919 (Unity) PlatformStacktrace::GetStacktrace
0x00007ff92d45f19e (Unity) Stacktrace::GetStacktrace
0x00007ff92bbe0d4f (Unity) DebugStringToFile
0x00007ff92c2e6ef1 (Unity) AddComponentByPtr
0x00007ff92c2e7f3a (Unity) AddMissingRequiredComponentsDuringLoad
0x00007ff92d11617e (Unity) CheckGameObjectsAndAddMissingRequiredComponents
0x00007ff92c40846d (Unity) LoadSceneOperation::CompleteAwakeSequence
0x00007ff92c408ecd (Unity) LoadSceneOperation::CompletePreloadManagerLoadSceneEditor
0x00007ff92c409c31 (Unity) LoadSceneOperation::IntegrateMainThread
0x00007ff92c40cb6f (Unity) PreloadManager::UpdatePreloadingSingleStep
0x00007ff92c40d358 (Unity) PreloadManager::WaitForAllAsyncOperationsToComplete
0x00007ff92d077a41 (Unity) EditorSceneManager::RestoreSceneBackups
0x00007ff92d0753fa (Unity) EditorSceneManager::OpenSceneLoaded
0x00007ff92d074113 (Unity) EditorSceneManager::OpenScene
0x00007ff92ca660c5 (Unity) EditorSceneManagerBindings::OpenScene
0x00007ff92c92430e (Unity) EditorSceneManager_CUSTOM_OpenScene
0x00000215715d8c26 (Mono JIT Code) (wrapper managed-to-native) UnityEditor.SceneManagement.EditorSceneManager:OpenScene_Injected (UnityEngine.Bindings.ManagedSpanWrapper&,UnityEditor.SceneManagement.OpenSceneMode,UnityEngine.SceneManagement.Scene&)
0x00000215715d899b (Mono JIT Code) UnityEditor.SceneManagement.EditorSceneManager:OpenScene (string,UnityEditor.SceneManagement.OpenSceneMode)
0x00000215715d85c3 (Mono JIT Code) UnityEditor.SceneManagement.EditorSceneManager:OpenScene (string)
0x00000215715d8453 (Mono JIT Code) ScaffoldDriftChecker:OpenSceneSafe (string) (at D:/Projects/MindAttic/GridGame2026/Assets/Editor/ScaffoldDriftChecker.cs:104)
0x00000215715d74cb (Mono JIT Code) ScaffoldDriftChecker:Verify (System.Collections.Generic.IEnumerable`1<string>) (at D:/Projects/MindAttic/GridGame2026/Assets/Editor/ScaffoldDriftChecker.cs:59)
0x00000215715d7253 (Mono JIT Code) CliEntryPoints/<>c:<CheckAllGuardrails>b__19_4 () (at D:/Projects/MindAttic/GridGame2026/Assets/Editor/CliEntryPoints.cs:412)
0x0000021561eccd05 (Mono JIT Code) CliEntryPoints:<CheckAllGuardrails>g__Run|19_0 (string,System.Func`1<int>,CliEntryPoints/<>c__DisplayClass19_0&) (at D:/Projects/MindAttic/GridGame2026/Assets/Editor/CliEntryPoints.cs:397)
0x0000021561ecc3ab (Mono JIT Code) CliEntryPoints:CheckAllGuardrails () (at D:/Projects/MindAttic/GridGame2026/Assets/Editor/CliEntryPoints.cs:412)
0x00000214cc044d65 (Mono JIT Code) (wrapper runtime-invoke) object:runtime_invoke_void (object,intptr,intptr,intptr)
0x00007ff935a46bfe (mono-2.0-bdwgc) mono_jit_runtime_invoke (at C:/build/output/Unity-Technologies/mono/mono/mini/mini-runtime.c:3445)
0x00007ff935988984 (mono-2.0-bdwgc) do_runtime_invoke (at C:/build/output/Unity-Technologies/mono/mono/metadata/object.c:3068)
0x00007ff935988a70 (mono-2.0-bdwgc) mono_runtime_invoke (at C:/build/output/Unity-Technologies/mono/mono/metadata/object.c:3115)
0x00007ff92c465064 (Unity) scripting_method_invoke
0x00007ff92c46bf23 (Unity) ScriptingInvocation::Invoke
0x00007ff92cc9444a (Unity) Application::ParseARGVCommands
0x00007ff92cc8a439 (Unity) Application::FinishLoadingProject
0x00007ff92ca85a6c (Unity) UnityMain
0x00007ff7c7f72f2a (Unity) __scrt_common_main_seh
0x00007ffb19f6e8d7 (KERNEL32) BaseThreadInitThunk
0x00007ffb1b5cc3fc (ntdll) RtlUserThreadStart

Creating missing CircleCollider2D component for TreeInstance in Tree.
0x00007ff92bc2fd3e (Unity) StackWalker::ShowCallstack
0x00007ff92d45e919 (Unity) PlatformStacktrace::GetStacktrace
0x00007ff92d45f19e (Unity) Stacktrace::GetStacktrace
0x00007ff92bbe0d4f (Unity) DebugStringToFile
0x00007ff92c2e6ef1 (Unity) AddComponentByPtr
0x00007ff92c2e7f3a (Unity) AddMissingRequiredComponentsDuringLoad
0x00007ff92d11617e (Unity) CheckGameObjectsAndAddMissingRequiredComponents
0x00007ff92c40846d (Unity) LoadSceneOperation::CompleteAwakeSequence
0x00007ff92c408ecd (Unity) LoadSceneOperation::CompletePreloadManagerLoadSceneEditor
0x00007ff92c409c31 (Unity) LoadSceneOperation::IntegrateMainThread
0x00007ff92c40cb6f (Unity) PreloadManager::UpdatePreloadingSingleStep
0x00007ff92c40d358 (Unity) PreloadManager::WaitForAllAsyncOperationsToComplete
0x00007ff92d077a41 (Unity) EditorSceneManager::RestoreSceneBackups
0x00007ff92d0753fa (Unity) EditorSceneManager::OpenSceneLoaded
0x00007ff92d074113 (Unity) EditorSceneManager::OpenScene
0x00007ff92ca660c5 (Unity) EditorSceneManagerBindings::OpenScene
0x00007ff92c92430e (Unity) EditorSceneManager_CUSTOM_OpenScene
0x00000215715d8c26 (Mono JIT Code) (wrapper managed-to-native) UnityEditor.SceneManagement.EditorSceneManager:OpenScene_Injected (UnityEngine.Bindings.ManagedSpanWrapper&,UnityEditor.SceneManagement.OpenSceneMode,UnityEngine.SceneManagement.Scene&)
0x00000215715d899b (Mono JIT Code) UnityEditor.SceneManagement.EditorSceneManager:OpenScene (string,UnityEditor.SceneManagement.OpenSceneMode)
0x00000215715d85c3 (Mono JIT Code) UnityEditor.SceneManagement.EditorSceneManager:OpenScene (string)
0x00000215715d8453 (Mono JIT Code) ScaffoldDriftChecker:OpenSceneSafe (string) (at D:/Projects/MindAttic/GridGame2026/Assets/Editor/ScaffoldDriftChecker.cs:104)
0x00000215715d74cb (Mono JIT Code) ScaffoldDriftChecker:Verify (System.Collections.Generic.IEnumerable`1<string>) (at D:/Projects/MindAttic/GridGame2026/Assets/Editor/ScaffoldDriftChecker.cs:59)
0x00000215715d7253 (Mono JIT Code) CliEntryPoints/<>c:<CheckAllGuardrails>b__19_4 () (at D:/Projects/MindAttic/GridGame2026/Assets/Editor/CliEntryPoints.cs:412)
0x0000021561eccd05 (Mono JIT Code) CliEntryPoints:<CheckAllGuardrails>g__Run|19_0 (string,System.Func`1<int>,CliEntryPoints/<>c__DisplayClass19_0&) (at D:/Projects/MindAttic/GridGame2026/Assets/Editor/CliEntryPoints.cs:397)
0x0000021561ecc3ab (Mono JIT Code) CliEntryPoints:CheckAllGuardrails () (at D:/Projects/MindAttic/GridGame2026/Assets/Editor/CliEntryPoints.cs:412)
0x00000214cc044d65 (Mono JIT Code) (wrapper runtime-invoke) object:runtime_invoke_void (object,intptr,intptr,intptr)
0x00007ff935a46bfe (mono-2.0-bdwgc) mono_jit_runtime_invoke (at C:/build/output/Unity-Technologies/mono/mono/mini/mini-runtime.c:3445)
0x00007ff935988984 (mono-2.0-bdwgc) do_runtime_invoke (at C:/build/output/Unity-Technologies/mono/mono/metadata/object.c:3068)
0x00007ff935988a70 (mono-2.0-bdwgc) mono_runtime_invoke (at C:/build/output/Unity-Technologies/mono/mono/metadata/object.c:3115)
0x00007ff92c465064 (Unity) scripting_method_invoke
0x00007ff92c46bf23 (Unity) ScriptingInvocation::Invoke
0x00007ff92cc9444a (Unity) Application::ParseARGVCommands
0x00007ff92cc8a439 (Unity) Application::FinishLoadingProject
0x00007ff92ca85a6c (Unity) UnityMain
0x00007ff7c7f72f2a (Unity) __scrt_common_main_seh
0x00007ffb19f6e8d7 (KERNEL32) BaseThreadInitThunk
0x00007ffb1b5cc3fc (ntdll) RtlUserThreadStart

Loaded scene 'Assets/Scenes/Overworld.unity'
	Deserialize:            16.469 ms
	Integration:            184.985 ms
	Integration of assets:  0.288 ms
	Thread Wait Time:       0.010 ms
	Total Operation Time:   201.752 ms
Unloading 31 unused Assets / (18.8 KB). Loaded Objects now: 10716.
Memory consumption went from 255.2 MB to 255.2 MB.
Total: 6.503000 ms (FindLiveObjects: 0.343700 ms CreateObjectMapping: 0.200100 ms MarkObjects: 5.888800 ms  DeleteObjects: 0.069800 ms)

[ScaffoldDrift] Overworld: OK.
0x00007ff92bc2fd3e (Unity) StackWalker::ShowCallstack
0x00007ff92d45e919 (Unity) PlatformStacktrace::GetStacktrace
0x00007ff92d45f19e (Unity) Stacktrace::GetStacktrace
0x00007ff92bbe0d4f (Unity) DebugStringToFile
0x00007ff92ba99020 (Unity) DebugLogHandler_CUSTOM_Internal_Log
0x0000021561ece76e (Mono JIT Code) (wrapper managed-to-native) UnityEngine.DebugLogHandler:Internal_Log_Injected (UnityEngine.LogType,UnityEngine.LogOption,UnityEngine.Bindings.ManagedSpanWrapper&,intptr)
0x0000021561ece573 (Mono JIT Code) UnityEngine.DebugLogHandler:Internal_Log (UnityEngine.LogType,UnityEngine.LogOption,string,UnityEngine.Object)
0x0000021561ece22b (Mono JIT Code) UnityEngine.DebugLogHandler:LogFormat (UnityEngine.LogType,UnityEngine.Object,string,object[])
0x0000021561ecd6ae (Mono JIT Code) UnityEngine.Logger:Log (UnityEngine.LogType,object)
0x0000021561ecd34d (Mono JIT Code) UnityEngine.Debug:Log (object)
0x00000215715d7e3b (Mono JIT Code) ScaffoldDriftChecker:Verify (System.Collections.Generic.IEnumerable`1<string>) (at D:/Projects/MindAttic/GridGame2026/Assets/Editor/ScaffoldDriftChecker.cs:83)
0x00000215715d7253 (Mono JIT Code) CliEntryPoints/<>c:<CheckAllGuardrails>b__19_4 () (at D:/Projects/MindAttic/GridGame2026/Assets/Editor/CliEntryPoints.cs:412)
0x0000021561eccd05 (Mono JIT Code) CliEntryPoints:<CheckAllGuardrails>g__Run|19_0 (string,System.Func`1<int>,CliEntryPoints/<>c__DisplayClass19_0&) (at D:/Projects/MindAttic/GridGame2026/Assets/Editor/CliEntryPoints.cs:397)
0x0000021561ecc3ab (Mono JIT Code) CliEntryPoints:CheckAllGuardrails () (at D:/Projects/MindAttic/GridGame2026/Assets/Editor/CliEntryPoints.cs:412)
0x00000214cc044d65 (Mono JIT Code) (wrapper runtime-invoke) object:runtime_invoke_void (object,intptr,intptr,intptr)
0x00007ff935a46bfe (mono-2.0-bdwgc) mono_jit_runtime_invoke (at C:/build/output/Unity-Technologies/mono/mono/mini/mini-runtime.c:3445)
0x00007ff935988984 (mono-2.0-bdwgc) do_runtime_invoke (at C:/build/output/Unity-Technologies/mono/mono/metadata/object.c:3068)
0x00007ff935988a70 (mono-2.0-bdwgc) mono_runtime_invoke (at C:/build/output/Unity-Technologies/mono/mono/metadata/object.c:3115)
0x00007ff92c465064 (Unity) scripting_method_invoke
0x00007ff92c46bf23 (Unity) ScriptingInvocation::Invoke
0x00007ff92cc9444a (Unity) Application::ParseARGVCommands
0x00007ff92cc8a439 (Unity) Application::FinishLoadingProject
0x00007ff92ca85a6c (Unity) UnityMain
0x00007ff7c7f72f2a (Unity) __scrt_common_main_seh
0x00007ffb19f6e8d7 (KERNEL32) BaseThreadInitThunk
0x00007ffb1b5cc3fc (ntdll) RtlUserThreadStart

[ScaffoldDrift] All scenes clean.
0x00007ff92bc2fd3e (Unity) StackWalker::ShowCallstack
0x00007ff92d45e919 (Unity) PlatformStacktrace::GetStacktrace
0x00007ff92d45f19e (Unity) Stacktrace::GetStacktrace
0x00007ff92bbe0d4f (Unity) DebugStringToFile
0x00007ff92ba99020 (Unity) DebugLogHandler_CUSTOM_Internal_Log
0x0000021561ece76e (Mono JIT Code) (wrapper managed-to-native) UnityEngine.DebugLogHandler:Internal_Log_Injected (UnityEngine.LogType,UnityEngine.LogOption,UnityEngine.Bindings.ManagedSpanWrapper&,intptr)
0x0000021561ece573 (Mono JIT Code) UnityEngine.DebugLogHandler:Internal_Log (UnityEngine.LogType,UnityEngine.LogOption,string,UnityEngine.Object)
0x0000021561ece22b (Mono JIT Code) UnityEngine.DebugLogHandler:LogFormat (UnityEngine.LogType,UnityEngine.Object,string,object[])
0x0000021561ecd6ae (Mono JIT Code) UnityEngine.Logger:Log (UnityEngine.LogType,object)
0x0000021561ecd34d (Mono JIT Code) UnityEngine.Debug:Log (object)
0x00000215715d7ff3 (Mono JIT Code) ScaffoldDriftChecker:Verify (System.Collections.Generic.IEnumerable`1<string>) (at D:/Projects/MindAttic/GridGame2026/Assets/Editor/ScaffoldDriftChecker.cs:88)
0x00000215715d7253 (Mono JIT Code) CliEntryPoints/<>c:<CheckAllGuardrails>b__19_4 () (at D:/Projects/MindAttic/GridGame2026/Assets/Editor/CliEntryPoints.cs:412)
0x0000021561eccd05 (Mono JIT Code) CliEntryPoints:<CheckAllGuardrails>g__Run|19_0 (string,System.Func`1<int>,CliEntryPoints/<>c__DisplayClass19_0&) (at D:/Projects/MindAttic/GridGame2026/Assets/Editor/CliEntryPoints.cs:397)
0x0000021561ecc3ab (Mono JIT Code) CliEntryPoints:CheckAllGuardrails () (at D:/Projects/MindAttic/GridGame2026/Assets/Editor/CliEntryPoints.cs:412)
0x00000214cc044d65 (Mono JIT Code) (wrapper runtime-invoke) object:runtime_invoke_void (object,intptr,intptr,intptr)
0x00007ff935a46bfe (mono-2.0-bdwgc) mono_jit_runtime_invoke (at C:/build/output/Unity-Technologies/mono/mono/mini/mini-runtime.c:3445)
0x00007ff935988984 (mono-2.0-bdwgc) do_runtime_invoke (at C:/build/output/Unity-Technologies/mono/mono/metadata/object.c:3068)
0x00007ff935988a70 (mono-2.0-bdwgc) mono_runtime_invoke (at C:/build/output/Unity-Technologies/mono/mono/metadata/object.c:3115)
0x00007ff92c465064 (Unity) scripting_method_invoke
0x00007ff92c46bf23 (Unity) ScriptingInvocation::Invoke
0x00007ff92cc9444a (Unity) Application::ParseARGVCommands
0x00007ff92cc8a439 (Unity) Application::FinishLoadingProject
0x00007ff92ca85a6c (Unity) UnityMain
0x00007ff7c7f72f2a (Unity) __scrt_common_main_seh
0x00007ffb19f6e8d7 (KERNEL32) BaseThreadInitThunk
0x00007ffb1b5cc3fc (ntdll) RtlUserThreadStart

[Cli] ── Summary ──────────────────────────────────────────
0x00007ff92bc2fd3e (Unity) StackWalker::ShowCallstack
0x00007ff92d45e919 (Unity) PlatformStacktrace::GetStacktrace
0x00007ff92d45f19e (Unity) Stacktrace::GetStacktrace
0x00007ff92bbe0d4f (Unity) DebugStringToFile
0x00007ff92ba99020 (Unity) DebugLogHandler_CUSTOM_Internal_Log
0x0000021561ece76e (Mono JIT Code) (wrapper managed-to-native) UnityEngine.DebugLogHandler:Internal_Log_Injected (UnityEngine.LogType,UnityEngine.LogOption,UnityEngine.Bindings.ManagedSpanWrapper&,intptr)
0x0000021561ece573 (Mono JIT Code) UnityEngine.DebugLogHandler:Internal_Log (UnityEngine.LogType,UnityEngine.LogOption,string,UnityEngine.Object)
0x0000021561ece22b (Mono JIT Code) UnityEngine.DebugLogHandler:LogFormat (UnityEngine.LogType,UnityEngine.Object,string,object[])
0x0000021561ecd6ae (Mono JIT Code) UnityEngine.Logger:Log (UnityEngine.LogType,object)
0x0000021561ecd34d (Mono JIT Code) UnityEngine.Debug:Log (object)
0x0000021561ecc3f3 (Mono JIT Code) CliEntryPoints:CheckAllGuardrails () (at D:/Projects/MindAttic/GridGame2026/Assets/Editor/CliEntryPoints.cs:414)
0x00000214cc044d65 (Mono JIT Code) (wrapper runtime-invoke) object:runtime_invoke_void (object,intptr,intptr,intptr)
0x00007ff935a46bfe (mono-2.0-bdwgc) mono_jit_runtime_invoke (at C:/build/output/Unity-Technologies/mono/mono/mini/mini-runtime.c:3445)
0x00007ff935988984 (mono-2.0-bdwgc) do_runtime_invoke (at C:/build/output/Unity-Technologies/mono/mono/metadata/object.c:3068)
0x00007ff935988a70 (mono-2.0-bdwgc) mono_runtime_invoke (at C:/build/output/Unity-Technologies/mono/mono/metadata/object.c:3115)
0x00007ff92c465064 (Unity) scripting_method_invoke
0x00007ff92c46bf23 (Unity) ScriptingInvocation::Invoke
0x00007ff92cc9444a (Unity) Application::ParseARGVCommands
0x00007ff92cc8a439 (Unity) Application::FinishLoadingProject
0x00007ff92ca85a6c (Unity) UnityMain
0x00007ff7c7f72f2a (Unity) __scrt_common_main_seh
0x00007ffb19f6e8d7 (KERNEL32) BaseThreadInitThunk
0x00007ffb1b5cc3fc (ntdll) RtlUserThreadStart

[Cli] CheckAllGuardrails: OK — every guardrail clean.
0x00007ff92bc2fd3e (Unity) StackWalker::ShowCallstack
0x00007ff92d45e919 (Unity) PlatformStacktrace::GetStacktrace
0x00007ff92d45f19e (Unity) Stacktrace::GetStacktrace
0x00007ff92bbe0d4f (Unity) DebugStringToFile
0x00007ff92ba99020 (Unity) DebugLogHandler_CUSTOM_Internal_Log
0x0000021561ece76e (Mono JIT Code) (wrapper managed-to-native) UnityEngine.DebugLogHandler:Internal_Log_Injected (UnityEngine.LogType,UnityEngine.LogOption,UnityEngine.Bindings.ManagedSpanWrapper&,intptr)
0x0000021561ece573 (Mono JIT Code) UnityEngine.DebugLogHandler:Internal_Log (UnityEngine.LogType,UnityEngine.LogOption,string,UnityEngine.Object)
0x0000021561ece22b (Mono JIT Code) UnityEngine.DebugLogHandler:LogFormat (UnityEngine.LogType,UnityEngine.Object,string,object[])
0x0000021561ecd6ae (Mono JIT Code) UnityEngine.Logger:Log (UnityEngine.LogType,object)
0x0000021561ecd34d (Mono JIT Code) UnityEngine.Debug:Log (object)
0x0000021561ecc4ab (Mono JIT Code) CliEntryPoints:CheckAllGuardrails () (at D:/Projects/MindAttic/GridGame2026/Assets/Editor/CliEntryPoints.cs:416)
0x00000214cc044d65 (Mono JIT Code) (wrapper runtime-invoke) object:runtime_invoke_void (object,intptr,intptr,intptr)
0x00007ff935a46bfe (mono-2.0-bdwgc) mono_jit_runtime_invoke (at C:/build/output/Unity-Technologies/mono/mono/mini/mini-runtime.c:3445)
0x00007ff935988984 (mono-2.0-bdwgc) do_runtime_invoke (at C:/build/output/Unity-Technologies/mono/mono/metadata/object.c:3068)
0x00007ff935988a70 (mono-2.0-bdwgc) mono_runtime_invoke (at C:/build/output/Unity-Technologies/mono/mono/metadata/object.c:3115)
0x00007ff92c465064 (Unity) scripting_method_invoke
0x00007ff92c46bf23 (Unity) ScriptingInvocation::Invoke
0x00007ff92cc9444a (Unity) Application::ParseARGVCommands
0x00007ff92cc8a439 (Unity) Application::FinishLoadingProject
0x00007ff92ca85a6c (Unity) UnityMain
0x00007ff7c7f72f2a (Unity) __scrt_common_main_seh
0x00007ffb19f6e8d7 (KERNEL32) BaseThreadInitThunk
0x00007ffb1b5cc3fc (ntdll) RtlUserThreadStart

Clearing [LiberationSans SDF - Fallback] dynamic font asset data.
0x00007ff92bc2fd3e (Unity) StackWalker::ShowCallstack
0x00007ff92d45e919 (Unity) PlatformStacktrace::GetStacktrace
0x00007ff92d45f19e (Unity) Stacktrace::GetStacktrace
0x00007ff92bbe0d4f (Unity) DebugStringToFile
0x00007ff92ba99020 (Unity) DebugLogHandler_CUSTOM_Internal_Log
0x0000021561ece76e (Mono JIT Code) (wrapper managed-to-native) UnityEngine.DebugLogHandler:Internal_Log_Injected (UnityEngine.LogType,UnityEngine.LogOption,UnityEngine.Bindings.ManagedSpanWrapper&,intptr)
0x0000021561ece573 (Mono JIT Code) UnityEngine.DebugLogHandler:Internal_Log (UnityEngine.LogType,UnityEngine.LogOption,string,UnityEngine.Object)
0x0000021561ece22b (Mono JIT Code) UnityEngine.DebugLogHandler:LogFormat (UnityEngine.LogType,UnityEngine.Object,string,object[])
0x0000021561ecd6ae (Mono JIT Code) UnityEngine.Logger:Log (UnityEngine.LogType,object)
0x0000021561ecd34d (Mono JIT Code) UnityEngine.Debug:Log (object)
0x00000215916cdfab (Mono JIT Code) TMPro.EditorEventCallbacks/<>c:<InitializeFontAssetResourceChangeCallBacks>b__0_0 () (at ./Library/PackageCache/com.unity.ugui@52e65280e89e/Editor/TMP/TMP_EditorResourceManager.cs:36)
0x00000215916cd718 (Mono JIT Code) UnityEditor.EditorApplication:Internal_EditorApplicationQuit ()
0x00000214aae957a5 (Mono JIT Code) (wrapper runtime-invoke) object:runtime_invoke_void (object,intptr,intptr,intptr)
0x00007ff935a46bfe (mono-2.0-bdwgc) mono_jit_runtime_invoke (at C:/build/output/Unity-Technologies/mono/mono/mini/mini-runtime.c:3445)
0x00007ff935988984 (mono-2.0-bdwgc) do_runtime_invoke (at C:/build/output/Unity-Technologies/mono/mono/metadata/object.c:3068)
0x00007ff935988a70 (mono-2.0-bdwgc) mono_runtime_invoke (at C:/build/output/Unity-Technologies/mono/mono/metadata/object.c:3115)
0x00007ff92c465064 (Unity) scripting_method_invoke
0x00007ff92c46bf23 (Unity) ScriptingInvocation::Invoke
0x00007ff92c4674c5 (Unity) ScriptingInvocation::Invoke<void>
0x00007ff92ca503ab (Unity) Scripting::UnityEditor::EditorApplicationProxy::Internal_EditorApplicationQuit
0x00007ff92cc86a03 (Unity) Application::CoreShutdown
0x00007ff92cc9a001 (Unity) Application::Terminate
0x00007ff92cc88aab (Unity) Application::Exit
0x00007ff92c927d2e (Unity) EditorApplication_CUSTOM_Exit
0x00000215916ccf52 (Mono JIT Code) (wrapper managed-to-native) UnityEditor.EditorApplication:Exit (int)
0x0000021561ecc663 (Mono JIT Code) CliEntryPoints:CheckAllGuardrails () (at D:/Projects/MindAttic/GridGame2026/Assets/Editor/CliEntryPoints.cs:420)
0x00000214cc044d65 (Mono JIT Code) (wrapper runtime-invoke) object:runtime_invoke_void (object,intptr,intptr,intptr)
0x00007ff935a46bfe (mono-2.0-bdwgc) mono_jit_runtime_invoke (at C:/build/output/Unity-Technologies/mono/mono/mini/mini-runtime.c:3445)
0x00007ff935988984 (mono-2.0-bdwgc) do_runtime_invoke (at C:/build/output/Unity-Technologies/mono/mono/metadata/object.c:3068)
0x00007ff935988a70 (mono-2.0-bdwgc) mono_runtime_invoke (at C:/build/output/Unity-Technologies/mono/mono/metadata/object.c:3115)
0x00007ff92c465064 (Unity) scripting_method_invoke
0x00007ff92c46bf23 (Unity) ScriptingInvocation::Invoke
0x00007ff92cc9444a (Unity) Application::ParseARGVCommands
0x00007ff92cc8a439 (Unity) Application::FinishLoadingProject
0x00007ff92ca85a6c (Unity) UnityMain
0x00007ff7c7f72f2a (Unity) __scrt_common_main_seh
0x00007ffb19f6e8d7 (KERNEL32) BaseThreadInitThunk
0x00007ffb1b5cc3fc (ntdll) RtlUserThreadStart

Killing ADB server in 0.0434228 seconds.
Start importing Assets/TextMesh Pro/Resources/Fonts & Materials/LiberationSans SDF - Fallback.asset using Guid(2e498d1c8094910479dc3e1b768306a4) (NativeFormatImporter) -> (artifact id: 'b3bf09bfd5277b2d3898d733a77cf4e8') in 0.0082161 seconds
Refreshing native plugins compatible for Editor in 2.94 ms, found 5 plugins.
Preloading 0 native plugins for Editor in 0.00 ms.
Asset Pipeline Refresh (id=55d9eb79a6e0e92448a1117d7f11795d): Total: 0.294 seconds - Initiated by StopAssetImportingV2(NoUpdateAssetOptions)
[Physics::Module] Cleanup current backend.
[Physics::Module] Id: 0xf2b8ea05
Input System module state changed to: ShutdownInProgress.
Input System polling thread exited.
Input System module state changed to: Shutdown.
[Licensing::IpcConnector] LicenseClient-ryand-notifications channel disconnected successfully.
[Licensing::IpcConnector] LicenseClient-ryand channel disconnected successfully.
AcceleratorClientConnectionCallback - disconnected - :0
Cleanup mono
abort_threads: Failed aborting id: 0000000000001FF8, mono_thread_manage will ignore it

abort_threads: Failed aborting id: 00000000000107D4, mono_thread_manage will ignore it

abort_threads: Failed aborting id: 0000000000001FF8, mono_thread_manage will ignore it

abort_threads: Failed aborting id: 00000000000107D4, mono_thread_manage will ignore it

debugger-agent: Unable to listen on 3504
[usbmuxd] Stop listen thread
[usbmuxd] Error: 
[usbmuxd] Listen thread exiting
[usbmuxd] Stop listen thread
[usbmuxd] Error: 
[usbmuxd] Listen thread exiting
Checking for leaked weakptr:
  Found no leaked weakptrs.
[Package Manager] Server process was shutdown
##utp:{"type":"MemoryLeaks","version":2,"phase":"Immediate","time":1776776090222,"processId":74216,"allocatedMemory":27337311,"memoryLabels":[{"Default":29313},{"Permanent":15524},{"NewDelete":67843},{"Thread":4230344},{"Manager":36957},{"VertexData":8},{"Geometry":816},{"Texture":160},{"Shader":79358},{"Material":24},{"GfxDevice":55257},{"Animation":392},{"Audio":2664},{"FontEngine":256},{"Physics":2090},{"Physics2D":16},{"Input":14984},{"JobScheduler":33024},{"TextLib":192},{"Mono":32},{"MonoCode":64},{"ScriptingNativeRuntime":155060},{"BaseObject":1620912},{"Resource":1336},{"Renderer":3000},{"Transform":4685},{"File":41962},{"WebCam":616},{"Culling":32},{"Terrain":11394},{"Wind":24},{"STL":40},{"String":13922},{"DynamicArray":132763},{"HashMap":84041},{"Utility":2661766},{"Curl":2559},{"PoolAlloc":2152},{"AI":40},{"TypeTree":5341},{"ScriptManager":512},{"RuntimeInitializeOnLoadManager":64},{"SpriteAtlas":112},{"GI":7792},{"Director":8240},{"CloudService":6480},{"WebRequest":808},{"VR":47994},{"SceneManager":504},{"Video":64},{"LazyScriptCache":32},{"Camera":17},{"Secure":2113},{"SerializationCache":1576},{"APIUpdating":10320},{"Subsystems":336},{"VirtualTexturing":57888},{"StaticSafetyDebugInfo":278528},{"Analytics":384},{"Hierarchy":608},{"CoreStats":13000},{"Identifiers":12960},{"Gui":88},{"EditorUtility":142858},{"VersionControl":4},{"Undo":947},{"AssetDatabase":17387142},{"EditorGi":328},{"UnityConnect":29208},{"Upm":1896},{"AssetCompliance":64},{"DrivenProperties":72},{"LocalIPC":211},{"ProfilerEditor":9746},{"CoreBusinessMetrics":2876},{"Licensing":664},{"AssetReference":32},{"IPCStream":32}]}
~StackAllocator(ALLOC_TEMP_MAIN) m_LastAlloc not NULL. Did you forget to call FreeAllStackAllocations()? To get more information, run app with -diag-temp-memory-leak-validation cmd line argument
RtlLookupFunctionEntry returned NULL function. Aborting stack walk.
0x00007ff92bc2fd3e (Unity) StackWalker::ShowCallstack
0x00007ff92d45e919 (Unity) PlatformStacktrace::GetStacktrace
0x00007ff92d45f19e (Unity) Stacktrace::GetStacktrace
0x00007ff92bbe0d4f (Unity) DebugStringToFile
0x00007ff92bbe088e (Unity) AssertImplementation
0x00007ff92d448c08 (Unity) StackAllocator<0>::`vector deleting destructor'
0x00007ff92d436fad (Unity) TLSAllocator<0>::ThreadCleanup
0x00007ff92d445eac (Unity) MemoryManager::ThreadCleanup
0x00007ff92c3376f9 (Unity) RuntimeCleanup
0x00007ff92f1f2a79 (Unity) <lambda_f03950bc5685219e0bcd2087efbe011e>::operator()
0x00007ff92f1f281d (Unity) __crt_seh_guarded_call<int>::operator()<<lambda_7777bce6b2f8c936911f934f8298dc43>,<lambda_f03950bc5685219e0bcd2087efbe011e> &,<lambda_3883c3dff614d5e0c5f61bb1ac94921c> >
0x00007ff92f1f2b51 (Unity) execute_onexit_table
0x00007ff92f1d874d (Unity) <lambda_6e4b09c48022b2350581041d5f6b0c4c>::operator()
0x00007ff92f1d86c1 (Unity) __crt_seh_guarded_call<void>::operator()<<lambda_d80eeec6fff315bfe5c115232f3240e3>,<lambda_6e4b09c48022b2350581041d5f6b0c4c> &,<lambda_2358e3775559c9db80273638284d5e45> >
0x00007ff92f1d884b (Unity) common_exit
0x00007ff92cc88abe (Unity) Application::Exit
0x00007ff92c927d2e (Unity) EditorApplication_CUSTOM_Exit
0x00000215916ccf52 ((<unknown>)) 
<Missing stacktrace information>

